id,slug,titolare,n_dataset,scoring,pct,findability,accessibility,interoperability,reusability,contextuality,n_nomi,in_ipa,ipa_nome,ipa_prov,ipa_reg
anci,,Anci - Associazione Nazionale Comuni Italiani,1,405.0,100.0,100.0,100.0,110.0,75.0,20.0,1,1,Associazione Nazionale Dei Comuni Italiani,RM,Lazio
ucp_ar,,Unione dei Comuni del Pratomagno,3,405.0,100.0,100.0,100.0,110.0,75.0,20.0,1,1,Unione dei Comuni del Pratomagno,AR,Toscana
inps,,Istituto Nazionale di Previdenza Sociale,2438,398.27,98.34,100.0,99.97,103.31,75.0,20.0,2,1,Istituto Nazionale Previdenza Sociale - INPS,RM,Lazio
c_l400,,Comune di Treviglio,44,398.18,98.32,100.0,94.55,108.64,75.0,20.0,1,1,Comune di Treviglio,BG,Lombardia
iacp_ba,,Arca - Puglia Centrale,4,395.0,97.53,100.0,100.0,100.0,75.0,20.0,1,1,Agenzia Regionale per la Casa e l'Abitare - Arca - Puglia Centrale,BA,Puglia
unical,,Università della Calabria,5,393.0,97.04,100.0,100.0,98.0,75.0,20.0,1,1,Università della Calabria,CS,Calabria
c_h901,,Comune di San Giovanni Valdarno,16,390.86,96.51,100.0,100.0,95.86,75.0,20.0,1,1,Comune di San Giovanni Valdarno,AR,Toscana
c_i804,,Comune di Sulmona,12,388.33,95.88,100.0,100.0,93.33,75.0,20.0,1,1,Comune di Sulmona,AQ,Abruzzo
c_d735,,Comune di Fosdinovo,15,387.35,95.64,100.0,100.0,92.35,75.0,20.0,1,1,Comune di Fosdinovo,MS,Toscana
atsbs,,Agenzia di Tutela della Salute di Brescia,10,387.0,95.56,100.0,100.0,92.0,75.0,20.0,1,1,Agenzia di Tutela della Salute di Brescia,BS,Lombardia
asl_vvta,,ASL TARANTO,15,386.33,95.39,100.0,100.0,91.33,75.0,20.0,1,1,Azienda Sanitaria Locale di Taranto,TA,Puglia
c_l537,,Comune di Vaiano,18,385.0,95.06,100.0,100.0,90.0,75.0,20.0,1,1,Comune di Vaiano,PO,Toscana
dmdapy,,Città metropolitana di Torino,4,385.0,95.06,100.0,100.0,90.0,75.0,20.0,1,0,,,
c_d208,,Comune di Cuorgnè,1,385.0,95.06,100.0,100.0,90.0,75.0,20.0,1,1,Comune di Cuorgne',TO,Piemonte
mr,,Unione dei Comuni valdostani Mont-Rose,3,385.0,95.06,100.0,100.0,90.0,75.0,20.0,1,1,Unione Dei Comuni Valdostani Mont-Rose,AO,Valle d'Aosta/Vallée d'Aoste
r_piemont,,Regione Piemonte,5,385.0,95.06,100.0,100.0,90.0,75.0,20.0,1,0,,,
arlpa,,ARPAL,6,385.0,95.06,100.0,100.0,90.0,75.0,20.0,1,1,Agenzia Regionale per Le Politiche Attive del Lavoro - Arpal Puglia,BA,Puglia
c_i829,,Comune di Sondrio,16,385.0,95.06,100.0,100.0,90.0,75.0,20.0,1,1,Comune di Sondrio,SO,Lombardia
kh5rhfcv,,MUR,69,385.0,95.06,100.0,100.0,90.0,75.0,20.0,1,1,MINISTERO DELL'UNIVERSITA' E DELLA RICERCA,RM,Lazio
c_l727,,Comune di Venaria Reale,3,385.0,95.06,100.0,100.0,90.0,75.0,20.0,1,1,Comune di Venaria Reale,TO,Piemonte
c_e879,,Comune di Mandello del Lario,1,385.0,95.06,100.0,100.0,90.0,75.0,20.0,1,1,Comune di Mandello del Lario,LC,Lombardia
c_h183,,Comune di Rapallo,8,385.0,95.06,100.0,100.0,90.0,75.0,20.0,1,1,Comune di Rapallo,GE,Liguria
01796490744,,GAL Terra dei Messapi,3,385.0,95.06,100.0,100.0,90.0,75.0,20.0,1,0,,,
c_e020,,Comune di Giaveno,5,385.0,95.06,100.0,100.0,90.0,75.0,20.0,1,1,Comune di Giaveno,TO,Piemonte
c_e047,,Comune di Giovinazzo,4,385.0,95.06,100.0,100.0,90.0,75.0,20.0,1,1,Comune di Giovinazzo,BA,Puglia
c_f916,,Comune di Nociglia,3,385.0,95.06,100.0,100.0,90.0,75.0,20.0,1,1,Comune di Nociglia,LE,Puglia
c_g997,,Comune di Pratiglione,1,385.0,95.06,100.0,100.0,90.0,75.0,20.0,1,1,Comune di Pratiglione,TO,Piemonte
uni_bo,,Alma Mater Studiorum - University of Bologna,2,385.0,95.06,100.0,100.0,90.0,75.0,20.0,2,1,Alma Mater Studiorum - Universita' di Bologna,BO,Emilia-Romagna
cm_valtetir,,Comunità Montana Valtellina di Tirano,11,385.0,95.06,100.0,100.0,90.0,75.0,20.0,1,1,COMUNITA' MONTANA VALTELLINA DI TIRANO,SO,Lombardia
c_b946,,Comune di Casavatore,1,385.0,95.06,100.0,100.0,90.0,75.0,20.0,1,1,Comune di Casavatore,NA,Campania
c_f410,,Comune di Montale,3,385.0,95.06,100.0,100.0,90.0,75.0,20.0,1,1,Comune di Montale,PT,Toscana
asl_br,,ASL BRINDISI,1,385.0,95.06,100.0,100.0,90.0,75.0,20.0,1,1,Azienda Sanitaria Locale di Brindisi,BR,Puglia
atsin,,Agenzia di Tutela della Salute dell'Insubria,10,385.0,95.06,100.0,100.0,90.0,75.0,20.0,1,1,Agenzia di Tutela della Salute dell'Insubria,VA,Lombardia
p_vr,,Provincia di Verona,3,385.0,95.06,100.0,100.0,90.0,75.0,20.0,1,1,Provincia di Verona,VR,Veneto
bmspa,,Brescia Mobilita' Spa,3,385.0,95.06,100.0,100.0,90.0,75.0,20.0,1,1,Brescia Mobilita' Spa,BS,Lombardia
c_l750,,Città di Vercelli,3,385.0,95.06,100.0,100.0,90.0,75.0,20.0,1,1,Comune di Vercelli,VC,Piemonte
art,,Autorità di regolazione dei trasporti,32,385.0,95.06,100.0,100.0,90.0,75.0,20.0,1,1,Autorita' di Regolazione Dei Trasporti,TO,Piemonte
c_d223,,Comune di Cursi,4,385.0,95.06,100.0,100.0,90.0,75.0,20.0,1,1,Comune di Cursi,LE,Puglia
c_l172,,Comune di Santa Cesarea Terme,4,385.0,95.06,100.0,100.0,90.0,75.0,20.0,1,1,Comune di Santa Cesarea Terme,LE,Puglia
p_ag,,Libero Consorzio Comunale di Agrigento,11,385.0,95.06,100.0,100.0,90.0,75.0,20.0,1,1,Libero Consorzio Comunale di Agrigento,AG,Sicilia
c_l304,,Comune di Tortona,3,385.0,95.06,100.0,100.0,90.0,75.0,20.0,1,1,Comune di Tortona,AL,Piemonte
cmto,,Città metropolitana di Torino,67,385.0,95.06,100.0,100.0,90.0,75.0,20.0,1,1,Citta' Metropolitana di Torino,TO,Piemonte
c_f280,,Comune di Mola di Bari,5,385.0,95.06,100.0,100.0,90.0,75.0,20.0,1,1,Comune di Mola di Bari,BA,Puglia
c_f221,,Comune di Minervino di Lecce,5,385.0,95.06,100.0,100.0,90.0,75.0,20.0,1,1,Comune di Minervino di Lecce,LE,Puglia
cmvi,,Comunità Montana Valle Imagna,3,385.0,95.06,100.0,100.0,90.0,75.0,20.0,1,1,Comunita' Montana Valle Imagna,BG,Lombardia
c_c529,,Comune di Cerreto Guidi,5,385.0,95.06,100.0,100.0,90.0,75.0,20.0,1,1,Comune di Cerreto Guidi,FI,Toscana
c_f831,,Comune di Pineto,4,385.0,95.06,100.0,100.0,90.0,75.0,20.0,1,1,Comune di Pineto,TE,Abruzzo
c_i452,,Comune di Sassari,23,385.0,95.06,100.0,100.0,90.0,75.0,20.0,1,1,Comune di Sassari,SS,Sardegna
c_e335,,Comune di Isernia,8,385.0,95.06,100.0,100.0,90.0,75.0,20.0,1,1,Comune di Isernia,IS,Molise
c_d600,,Comune di Finale Ligure,2,385.0,95.06,100.0,100.0,90.0,75.0,20.0,1,1,Comune di Finale Ligure,SV,Liguria
c_l571,,Comune di Valenzano,5,385.0,95.06,100.0,100.0,90.0,75.0,20.0,1,1,Comune di Valenzano,BA,Puglia
c_f585,,Comune di Roseto degli Abruzzi,5,385.0,95.06,100.0,100.0,90.0,75.0,20.0,1,1,Comune di Roseto Degli Abruzzi,TE,Abruzzo
c_m187,,Comune di Zollino,3,385.0,95.06,100.0,100.0,90.0,75.0,20.0,1,1,Comune di Zollino,LE,Puglia
c_b492,,Comune di Campagna,6,385.0,95.06,100.0,100.0,90.0,75.0,20.0,1,1,Comune di Campagna,SA,Campania
c_b675,,Comune di Capoterra,13,385.0,95.06,100.0,100.0,90.0,75.0,20.0,1,1,Comune di Capoterra,CA,Sardegna
c_a359,,Comune di Arbus,3,385.0,95.06,100.0,100.0,90.0,75.0,20.0,1,1,Comune di Arbus,VS,Sardegna
c_l219,,Comune di Rivalta di Torino,1,385.0,95.06,100.0,100.0,90.0,75.0,20.0,1,1,Comune di Torino,TO,Piemonte
uni_pv,,Università degli Studi di Pavia,2,385.0,95.06,100.0,100.0,90.0,75.0,20.0,1,1,Universita' degli Studi di Pavia,PV,Lombardia
01582480537,,Attivarti.org,1,385.0,95.06,100.0,100.0,90.0,75.0,20.0,1,0,,,
msbcs,,Messinaservizi Bene Comune S.p.A.,3,385.0,95.06,100.0,100.0,90.0,75.0,20.0,1,1,Messina Servizi Bene Comune Spa,ME,Sicilia
c_l010,,Comune di Surano,3,385.0,95.06,100.0,100.0,90.0,75.0,20.0,1,1,Comune di Surano,LE,Puglia
c_h793,,Comune di San Cesario di Lecce,1,385.0,95.06,100.0,100.0,90.0,75.0,20.0,1,1,Comune di San Cesario di Lecce,LE,Puglia
c_a944,,Comune di Bologna,699,385.0,95.06,100.0,100.0,90.0,75.0,20.0,23,1,Comune di Bologna,BO,Emilia-Romagna
c_f117,,Comune di Melpignano,8,385.0,95.06,100.0,100.0,90.0,75.0,20.0,1,1,Comune di Melpignano,LE,Puglia
c_a479,,Comune di Asti,27,385.0,95.06,100.0,100.0,90.0,75.0,20.0,1,1,Comune di Asti,AT,Piemonte
c_l746,,Comune di Verbania,3,385.0,95.06,100.0,100.0,90.0,75.0,20.0,1,1,Comune di Verbania,VB,Piemonte
c_d761,,Comune di Francavilla Fontana,2,385.0,95.06,100.0,100.0,90.0,75.0,20.0,1,1,Comune di Francavilla Fontana,BR,Puglia
p_ro,,Provincia di Rovigo,15,385.0,95.06,100.0,100.0,90.0,75.0,20.0,1,1,Provincia di Rovigo,RO,Veneto
c_f152,,Comune di Mesagne,8,385.0,95.06,100.0,100.0,90.0,75.0,20.0,1,1,Comune di Mesagne,BR,Puglia
arltl_0,,ARTI Puglia,13,385.0,95.06,100.0,100.0,90.0,75.0,20.0,1,1,Agenzia Regionale per La Tecnologia e L'Innovazione della Regione Puglia,BA,Puglia
c_e805,,Comune di Magione,3,385.0,95.06,100.0,100.0,90.0,75.0,20.0,1,1,Comune di Magione,PG,Umbria
c_i754,,Comune di Siracusa,10,385.0,95.06,100.0,100.0,90.0,75.0,20.0,1,1,Comune di Siracusa,SR,Sicilia
asset,,ASSET Puglia,28,385.0,95.06,100.0,100.0,90.0,75.0,20.0,1,1,Agenzia Regionale Strategica per Lo Sviluppo Ecosostenibile del Territorio,BA,Puglia
c_l858,,Comune di Vieste,5,385.0,95.06,100.0,100.0,90.0,75.0,20.0,1,1,Comune di Vieste,FG,Puglia
c_h118,,Comune di Quartu Sant'Elena,11,385.0,95.06,100.0,100.0,90.0,75.0,20.0,1,1,Comune di Quartu Sant'Elena,CA,Sardegna
c_b584,,Comune di Candela,4,385.0,95.06,100.0,100.0,90.0,75.0,20.0,1,1,Comune di Candela,FG,Puglia
c_a638,,Comune di Barcellona Pozzo di Gotto,17,385.0,95.06,100.0,100.0,90.0,75.0,20.0,1,1,Comune di Barcellona Pozzo di Gotto,ME,Sicilia
c_l702,,Comune di Vecchiano,3,385.0,95.06,100.0,100.0,90.0,75.0,20.0,1,1,Comune di Vecchiano,PI,Toscana
p_bi,,Provincia di Biella,10,385.0,95.06,100.0,100.0,90.0,75.0,20.0,1,1,Provincia di Biella,BI,Piemonte
eanln_rm,,"ENEA - Agenzia Nazionale per Le Nuove Tecnologie, L'Energia e Lo Sviluppo Economico Sostenibile",18,385.0,95.06,100.0,100.0,90.0,75.0,20.0,1,1,"Enea Agenzia Nazionale per Le Nuove Tecnologie, L'Energia e Lo Sviluppo Economico Sostenibile",RM,Lazio
unite,,Università degli Studi di Teramo,11,385.0,95.06,100.0,100.0,90.0,75.0,20.0,1,1,Universita' degli Studi di Teramo,TE,Abruzzo
c_l115,,Comune di San Pietro in Lama,3,385.0,95.06,100.0,100.0,90.0,75.0,20.0,1,1,Comune di Ternate,VA,Lombardia
c_g674,,Comune di Pinerolo,17,385.0,95.06,100.0,100.0,90.0,75.0,20.0,1,1,Comune di Pinerolo,TO,Piemonte
c_a182,,Comune di Alessandria,7,385.0,95.06,100.0,100.0,90.0,75.0,20.0,2,1,Comune di Alessandria,AL,Piemonte
pm,,Politecnico di Milano,25,385.0,95.06,100.0,100.0,90.0,75.0,20.0,1,1,Politecnico di Milano,MI,Lombardia
astvp,,Agenzia di Tutela della Salute della Val Padana,13,385.0,95.06,100.0,100.0,90.0,75.0,20.0,1,1,Agenzia di Tutela della Salute della Val Padana,MN,Lombardia
izs_loer,,"Istituto Zooprofilattico Sperimentale della Lombardia e dell'Emilia Romagna ""Bruno Ubertini""",11,385.0,95.06,100.0,100.0,90.0,75.0,20.0,1,1,Istituto Zooprofilattico Sperimentale della Lombardia e dell'Emilia Romagna Bruno Ubertini,BS,Lombardia
ucve,,Unione dei Comuni valdostani Evancon,5,385.0,95.06,100.0,100.0,90.0,75.0,20.0,1,1,Unione Dei Comuni Valdostani Evancon,AO,Valle d'Aosta/Vallée d'Aoste
c_a125,,Comune di Alba Adriatica,4,385.0,95.06,100.0,100.0,90.0,75.0,20.0,1,1,Comune di Alba Adriatica,TE,Abruzzo
c_b791,,Comune di Carmagnola,3,385.0,95.06,100.0,100.0,90.0,75.0,20.0,1,1,Comune di Carmagnola,TO,Piemonte
c_a388,,Comune di Arenzano,10,385.0,95.06,100.0,100.0,90.0,75.0,20.0,1,1,Comune di Arenzano,GE,Liguria
c_f288,,Comune di Molinella,3,385.0,95.06,100.0,100.0,90.0,75.0,20.0,1,1,Comune di Molinella,BO,Emilia-Romagna
c_l842,,Comune di Vico del Gargano,3,385.0,95.06,100.0,100.0,90.0,75.0,20.0,1,1,Comune di Vico del Gargano,FG,Puglia
cciaa_me,,"Camera di Commercio, Industria, Artigianato e Agricoltura di Messina",1,385.0,95.06,100.0,100.0,90.0,75.0,20.0,1,1,"Camera di Commercio, Industria, Artigianato e Agricoltura di Messina",ME,Sicilia
c_m262,,Comune di Cellole,1,385.0,95.06,100.0,100.0,90.0,75.0,20.0,1,1,Comune di Cellole,CE,Campania
uni_por,,Università degli Studi del Piemonte Orientale,18,385.0,95.06,100.0,100.0,90.0,75.0,20.0,1,1,Universita' degli Studi del Piemonte Orientale,VC,Piemonte
c_e882,,Comune di Manduria,5,385.0,95.06,100.0,100.0,90.0,75.0,20.0,1,1,Comune di Manduria,TA,Puglia
p_al,,Provincia di Alessandria,44,385.0,95.06,100.0,100.0,90.0,75.0,20.0,1,1,Provincia di Alessandria,AL,Piemonte
c_i363,,Comune di Santo Stefano di Magra,8,385.0,95.06,100.0,100.0,90.0,75.0,20.0,1,1,Comune di Santo Stefano di Magra,SP,Liguria
z3n82q,,Città metropolitana di Torino,9,385.0,95.06,100.0,100.0,90.0,75.0,20.0,1,0,,,
c_a783,,Comune di Benevento,11,385.0,95.06,100.0,100.0,90.0,75.0,20.0,1,1,Comune di Benevento,BN,Campania
c_c309,,Comune di Castiglione del Lago,3,385.0,95.06,100.0,100.0,90.0,75.0,20.0,1,1,Comune di Castiglione del Lago,PG,Umbria
usucb,,Università degli Studi di Urbino Carlo Bo,13,385.0,95.06,100.0,100.0,90.0,75.0,20.0,1,1,Università degli Studi di Urbino Carlo Bo,PU,Marche
c_f194,,Comune di Miggiano,3,385.0,95.06,100.0,100.0,90.0,75.0,20.0,1,1,Comune di Miggiano,LE,Puglia
c_e472,,Comune di Latina,13,385.0,95.06,100.0,100.0,90.0,75.0,20.0,1,1,Comune di Latina,LT,Lazio
c_l113,,Comune di Termoli,5,385.0,95.06,100.0,100.0,90.0,75.0,20.0,1,1,Comune di Termoli,CB,Molise
c_g291,,Comune Palo Del Colle,5,385.0,95.06,100.0,100.0,90.0,75.0,20.0,1,1,Comune di Palo del Colle,BA,Puglia
c_f889,,Comune di Nichelino,15,385.0,95.06,100.0,100.0,90.0,75.0,20.0,1,1,Comune di Nichelino,TO,Piemonte
ciasm,,ASM Costruire Insieme,3,385.0,95.06,100.0,100.0,90.0,75.0,20.0,1,1,Asm Costruire Insieme,AL,Piemonte
arlpa_pa,,ARPA,12,385.0,95.06,100.0,100.0,90.0,75.0,20.0,1,1,Agenzia Regionale per la Protezione dell'Ambiente della Sicilia,PA,Sicilia
p_cz,,Provincia di Catanzaro,8,385.0,95.06,100.0,100.0,90.0,75.0,20.0,1,1,Provincia di Catanzaro,CZ,Calabria
c_c627,,Comune di Chieri,28,385.0,95.06,100.0,100.0,90.0,75.0,20.0,1,1,Comune di Chieri,TO,Piemonte
aspan,,ASP Ambito 9,8,385.0,95.06,100.0,100.0,90.0,75.0,20.0,1,1,Asp Ambito 9,AN,Marche
c_m122,,Comune di Volpiano,10,385.0,95.06,100.0,100.0,90.0,75.0,20.0,1,1,Comune di Volpiano,TO,Piemonte
asstom,,Azienda Socio Sanitaria Territoriale Ovest Milanese,22,385.0,95.06,100.0,100.0,90.0,75.0,20.0,1,1,Asst Ovest Milanese,MI,Lombardia
ires piemonte,,IRES PIEMONTE,1,385.0,95.06,100.0,100.0,90.0,75.0,20.0,1,0,,,
unstu_mc,,Università degli Studi di Macerata,9,385.0,95.06,100.0,100.0,90.0,75.0,20.0,1,1,Universita' Degli Studi di Macerata,MC,Marche
ires_pie,,IRES Piemonte,10,385.0,95.06,100.0,100.0,90.0,75.0,20.0,1,1,Istituto Ricerche Economico Sociali del Piemonte,TO,Piemonte
c_i703,,Comune di Settimo Torinese,6,385.0,95.06,100.0,100.0,90.0,75.0,20.0,1,1,Comune di Settimo Torinese,TO,Piemonte
c_b019,,Comune di Borgomanero,10,385.0,95.06,100.0,100.0,90.0,75.0,20.0,1,1,Comune di Borgomanero,NO,Piemonte
c_h096,,Città di Putignano,3,385.0,95.06,100.0,100.0,90.0,75.0,20.0,1,1,Comune di Putignano,BA,Puglia
udcvvmb,,Unione dei Comuni valdostani Valdigne-Mont-Blanc,5,385.0,95.06,100.0,100.0,90.0,75.0,20.0,1,1,Unione dei Comuni Valdostani Valdigne-Mont-Blanc,AO,Valle d'Aosta/Vallée d'Aoste
c_c852xf,,Unione Pedemontana Parmense,3,385.0,95.06,100.0,100.0,90.0,75.0,20.0,1,1,Unione Pedemontana Parmense,PR,Emilia-Romagna
c_f335,,Comune di Moncalieri,7,385.0,95.06,100.0,100.0,90.0,75.0,20.0,1,1,Comune di Moncalieri,TO,Piemonte
c_l122,,Comune di Terralba,3,385.0,95.06,100.0,100.0,90.0,75.0,20.0,1,1,Comune di Terralba,OR,Sardegna
c_e053,,Comune di Giuggianello,4,385.0,95.06,100.0,100.0,90.0,75.0,20.0,1,1,Comune di Giuggianello,LE,Puglia
c_l066,,Comune di Tavagnasco,1,385.0,95.06,100.0,100.0,90.0,75.0,20.0,1,1,Comune di Tavagnasco,TO,Piemonte
c_d872,,Comune di Galliate,6,385.0,95.06,100.0,100.0,90.0,75.0,20.0,1,1,Comune di Galliate,NO,Piemonte
agcm_,,Autorità garante della concorrenza e del mercato,55,385.0,95.06,100.0,100.0,90.0,75.0,20.0,2,1,Autorita Garante della Concorrenza e del Mercato,RM,Lazio
goolcd,,Camera di commercio di Torino,8,385.0,95.06,100.0,100.0,90.0,75.0,20.0,1,0,,,
arlfa,,"Agenzia regionale per il lavoro, la formazione e l'accreditamento",3,385.0,95.06,100.0,100.0,90.0,75.0,20.0,1,1,"Agenzia regionale per il lavoro, la formazione e l'accreditamento",GE,Liguria
a13_f952,,ASL Novara,6,385.0,95.06,100.0,100.0,90.0,75.0,20.0,1,1,Azienda Sanitaria Locale NO,NO,Piemonte
c_l008,,Comune di Supersano,3,385.0,95.06,100.0,100.0,90.0,75.0,20.0,1,1,Comune di Supersano,LE,Puglia
c_l887,,Comune di Specchia,6,385.0,95.06,100.0,100.0,90.0,75.0,20.0,1,1,Comune di Specchia,LE,Puglia
uni_ct,,Universita' degli Studi di Catania,30,385.0,95.06,100.0,100.0,90.0,75.0,20.0,1,1,Universita' degli Studi di Catania,CT,Sicilia
ufozkz,,Comune di Saluzzo,8,385.0,95.06,100.0,100.0,90.0,75.0,20.0,1,0,,,
c_e463,,Comune di La Spezia,6,385.0,95.06,100.0,100.0,90.0,75.0,20.0,1,1,Comune di La Spezia,SP,Liguria
pusv,,Puglia Sviluppo SpA,8,385.0,95.06,100.0,100.0,90.0,75.0,20.0,1,1,Puglia Sviluppo S.P.A.,BA,Puglia
conbimte,,Consorzio BIM Vomano Tordino di Teramo,7,385.0,95.06,100.0,100.0,90.0,75.0,20.0,1,1,Consorzio BIM Vomano Tordino di Teramo,TE,Abruzzo
c_c869,,Comune di Collesalvetti,17,385.0,95.06,100.0,100.0,90.0,75.0,20.0,1,1,Comune di Collesalvetti,LI,Toscana
c_g712,,Comune di Pisticci,8,385.0,95.06,100.0,100.0,90.0,75.0,20.0,1,1,Comune di Pisticci,MT,Basilicata
r_piemon,,Regione Piemonte,550,385.0,95.06,100.0,100.0,90.0,75.0,20.0,1,1,Regione Piemonte,TO,Piemonte
adisu,,Adisu,12,385.0,95.06,100.0,100.0,90.0,75.0,20.0,1,1,Agenzia per Il Diritto allo Studio Universitario di Puglia,BA,Puglia
c_b285,,Comune di Busca ,5,385.0,95.06,100.0,100.0,90.0,75.0,20.0,1,1,Comune di Busca,CN,Piemonte
uni_fe,,Università degli Studi di Ferrara,23,385.0,95.06,100.0,100.0,90.0,75.0,20.0,1,1,Universita' degli studi di Ferrara,FE,Emilia-Romagna
p_is,,Provincia di Isernia,5,385.0,95.06,100.0,100.0,90.0,75.0,20.0,1,1,Provincia di Isernia,IS,Molise
apmes,,Autorità di Sistema Portuale dello Stretto,1,385.0,95.06,100.0,100.0,90.0,75.0,20.0,1,1,Autorita' di Sistema portuale dello Stretto,ME,Sicilia
udct,,Unione dei Comuni del Trasimeno,7,385.0,95.06,100.0,100.0,90.0,75.0,20.0,1,1,Unione Dei Comuni del Trasimeno,PG,Umbria
c_e156,,Comune di Gravina di Catania,10,385.0,95.06,100.0,100.0,90.0,75.0,20.0,1,1,Comune di Gravina di Catania,CT,Sicilia
c_i048,,Comune di Sannazzaro De' Burgondi,4,385.0,95.06,100.0,100.0,90.0,75.0,20.0,1,1,Comune di Sannazzaro De' Burgondi,PV,Lombardia
ait_048,,Autorità Idrica Toscana,12,385.0,95.06,100.0,100.0,90.0,75.0,20.0,1,1,Autorita Idrica Toscana,FI,Toscana
ipres,,IPRES,51,385.0,95.06,100.0,100.0,90.0,75.0,20.0,1,1,Istituto Pugliese di Ricerche Economiche e Sociali Ipres,BA,Puglia
udsa_,,Università degli Studi dell'Aquila,16,385.0,95.06,100.0,100.0,90.0,75.0,20.0,1,1,UNIVERSITA' DEGLI STUDI DELL'AQUILA,AQ,Abruzzo
c_a281,,Comune di Andrano,3,385.0,95.06,100.0,100.0,90.0,75.0,20.0,1,1,Comune di Andrano,LE,Puglia
c_e038,,Comune di Gioia del Colle,5,385.0,95.06,100.0,100.0,90.0,75.0,20.0,1,1,Comune di Gioia del Colle,BA,Puglia
c_a859,,Comune di Biella,7,385.0,95.06,100.0,100.0,90.0,75.0,20.0,1,1,Comune di Biella,BI,Piemonte
c_c990,,Comune di Corciano,6,385.0,95.06,100.0,100.0,90.0,75.0,20.0,1,1,Comune di Corciano,PG,Umbria
atsb,,Agenzia di Tutela della Salute di Bergamo,10,385.0,95.06,100.0,100.0,90.0,75.0,20.0,1,1,Agenzia di Tutela della Salute di Bergamo,BG,Lombardia
c_e630,,Comune di Lizzano,1,385.0,95.06,100.0,100.0,90.0,75.0,20.0,1,1,Comune di Lizzano,TA,Puglia
c_a453,,Comune di Arzachena,11,385.0,95.06,100.0,100.0,90.0,75.0,20.0,1,1,Comune di Arzachena,OT,Sardegna
c_f881,,Comune di Neviano,3,385.0,95.06,100.0,100.0,90.0,75.0,20.0,1,1,Comune di Neviano,LE,Puglia
c_b690,,Comune di Caprarica di Lecce,3,385.0,95.06,100.0,100.0,90.0,75.0,20.0,1,1,Comune di Caprarica di Lecce,LE,Puglia
crpuglia,,Consiglio Regionale della Puglia,1,385.0,95.06,100.0,100.0,90.0,75.0,20.0,1,1,Consiglio Regionale della Puglia,BA,Puglia
c_b822,,Comune di Carpignano Salentino,4,385.0,95.06,100.0,100.0,90.0,75.0,20.0,1,1,Comune di Carpignano Salentino,LE,Puglia
c_h645,,Comune di Ruvo di Puglia,5,385.0,95.06,100.0,100.0,90.0,75.0,20.0,1,1,Comune di Ruvo di Puglia,BA,Puglia
c_d205,,Comune di Cuneo,45,385.0,95.06,100.0,100.0,90.0,75.0,20.0,1,1,Comune di Cuneo,CN,Piemonte
agdogane,,Agenzia delle Dogane e dei Monopoli,31,385.0,95.06,100.0,100.0,90.0,75.0,20.0,1,1,Agenzia delle Dogane e dei Monopoli,RM,Lazio
uni_udi,,Università degli studi di Udine,9,385.0,95.06,100.0,100.0,90.0,75.0,20.0,1,1,Universita' degli Studi di Udine,UD,Friuli-Venezia Giulia
c_f158,,Comune di Messina,102,385.0,95.06,100.0,100.0,90.0,75.0,20.0,2,1,Comune di Messina,ME,Sicilia
cds,,CGA Sicilia,436,385.0,95.06,100.0,100.0,90.0,75.0,20.0,31,1,Uffici Amministrativi del Consiglio di Stato e dei Tribunali Amministrativi Regionali 'non abilitato a ricevere atti giurisdizionali e ricorsi straordinari al Presidente della Repubblica',RM,Lazio
udsm_me,,Università degli Studi di Messina,13,385.0,95.06,100.0,100.0,90.0,75.0,20.0,1,1,Universita' degli Studi di Messina,ME,Sicilia
c_f994,,Comune di Occhiobello,3,385.0,95.06,100.0,100.0,90.0,75.0,20.0,1,1,Comune di Occhiobello,RO,Veneto
c_e202,,Comune di Grosseto,104,384.62,94.97,100.0,100.0,89.62,75.0,20.0,1,1,Comune di Grosseto,GR,Toscana
c_f839,,Comune di Napoli,36,384.44,94.92,100.0,100.0,89.44,75.0,20.0,1,1,Comune di Napoli,NA,Campania
r_campan,,Regione Campania,366,384.34,94.9,100.0,99.56,90.0,74.78,20.0,1,1,Regione Campania,NA,Campania
c_f027,,Comune di Massafra,38,384.21,94.87,100.0,100.0,89.21,75.0,20.0,1,1,Comune di Massafra,TA,Puglia
artpp,,ARET - Pugliapromozione,23,384.13,94.85,100.0,100.0,89.13,75.0,20.0,1,1,Agenzia Regionale del Turismo - Pugliapromozione,BA,Puglia
r_puglia,,Regione Puglia,247,383.91,94.79,100.0,99.6,89.31,75.0,20.0,1,1,Regione Puglia,BA,Puglia
c_g636,,Comune di Pieve a Nievole,16,383.89,94.79,100.0,94.07,94.81,75.0,20.0,1,1,Comune di Pieve a Nievole,PT,Toscana
c_i187,,Comune di Santa Fiora,15,383.67,94.73,100.0,100.0,88.67,75.0,20.0,1,1,Comune di Santa Fiora,GR,Toscana
actre,,Azienda Consorziale Trasporti,4,382.5,94.44,100.0,100.0,90.0,72.5,20.0,1,1,Azienda Consorziale Trasporti,RE,Emilia-Romagna
c_g999,,Comune di Prato,276,382.25,94.38,100.0,97.97,89.28,75.0,20.0,1,1,Comune di Prato,PO,Toscana
c_b626,,Comune di Cantagallo,14,382.14,94.36,100.0,100.0,87.14,75.0,20.0,1,1,Comune di Cantagallo,PO,Toscana
c_f084,,Comune di Mediglia,3,381.67,94.24,100.0,100.0,90.0,71.67,20.0,1,1,Comune di Mediglia,MI,Lombardia
c_l390,,Comune di San Vincenzo,41,381.59,94.22,100.0,100.0,86.59,75.0,20.0,1,1,Comune di San Vincenzo,LI,Toscana
2yivzp,,Comune di Santa Luce,11,381.36,94.16,100.0,100.0,86.36,75.0,20.0,1,0,,,
c_g926,,Comune di Porto Viro,5,381.0,94.07,100.0,100.0,86.0,75.0,20.0,1,1,Comune di Porto Viro,RO,Veneto
r_sicili,,Regione Siciliana,180,380.72,94.0,100.0,96.44,89.28,75.0,20.0,1,1,Regione Siciliana,PA,Sicilia
8it8ze,,Comune di Castel del Piano,17,380.29,93.9,100.0,95.29,90.0,75.0,20.0,1,0,,,
c_m059,,Comune di Vinci,17,380.29,93.9,100.0,95.29,90.0,75.0,20.0,1,1,Comune di Vinci,FI,Toscana
agid,,Agenzia per l'Italia Digitale,40,380.25,93.89,100.0,96.25,89.0,75.0,20.0,4,1,Agenzia per L'Italia Digitale,RM,Lazio
c_f656,,Comune di Montevarchi,29,380.17,93.87,100.0,94.48,90.69,75.0,20.0,1,1,Comune di Montevarchi,AR,Toscana
atmsp,,Azienda Trasporti Messina S.p.A,4,380.0,93.83,100.0,100.0,85.0,75.0,20.0,1,1,Azienda Trasporti Messina S.P.A.,ME,Sicilia
c_d863,,Comune di Galatone,39,379.62,93.73,100.0,93.85,90.77,75.0,20.0,1,1,Comune di Galatone,LE,Puglia
c_c002,,Comune di Cassano allo Ionio,9,379.44,93.69,100.0,94.44,90.0,75.0,20.0,1,1,Comune di Cassano Allo Ionio,CS,Calabria
c_l328,,Città di Trani,5,379.0,93.58,100.0,100.0,84.0,75.0,20.0,1,1,Comune di Trani,BT,Puglia
cmfi,,Città metropolitana di Firenze,168,378.87,93.55,100.0,96.19,87.68,75.0,20.0,1,1,Citta' Metropolitana di Firenze,FI,Toscana
c_f437,,Comune di Monte Argentario,30,378.43,93.44,100.0,93.14,90.29,75.0,20.0,1,1,Comune di Monte Argentario,GR,Toscana
atspv,,Agenzia di Tutela della Salute di Pavia,13,378.08,93.35,100.0,100.0,83.08,75.0,20.0,1,1,Agenzia di Tutela della Salute di Pavia,PV,Lombardia
c_l775,,Comune di Vernio,18,376.11,92.87,100.0,100.0,81.11,75.0,20.0,1,1,Comune di Vernio,PO,Toscana
c_f052,,Comune di Matera,248,375.97,92.83,100.0,92.26,88.71,75.0,20.0,3,1,Comune di Matera,MT,Basilicata
ato_pu,,Autorità idrica Pugliese (AIP),13,375.77,92.78,100.0,100.0,80.77,75.0,20.0,1,1,Autorita' Idrica Pugliese,BA,Puglia
m_lps,,Ministero del Lavoro,83,375.0,92.59,100.0,100.0,80.0,75.0,20.0,1,1,Ministero del Lavoro e delle Politiche Sociali,RM,Lazio
aorn_063,,Azienda Ospedaliera di Rilievo Nazionale Antonio Cardarelli,10,375.0,92.59,100.0,100.0,90.0,65.0,20.0,1,1,Azienda Ospedaliera di Rilievo Nazionale Antonio Cardarelli,NA,Campania
a_cb,,Azienda Sanitaria Regione Molise,3,375.0,92.59,100.0,100.0,90.0,65.0,20.0,1,1,Azienda Sanitaria Regionale Molise,CB,Molise
5n2tr557,,PagoPA S.p.A.,12,375.0,92.59,100.0,100.0,90.0,65.0,20.0,1,1,PagoPA S.p.A.,RM,Lazio
afs,,ASST Fatebenefratelli Sacco,3,375.0,92.59,100.0,100.0,90.0,65.0,20.0,1,1,Asst Fatebenefratelli Sacco,MI,Lombardia
uctvt,,Unione di Comuni Terre di Vini e di Tartufi,1,375.0,92.59,100.0,100.0,90.0,65.0,20.0,1,1,Unione di Comuni Terre di Vini e di Tartufi,AT,Piemonte
b25cx1,,Comune di Pescaglia,16,375.0,92.59,100.0,90.0,90.0,75.0,20.0,1,0,,,
c_c978,,Comune di Copertino,16,375.0,92.59,100.0,90.0,90.0,75.0,20.0,1,1,Comune di Copertino,LE,Puglia
asstb,,Asst Spedali Civili di Brescia,8,375.0,92.59,100.0,100.0,90.0,65.0,20.0,1,1,Azienda Socio Sanitaria Territoriale Degli Spedali Civili di Brescia,BS,Lombardia
c_a874,,Comune di Binetto,3,375.0,92.59,100.0,100.0,80.0,75.0,20.0,1,1,Comune di Binetto,BA,Puglia
c_g687,,Comune di Piombino,21,374.52,92.47,100.0,96.19,83.33,75.0,20.0,1,1,Comune di Piombino,LI,Toscana
cmct,,Città Metropolitana di Catania,22,373.18,92.14,100.0,78.18,100.0,75.0,20.0,1,1,Citta' Metropolitana di Catania,CT,Sicilia
c_f572,,Comune di Montemurlo,48,372.86,92.06,100.0,84.29,93.57,75.0,20.0,1,1,Comune di Montemurlo,PO,Toscana
p_pi,,Provincia di Pisa,83,372.74,92.03,100.0,91.43,86.31,75.0,20.0,1,1,Provincia di Pisa,PI,Toscana
c_a734,,Comune di Beinasco,3,371.67,91.77,100.0,100.0,76.67,75.0,20.0,1,1,Comune di Beinasco,TO,Piemonte
arpap,,ARPA Puglia ,21,371.67,91.77,100.0,87.62,89.05,75.0,20.0,1,1,Agenzia Regionale per la Protezione dell'Ambiente della Puglia,BA,Puglia
8w0q4vwz,,Agenzia Nazionale per la Meteorologia e Climatologia - ItaliaMeteo,8,370.0,91.36,100.0,100.0,75.0,75.0,20.0,1,1,Agenzia  Nazionale per la Meteorologia e Climatologia - ItaliaMeteo,RM,Lazio
xw88c90q,,Euro-Mediterranean Center on Climate Change Foundation,2,370.0,91.36,100.0,100.0,75.0,75.0,20.0,2,1,Fondazione Centro Euro-Mediterraneo sui Cambiamenti Climatici,LE,Puglia
cdcvd_,,Consorzio Dei Comuni della Valle D'Aosta Bacino Imbrifero Montano della Dora Baltea,5,367.0,90.62,100.0,82.0,90.0,75.0,20.0,1,1,Consorzio Dei Comuni della Valle D'Aosta Bacino Imbrifero Montano della Dora Baltea,AO,Valle d'Aosta/Vallée d'Aoste
arsls,,Agenzia Regionale Strategica per la Salute ed il Sociale,75,366.87,90.59,100.0,85.07,86.8,75.0,20.0,1,1,Agenzia Regionale Strategica per La Salute Ed Il Sociale,BA,Puglia
p_pt,,Provincia di Pistoia,11,366.82,90.57,100.0,95.45,76.36,75.0,20.0,1,1,Provincia di Pistoia,PT,Toscana
02904120546,,Associazione Centro Studi Città di Foligno,6,366.67,90.54,100.0,86.67,85.0,75.0,20.0,1,0,,,
c_i921,,Comune di Spoleto,5,365.0,90.12,100.0,100.0,70.0,75.0,20.0,1,1,Comune di Spoleto,PG,Umbria
c_i991,,Comune di Subbiano,16,365.0,90.12,100.0,80.0,90.0,75.0,20.0,1,1,Comune di Subbiano,AR,Toscana
clrfl_,,Consorzio per la Ricerca sulla Filiera Lattiero Casearia,12,365.0,90.12,100.0,80.0,90.0,75.0,20.0,1,1,Consorzio per la Ricerca sulla Filiera Lattiero Casearia,RG,Sicilia
ivsapic,,IVASS - Istituto per la Vigilanza sulle Assicurazioni,19,365.0,90.12,100.0,100.0,70.0,75.0,20.0,1,1,IVASS - Istituto per la Vigilanza sulle Assicurazioni,RM,Lazio
clasv,,Lamma Toscana,6443,364.9,90.1,100.0,99.89,70.01,75.0,20.0,1,1,Consorzio Lamma,FI,Toscana
c_c996,,Comune di Coreglia Antelminelli,16,364.0,89.88,100.0,76.0,93.0,75.0,20.0,1,1,Comune di Coreglia Antelminelli,LU,Toscana
c_a632,,Comune di Barberino di Mugello,16,363.97,89.87,100.0,72.41,96.55,75.0,20.0,1,1,Comune di Barberino di Mugello,FI,Toscana
pt,,Politecnico di Torino,12,363.33,89.71,100.0,100.0,68.33,75.0,20.0,1,1,Politecnico di Torino,TO,Piemonte
c_h985,,Comune di San Marco in Lamis,10,363.0,89.63,100.0,84.0,84.0,75.0,20.0,1,1,Comune di San Marco In Lamis,FG,Puglia
c_b984,,Casole d'Elsa,17,363.0,89.63,100.0,72.33,95.67,75.0,20.0,2,1,Comune di Casole D'Elsa,SI,Toscana
c_a468,,Sinalunga,17,361.67,89.3,100.0,68.0,98.67,75.0,20.0,1,1,Comune di Sinalunga,SI,Toscana
c_m126,,Comune di Volterra,16,360.62,89.04,100.0,80.0,85.62,75.0,20.0,1,1,Comune di Volterra,PI,Toscana
pr_marm,,Parco regionale della Maremma,18,360.56,89.03,100.0,60.0,105.56,75.0,20.0,1,1,Ente Parco Regionale della Maremma,GR,Toscana
c_d634,,Comune di Flero,53,360.28,88.96,100.0,75.28,90.0,75.0,20.0,1,1,Comune di Flero,BS,Lombardia
asstv,,Azienda Socio Sanitaria Territoriale della Brianza,10,360.0,88.89,100.0,100.0,65.0,75.0,20.0,1,1,Azienda Socio Sanitaria Territoriale della Brianza,MB,Lombardia
pcm,,Presidenza del Consiglio dei Ministri - Dipartimento per le politiche di coesione,574,359.23,88.7,100.0,74.91,89.32,75.0,20.0,3,1,Presidenza del Consiglio dei Ministri,RM,Lazio
c_f551,,Comune di Montelupo Fiorentino,34,358.82,88.6,100.0,78.24,85.59,75.0,20.0,1,1,Comune di Montelupo Fiorentino,FI,Toscana
cmwavl,,Unione dei Comuni valdostani Walser,3,358.33,88.48,100.0,100.0,63.33,75.0,20.0,1,1,Unione dei Comuni valdostani Walser,AO,Valle d'Aosta/Vallée d'Aoste
c_g251,,Comune di Palagianello,3,358.33,88.48,100.0,73.33,90.0,75.0,20.0,1,1,Comune di Palagianello,TA,Puglia
m_svec,,MIMIT - Ministero delle Imprese e del Made in Italy,370,355.43,87.76,100.0,70.43,90.0,75.0,20.0,1,1,MIMIT - Ministero delle Imprese e del Made in Italy,RM,Lazio
c_i532,,Comune di Schivenoglia,3,355.0,87.65,100.0,100.0,60.0,75.0,20.0,1,1,Comune di Schivenoglia,MN,Lombardia
c_m088,,Comune di Vittoria,5,355.0,87.65,100.0,100.0,60.0,75.0,20.0,1,1,Comune di Vittoria,RG,Sicilia
cgdf_tn,,Comun General de Fascia,19,355.0,87.65,100.0,100.0,60.0,75.0,20.0,1,1,Comun General De Fascia,TN,Trentino-Alto Adige/Südtirol
usc,,Università degli Studi di Camerino,10,355.0,87.65,100.0,100.0,60.0,75.0,20.0,1,1,Universita' degli Studi di Camerino,MC,Marche
cciaa_vi,,"Camera di Commercio, Industria, Artigianato e Agricoltura di Vicenza",44,355.0,87.65,100.0,100.0,60.0,75.0,20.0,1,1,"Camera di Commercio, Industria, Artigianato e Agricoltura di Vicenza",VI,Veneto
c_g736,,Comune di Taipana,14,355.0,87.65,100.0,100.0,60.0,75.0,20.0,1,1,Comune di Taipana,UD,Friuli-Venezia Giulia
c_f750,,Comune di Morsano al Tagliamento,2,355.0,87.65,100.0,100.0,60.0,75.0,20.0,1,1,Comune di Morsano al Tagliamento,PN,Friuli-Venezia Giulia
05487980723,,AMIU,8,355.0,87.65,100.0,100.0,60.0,75.0,20.0,1,0,,,
c_e820,,Comune di Magnano in Riviera,37,355.0,87.65,100.0,100.0,60.0,75.0,20.0,1,1,Comune di Magnano In Riviera,UD,Friuli-Venezia Giulia
ccas,,Camera di Commercio Arezzo Siena,11,355.0,87.65,100.0,100.0,60.0,75.0,20.0,1,1,Camera di Commercio Arezzo Siena,AR,Toscana
c_f395,,Comune di Montagnareale,3,355.0,87.65,100.0,100.0,60.0,75.0,20.0,1,1,Comune di Montagnareale,ME,Sicilia
c_d668,,Comune di Fontanelice,5,355.0,87.65,100.0,100.0,60.0,75.0,20.0,1,1,Comune di Fontanelice,BO,Emilia-Romagna
c_i564,,Comune di Sedilo,26,355.0,87.65,100.0,100.0,60.0,75.0,20.0,1,1,Comune di Sedilo,OR,Sardegna
c_c086,,Comune di Castel del Rio,5,355.0,87.65,100.0,100.0,60.0,75.0,20.0,1,1,Comune di Castel del Rio,BO,Emilia-Romagna
aril_,,Aspal - Agenzia Sarda per le Politiche Attive del Lavoro,15,355.0,87.65,100.0,100.0,60.0,75.0,20.0,1,1,Agenzia sarda per le politiche attive del lavoro,CA,Sardegna
c_c980,,Comune di Copparo,3,355.0,87.65,100.0,100.0,60.0,75.0,20.0,1,1,Comune di Copparo,FE,Emilia-Romagna
udctp_,,Unione dei Comuni Terre di Pianura,1,355.0,87.65,100.0,100.0,60.0,75.0,20.0,1,1,Unione Dei Comuni Terre di Pianura,BO,Emilia-Romagna
cp_022,,Comunità della Paganella,20,355.0,87.65,100.0,100.0,60.0,75.0,20.0,1,1,Comunita' della Paganella,TN,Trentino-Alto Adige/Südtirol
c_h196,,Comune di Ravascletto,2,355.0,87.65,100.0,100.0,60.0,75.0,20.0,1,1,Comune di Ravascletto,UD,Friuli-Venezia Giulia
c_b985,,Comune di Casoli,4,355.0,87.65,100.0,100.0,60.0,75.0,20.0,1,1,Comune di Casoli,CH,Abruzzo
c_f965,,Comune di Novi Ligure,5,355.0,87.65,100.0,100.0,60.0,75.0,20.0,1,1,Comune di Novi Ligure,AL,Piemonte
uia75wmm,,Fondazione RESTART,10,355.0,87.65,100.0,100.0,60.0,75.0,20.0,1,1,Fondazione RESTART,RM,Lazio
uicciaa,,"Unione Italiana delle Camere di Commercio Industria, Artigianato e Agricoltura",83,355.0,87.65,100.0,100.0,60.0,75.0,20.0,1,1,"Unione Italiana delle Camere di Commercio Industria, Artigianato e Agricoltura",RM,Lazio
c_g780,,Comune di Polcenigo,4,355.0,87.65,100.0,100.0,60.0,75.0,20.0,1,1,Comune di Polcenigo,PN,Friuli-Venezia Giulia
cciaa_vr,,"Camera di Commercio, Industria, Artigianato e Agricoltura di Verona",37,355.0,87.65,100.0,100.0,60.0,75.0,20.0,1,1,"Camera di Commercio, Industria, Artigianato e Agricoltura di Verona",VR,Veneto
c_h951,,Comune di San Leonardo,6,355.0,87.65,100.0,100.0,60.0,75.0,20.0,1,1,Comune di San Leonardo,UD,Friuli-Venezia Giulia
p_av,,Provincia di Avellino,10,355.0,87.65,100.0,100.0,60.0,75.0,20.0,1,1,Provincia di Avellino,AV,Campania
c_l801,,Comune di Verzegnis,9,355.0,87.65,100.0,100.0,60.0,75.0,20.0,1,1,Comune di Verzegnis,UD,Friuli-Venezia Giulia
m_bac-p7foab,,Biblioteca nazionale centrale di firenze,1,355.0,87.65,100.0,70.0,90.0,75.0,20.0,1,0,,,
cciaa_fg,,"Camera di Commercio, Industria, Artigianato e Agricoltura di Foggia",14,355.0,87.65,100.0,100.0,60.0,75.0,20.0,1,1,"Camera di Commercio, Industria, Artigianato e Agricoltura di Foggia",FG,Puglia
arpas_ca,,Agenzia Regionale per la Protezione dell'Ambiente della Sardegna,12,355.0,87.65,100.0,100.0,60.0,75.0,20.0,1,1,Agenzia Regionale per la Protezione dell'Ambiente della Sardegna,CA,Sardegna
aci_037,,ASP Circondario Imolese,1,355.0,87.65,100.0,100.0,60.0,75.0,20.0,1,1,Asp Circondario Imolese,BO,Emilia-Romagna
c_c918,,Comune di Comeglians,2,355.0,87.65,100.0,100.0,60.0,75.0,20.0,1,1,Comune di Comeglians,UD,Friuli-Venezia Giulia
c_i939,,Comune di Staranzano,2,355.0,87.65,100.0,100.0,60.0,75.0,20.0,1,1,Comune di Staranzano,GO,Friuli-Venezia Giulia
c_g768,,Comune di Poggio Renatico,22,355.0,87.65,100.0,100.0,60.0,75.0,20.0,1,1,Comune di Poggio Renatico,FE,Emilia-Romagna
umape,,Unione Montana Appennino Parma Est,5,355.0,87.65,100.0,100.0,60.0,75.0,20.0,1,1,Unione Montana Appennino Parma Est,PR,Emilia-Romagna
p_pd,,Provincia di Padova,10,355.0,87.65,100.0,100.0,60.0,75.0,20.0,1,1,Provincia di Padova,PD,Veneto
c_h347,,Comune di Rive d'Arcano,6,355.0,87.65,100.0,100.0,60.0,75.0,20.0,1,1,Comune di Rive D'Arcano,UD,Friuli-Venezia Giulia
cissa_pi,,Consorzio Intercomunale Servizi Socio Assistenziali di Pianezza,3,355.0,87.65,100.0,100.0,60.0,75.0,20.0,1,1,Consorzio Intercomunale Servizi Socio Assistenziali di Pianezza,TO,Piemonte
c_f144,,Comune di Mereto di Tomba,2,355.0,87.65,100.0,100.0,60.0,75.0,20.0,1,1,Comune di Mereto di Tomba,UD,Friuli-Venezia Giulia
cciarso,,"Camera di Commercio, Industria, Artigianato e Agricoltura del Sud Est Sicilia",9,355.0,87.65,100.0,100.0,60.0,75.0,20.0,1,1,Camera di Commercio Industria Artigianato e Agricoltura del Sud Est Sicilia,CT,Sicilia
c_f156,,Comune di Mesola,3,355.0,87.65,100.0,100.0,60.0,75.0,20.0,1,1,Comune di Mesola,FE,Emilia-Romagna
03304640547,,AFoR,1,355.0,87.65,100.0,100.0,60.0,75.0,20.0,1,0,,,
assbre,,ASBR - Azienda Speciale Servizi Bassa Reggiana,3,355.0,87.65,100.0,100.0,60.0,75.0,20.0,1,1,Azienda Speciale Servizi Bassa Reggiana,RE,Emilia-Romagna
c_h609,,Comune di Roveredo in Piano,4,355.0,87.65,100.0,100.0,60.0,75.0,20.0,1,1,Comune di Roveredo In Piano,PN,Friuli-Venezia Giulia
c_d962,,Comune di Gemona del Friuli,3,355.0,87.65,100.0,100.0,60.0,75.0,20.0,1,1,Comune di Gemona del Friuli,UD,Friuli-Venezia Giulia
c_m309,,Comune di Fonte Nuova,5,355.0,87.65,100.0,100.0,60.0,75.0,20.0,1,1,Comune di Fonte Nuova,RM,Lazio
c_g508,,Comune di Petilia Policastro,10,355.0,87.65,100.0,100.0,60.0,75.0,20.0,1,1,Comune di Petilia Policastro,KR,Calabria
eripcfvg,,Ente Regionale per Il Patrimonio Culturale della Regione Autonoma Friuli Venezia Giulia - Erpac,1,355.0,87.65,100.0,100.0,60.0,75.0,20.0,1,1,Ente Regionale per Il Patrimonio Culturale della Regione Autonoma Friuli Venezia Giulia - Erpac,GO,Friuli-Venezia Giulia
uirbf,,Comunita' Riviera Friulana,2,355.0,87.65,100.0,100.0,60.0,75.0,20.0,2,1,Comunita' Riviera Friulana,UD,Friuli-Venezia Giulia
c_h895,,Comune di San Giorgio di Nogaro,4,355.0,87.65,100.0,100.0,60.0,75.0,20.0,1,1,Comune di San Giorgio di Nogaro,UD,Friuli-Venezia Giulia
c_d700,,Comune di Forgaria nel Friuli,2,355.0,87.65,100.0,100.0,60.0,75.0,20.0,1,1,Comune di Forgaria nel Friuli,UD,Friuli-Venezia Giulia
c_m263,,Comune di Porto Cesareo,3,355.0,87.65,100.0,100.0,60.0,75.0,20.0,1,1,Comune di Porto Cesareo,LE,Puglia
c_h509,,Comune di Romano di Lombardia,10,355.0,87.65,100.0,100.0,60.0,75.0,20.0,1,1,Comune di Romano di Lombardia,BG,Lombardia
c_g886,,Comune di Porcia,12,355.0,87.65,100.0,100.0,60.0,75.0,20.0,1,1,Comune di Porcia,PN,Friuli-Venezia Giulia
cciaa_ao,,Camera Valdostana delle Imprese e delle Professioni,10,355.0,87.65,100.0,100.0,60.0,75.0,20.0,1,1,Camera Valdostana delle Imprese e delle Professioni,AO,Valle d'Aosta/Vallée d'Aoste
09000640012,,SORIS ,9,355.0,87.65,100.0,100.0,60.0,75.0,20.0,1,0,,,
c_c420,,Comune di Cefalà Diana,16,355.0,87.65,100.0,100.0,60.0,75.0,20.0,1,1,Comune di Cefala' Diana,PA,Sicilia
c_a283,,Comune di Andreis,2,355.0,87.65,100.0,100.0,60.0,75.0,20.0,1,1,Comune di Andreis,PN,Friuli-Venezia Giulia
c_b483,,Comune di Camino al Tagliamento,2,355.0,87.65,100.0,100.0,60.0,75.0,20.0,1,1,Comune di Camino Al Tagliamento,UD,Friuli-Venezia Giulia
c_a516,,Comune di Aviano,2,355.0,87.65,100.0,100.0,60.0,75.0,20.0,1,1,Comune di Aviano,PN,Friuli-Venezia Giulia
ctvf_tn,,Comunità Territoriale della Val di Fiemme,19,355.0,87.65,100.0,100.0,60.0,75.0,20.0,1,1,COMUNITA' TERRITORIALE DELLA VAL DI FIEMME,TN,Trentino-Alto Adige/Südtirol
c_d408,,Comune di Enemonzo,2,355.0,87.65,100.0,100.0,60.0,75.0,20.0,1,1,Comune di Enemonzo,UD,Friuli-Venezia Giulia
utigemo,,Comunità di Montagna del Gemonese,8,355.0,87.65,100.0,100.0,60.0,75.0,20.0,2,1,Comunita'  di Montagna del Gemonese,UD,Friuli-Venezia Giulia
c_a254,,Comune di Amaro,7,355.0,87.65,100.0,100.0,60.0,75.0,20.0,1,1,Comune di Amaro,UD,Friuli-Venezia Giulia
c_e178,,Comune di Grigno,20,355.0,87.65,100.0,100.0,60.0,75.0,20.0,1,1,Comune di Grigno,TN,Trentino-Alto Adige/Südtirol
atsmetmi,,Agenzia di Tutela della Salute della Citta' Metropolitana di Milano,10,355.0,87.65,100.0,100.0,60.0,75.0,20.0,1,1,Agenzia di Tutela della Salute della Citta' Metropolitana di Milano,MI,Lombardia
cccl,,"Camera di Commercio, Industria, Artigianato e Agricoltura di Como-Lecco",17,355.0,87.65,100.0,100.0,60.0,75.0,20.0,1,1,Camera di Commercio Industria Artigianato e Agricoltura di Como-Lecco,CO,Lombardia
c_f718,,Comune di Mordano,5,355.0,87.65,100.0,100.0,60.0,75.0,20.0,1,1,Comune di Mordano,BO,Emilia-Romagna
iuss_pv,,Istituto Universitario di Studi Superiori di Pavia,10,355.0,87.65,100.0,100.0,60.0,75.0,20.0,1,1,Istituto Universitario di Studi Superiori di Pavia,PV,Lombardia
c_c494,,Comune di Cercivento,2,355.0,87.65,100.0,100.0,60.0,75.0,20.0,1,1,Comune di Cercivento,UD,Friuli-Venezia Giulia
cciaa_ge,,"Camera di Commercio, Industria, Artigianato e Agricoltura di Genova",20,355.0,87.65,100.0,100.0,60.0,75.0,20.0,1,1,"Camera di Commercio, Industria, Artigianato e Agricoltura di Genova",GE,Liguria
c_i877,,Comune di Sovicille,1,355.0,87.65,100.0,100.0,60.0,75.0,20.0,1,1,Comune di Sovicille,SI,Toscana
c_l144,,Comune di Terzo di Aquileia,2,355.0,87.65,100.0,100.0,60.0,75.0,20.0,1,1,Comune di Terzo di Aquileia,UD,Friuli-Venezia Giulia
c_e476,,Comune di Lauco,1,355.0,87.65,100.0,100.0,60.0,75.0,20.0,1,1,Comune di Lauco,UD,Friuli-Venezia Giulia
c_e473,,Comune di Latisana,14,355.0,87.65,100.0,100.0,60.0,75.0,20.0,1,1,Comune di Latisana,UD,Friuli-Venezia Giulia
c_e957,,Comune di Marineo,8,355.0,87.65,100.0,100.0,60.0,75.0,20.0,1,1,Comune di Marineo,PA,Sicilia
c_i562,,Comune di Sedegliano,4,355.0,87.65,100.0,100.0,60.0,75.0,20.0,1,1,Comune di Sedegliano,UD,Friuli-Venezia Giulia
c_c389,,Comune di Cavazzo Carnico,9,355.0,87.65,100.0,100.0,60.0,75.0,20.0,1,1,Comune di Cavazzo Carnico,UD,Friuli-Venezia Giulia
f_756,,Comune di Mortegliano,2,355.0,87.65,100.0,100.0,60.0,75.0,20.0,1,1,Comune di Mortegliano,UD,Friuli-Venezia Giulia
c_e410,,Comune di Lagosanto,2,355.0,87.65,100.0,100.0,60.0,75.0,20.0,1,1,Comune di Lagosanto,FE,Emilia-Romagna
c_m399,,Comune di Treppo Ligosullo,1,355.0,87.65,100.0,100.0,60.0,75.0,20.0,1,1,Comune di Treppo Ligosullo,UD,Friuli-Venezia Giulia
asstl,,Azienda Socio Sanitaria Territoriale di Lecco,10,355.0,87.65,100.0,100.0,60.0,75.0,20.0,1,1,Azienda Socio Sanitaria Territoriale di Lecco,LC,Lombardia
arls_031,,ERSA,3,355.0,87.65,100.0,100.0,60.0,75.0,20.0,1,1,Agenzia Regionale per Lo Sviluppo Rurale - Ersa,GO,Friuli-Venezia Giulia
c_a166,,Comune di Albisola Superiore,2,355.0,87.65,100.0,100.0,60.0,75.0,20.0,1,1,Comune di Albisola Superiore,SV,Liguria
c_f356,,Comune di Monfalcone,2,355.0,87.65,100.0,100.0,60.0,75.0,20.0,1,1,Comune di Monfalcone,GO,Friuli-Venezia Giulia
c_g028,,Comune di Olgiate Olona,5,355.0,87.65,100.0,100.0,60.0,75.0,20.0,1,1,Comune di Olgiate Olona,VA,Lombardia
c_l273,,Comune di Torremaggiore,1,355.0,87.65,100.0,100.0,60.0,75.0,20.0,1,1,Comune di Torremaggiore,FG,Puglia
gy7g6z8f,,"Camera di Commercio, Industria, Artigianato e Agricoltura di Cremona-Mantova-Pavia",13,355.0,87.65,100.0,100.0,60.0,75.0,20.0,1,1,CAMERA DI COMMERCIO INDUSTRIA ARTIGIANATO E AGRICOLTURA DI CREMONA-MANTOVA-PAVIA,MN,Lombardia
c_a894,,Comune di Bitritto,5,355.0,87.65,100.0,100.0,60.0,75.0,20.0,1,1,Comune di Bitritto,BA,Puglia
c_e148,,Comune di Grassobbio,3,355.0,87.65,100.0,100.0,60.0,75.0,20.0,1,1,Comune di Grassobbio,BG,Lombardia
c_m409,,Comune di Tresignana,3,355.0,87.65,100.0,100.0,60.0,75.0,20.0,1,1,Comune di Tresignana,FE,Emilia-Romagna
cbimt_ud,,Consorzio del Bacino Imbrifero Montano del Tagliamento Nelle Province di Udine e Pordenone,2,355.0,87.65,100.0,100.0,60.0,75.0,20.0,2,1,Consorzio del Bacino Imbrifero Montano del Tagliamento Nelle Province di Udine e Pordenone,UD,Friuli-Venezia Giulia
c_h455,,Comune di Roccella Valdemone,11,355.0,87.65,100.0,100.0,60.0,75.0,20.0,1,1,Comune di Roccella Valdemone,ME,Sicilia
c_f080,,Comune di Mede,1,355.0,87.65,100.0,100.0,60.0,75.0,20.0,1,1,Comune di Mede,PV,Lombardia
uni_ba,,Università degli Studi di Bari - Aldo Moro,105,355.0,87.65,100.0,100.0,60.0,75.0,20.0,1,1,Universita' degli Studi di Bari Aldo Moro,BA,Puglia
c_c101,,Comune di Castelfiorentino,6,355.0,87.65,100.0,100.0,60.0,75.0,20.0,1,1,Comune di Castelfiorentino,FI,Toscana
cciaa_to,,"Camera di Commercio, Industria, Artigianato e Agricoltura di Torino",23,355.0,87.65,100.0,100.0,60.0,75.0,20.0,1,1,"Camera di Commercio, Industria, Artigianato e Agricoltura di Torino",TO,Piemonte
c_l039,,Comune di Talmassons,5,355.0,87.65,100.0,100.0,60.0,75.0,20.0,1,1,Comune di Talmassons,UD,Friuli-Venezia Giulia
atsmb,,Agenzia di Tutela della Salute della Brianza,10,355.0,87.65,100.0,100.0,60.0,75.0,20.0,1,1,Agenzia di Tutela della Salute della Brianza,MB,Lombardia
c_f832,,Comune di Muzzana del Turgnano,2,355.0,87.65,100.0,100.0,60.0,75.0,20.0,1,1,Comune di Muzzana del Turgnano,UD,Friuli-Venezia Giulia
c_e289,,Comune di Imola,16,355.0,87.65,100.0,100.0,60.0,75.0,20.0,1,1,Comune di Imola,BO,Emilia-Romagna
c_l725,,Comune di Venafro,10,355.0,87.65,100.0,100.0,60.0,75.0,20.0,1,1,Comune di Venafro,IS,Molise
c_e629,,Comune di Lizzanello,1,355.0,87.65,100.0,100.0,60.0,75.0,20.0,1,1,Comune di Lizzanello,LE,Puglia
c_l703,,Comune di Vedano Olona,1,355.0,87.65,100.0,100.0,60.0,75.0,20.0,1,1,Comune di Vedano Olona,VA,Lombardia
cciaa_cs,,"Camera di Commercio, Industria, Artigianato e Agricoltura di Cosenza",9,355.0,87.65,100.0,100.0,60.0,75.0,20.0,1,1,"Camera di Commercio, Industria, Artigianato e Agricoltura di Cosenza",CS,Calabria
c_e899,,Comune di Manzano,21,355.0,87.65,100.0,100.0,60.0,75.0,20.0,1,1,Comune di Manzano,UD,Friuli-Venezia Giulia
unito,,Università di Torino,14,355.0,87.65,100.0,100.0,60.0,75.0,20.0,1,1,Universita' degli Studi di Torino,TO,Piemonte
c_d455,,Comune di Faedis,2,355.0,87.65,100.0,100.0,60.0,75.0,20.0,1,1,Comune di Faedis,UD,Friuli-Venezia Giulia
c_b247,,Comune di Budoia,4,355.0,87.65,100.0,100.0,60.0,75.0,20.0,1,1,Comune di Budoia,PN,Friuli-Venezia Giulia
c_a184,,Comune di Alessano,4,355.0,87.65,100.0,100.0,60.0,75.0,20.0,1,1,Comune di Alessano,LE,Puglia
c_a436,,Comune di Arquata Scrivia,2,355.0,87.65,100.0,100.0,60.0,75.0,20.0,1,1,Comune di Arquata Scrivia,AL,Piemonte
c_c885,,Comune di Colloredo di Monte Albano,2,355.0,87.65,100.0,100.0,60.0,75.0,20.0,1,1,Comune di Colloredo di Monte Albano,UD,Friuli-Venezia Giulia
c_c342,,Comune di Enna,12,355.0,87.65,100.0,100.0,60.0,75.0,20.0,1,1,Comune di Enna,EN,Sicilia
spabdomm,,"Magnifica Comunità di Montagna Dolomiti Friulane, Cavallo e Cansiglio",4,355.0,87.65,100.0,100.0,60.0,75.0,20.0,2,1,"Magnifica Comunità di Montagna Dolomiti Friulane, Cavallo e Cansiglio",PN,Friuli-Venezia Giulia
c_i464,,Comune di Sauris,2,355.0,87.65,100.0,100.0,60.0,75.0,20.0,1,1,Comune di Sauris,UD,Friuli-Venezia Giulia
c_h657,,Comune di Sacile,2,355.0,87.65,100.0,100.0,60.0,75.0,20.0,1,1,Comune di Sacile,PN,Friuli-Venezia Giulia
uticar,,Comunità di Montagna della Carnia,4,355.0,87.65,100.0,100.0,60.0,75.0,20.0,2,1,Comunita' di Montagna della Carnia,UD,Friuli-Venezia Giulia
c_g381,,Comune di Paularo,4,355.0,87.65,100.0,100.0,60.0,75.0,20.0,1,1,Comune di Paularo,UD,Friuli-Venezia Giulia
r_liguri,,Regione Liguria,19,355.0,87.65,100.0,100.0,60.0,75.0,20.0,1,1,Regione Liguria,GE,Liguria
c_l868,,Comune di Vigarano Mainarda,5,355.0,87.65,100.0,100.0,60.0,75.0,20.0,1,1,Comune di Vigarano Mainarda,FE,Emilia-Romagna
c_e078,,Comune di Goito,9,355.0,87.65,100.0,100.0,60.0,75.0,20.0,1,1,Comune di Goito,MN,Lombardia
uni_napa,,Università degli Studi di Napoli 'Parthenope',15,355.0,87.65,100.0,100.0,60.0,75.0,20.0,1,1,Universita' degli Studi di Napoli 'Parthenope',NA,Campania
atsm,,ATS della Montagna,10,355.0,87.65,100.0,100.0,60.0,75.0,20.0,1,1,Agenzia di Tutela della Salute della Montagna,SO,Lombardia
c_g888,,Comune di Pordenone,2,355.0,87.65,100.0,100.0,60.0,75.0,20.0,1,1,Comune di Pordenone,PN,Friuli-Venezia Giulia
l_686,,Comune di Varmo,4,355.0,87.65,100.0,100.0,60.0,75.0,20.0,1,1,Comune di Varmo,UD,Friuli-Venezia Giulia
apss,,Azienda sanitaria universitaria integrata del Trentino - Asuit,14,355.0,87.65,100.0,100.0,60.0,75.0,20.0,1,1,Azienda sanitaria universitaria integrata del Trentino,TN,Trentino-Alto Adige/Südtirol
seunstna,,"Universita' degli Studi della Campania ""L. Vanvitelli""",11,355.0,87.65,100.0,100.0,60.0,75.0,20.0,1,1,Universita' degli Studi della Campania - 'Luigi Vanvitelli',CE,Campania
iss_rm,,Istituto Superiore di Sanità,13,355.0,87.65,100.0,100.0,60.0,75.0,20.0,1,1,Istituto Superiore di Sanita' - ISS,RM,Lazio
01749570303,,IRES,22,355.0,87.65,100.0,100.0,60.0,75.0,20.0,1,0,,,
c_h715,,Comune di Salle,1,355.0,87.65,100.0,100.0,60.0,75.0,20.0,1,1,Comune di Salle,PE,Abruzzo
c_c882,,Comune di Collinas,6,355.0,87.65,100.0,100.0,60.0,75.0,20.0,1,1,Comune di Collinas,VS,Sardegna
c_i657,,Comune di Serravalle Scrivia,2,355.0,87.65,100.0,100.0,60.0,75.0,20.0,1,1,Comune di Serravalle Scrivia,AL,Piemonte
c_d719,,Comune di Forni di Sopra,2,355.0,87.65,100.0,100.0,60.0,75.0,20.0,1,1,Comune di Forni di Sopra,UD,Friuli-Venezia Giulia
c_l245,,Comune di Torre Annunziata,3,355.0,87.65,100.0,100.0,60.0,75.0,20.0,1,1,Comune di Torre Annunziata,NA,Campania
c_g352,,Comune di Pasian di Prato,2,355.0,87.65,100.0,100.0,60.0,75.0,20.0,1,1,Comune di Pasian di Prato,UD,Friuli-Venezia Giulia
c_g300,,Comune di Paluzza,2,355.0,87.65,100.0,100.0,60.0,75.0,20.0,1,1,Comune di Paluzza,UD,Friuli-Venezia Giulia
cavb_,,Comunità Alta Valsugana e Bersntol,20,355.0,87.65,100.0,100.0,60.0,75.0,20.0,1,1,Comunita' Alta Valsugana e Bersntol,TN,Trentino-Alto Adige/Südtirol
c_i328,,Comune di San Teodoro,5,355.0,87.65,100.0,100.0,60.0,75.0,20.0,1,1,Comune di San Teodoro - Sicilia,ME,Sicilia
c_e271,,Comune di Gussago,7,355.0,87.65,100.0,100.0,60.0,75.0,20.0,1,1,Comune di Gussago,BS,Lombardia
c_g710,,Comune di Pisogne,9,355.0,87.65,100.0,100.0,60.0,75.0,20.0,1,1,Comune di Pisogne,BS,Lombardia
cciaapp,,"Camera di Commercio, Industria, Artigianato e Agricoltura di Pistoia-Prato",32,355.0,87.65,100.0,100.0,60.0,75.0,20.0,1,1,Camera di Commercio Industria Artigianato e Agricoltura di Pistoia-Prato,PO,Toscana
c_i914,,Comune di Spino d'Adda,15,355.0,87.65,100.0,100.0,60.0,75.0,20.0,1,1,Comune di Spino d'Adda,CR,Lombardia
r_friuve,,Regione Autonoma Friuli Venezia Giulia - Direzione Centrale Autonomie Locali,6,355.0,87.65,100.0,100.0,60.0,75.0,20.0,3,1,Regione Autonoma Friuli-Venezia Giulia,TS,Friuli-Venezia Giulia
c_c327,,Comune di Castions di Strada,3,355.0,87.65,100.0,100.0,60.0,75.0,20.0,1,1,Comune di Castions di Strada,UD,Friuli-Venezia Giulia
c_c121,,Comune di Castel Guelfo di Bologna,5,355.0,87.65,100.0,100.0,60.0,75.0,20.0,1,1,Comune di Castel Guelfo di Bologna,BO,Emilia-Romagna
c_f621,,COMUNE DI Monte San Giusto,52,355.0,87.65,100.0,100.0,60.0,75.0,20.0,1,1,Comune di Monte San Giusto,MC,Marche
c_h286,,Comune di Rignano sull'Arno,17,355.0,87.65,100.0,64.14,95.86,75.0,20.0,1,1,Comune di Rignano sull'Arno,FI,Toscana
c_e618,,Comune di Milena,6,355.0,87.65,100.0,100.0,60.0,75.0,20.0,1,1,Comune di Milena,CL,Sicilia
c_h206,,Comune di Reana del Rojale,25,355.0,87.65,100.0,100.0,60.0,75.0,20.0,1,1,Comune di Reana del Rojale,UD,Friuli-Venezia Giulia
c_d332,,Comune di Domodossola,3,355.0,87.65,100.0,100.0,60.0,75.0,20.0,1,1,Comune di Domodossola,VB,Piemonte
c_f083,,Comune di Medicina,5,355.0,87.65,100.0,100.0,60.0,75.0,20.0,1,1,Comune di Medicina,BO,Emilia-Romagna
c_e760,,Comune di Lusevera,4,355.0,87.65,100.0,100.0,60.0,75.0,20.0,1,1,Comune di Lusevera,UD,Friuli-Venezia Giulia
c_l424,,Comune di Trieste,3,355.0,87.65,100.0,100.0,60.0,75.0,20.0,1,1,Comune di Trieste,TS,Friuli-Venezia Giulia
c_d540,,Comune di Ferla,3,355.0,87.65,100.0,100.0,60.0,75.0,20.0,1,1,Comune di Ferla,SR,Sicilia
asstla,,Azienda Socio Sanitaria Territoriale Lariana,16,355.0,87.65,100.0,100.0,60.0,75.0,20.0,1,1,Azienda Socio Sanitaria Territoriale Lariana,CO,Lombardia
c_c421,,Comune di Cefalù,20,355.0,87.65,100.0,100.0,60.0,75.0,20.0,1,1,Comune di Cefalu',PA,Sicilia
wqf3zw8f,,Ministero del Turismo,16,355.0,87.65,100.0,100.0,60.0,75.0,20.0,1,1,Ministero del turismo,RM,Lazio
inail,,INAIL,102,355.0,87.65,100.0,100.0,60.0,75.0,20.0,1,1,Istituto Nazionale per l'Assicurazione contro gli Infortuni sul Lavoro - INAIL,RM,Lazio
c_h029,,Comune di Premariacco,2,355.0,87.65,100.0,100.0,60.0,75.0,20.0,1,1,Comune di Premariacco,UD,Friuli-Venezia Giulia
cciaa_rc,,"Camera di Commercio, Industria, Artigianato e Agricoltura di Reggio Calabria",31,355.0,87.65,100.0,100.0,60.0,75.0,20.0,1,1,"Camera di Commercio, Industria, Artigianato e Agricoltura di Reggio Calabria",RC,Calabria
c_m410,,Comune di Riva del Po,3,355.0,87.65,100.0,100.0,60.0,75.0,20.0,1,1,Comune di Riva del Po,FE,Emilia-Romagna
c_l307,,Comune di Tortoreto,7,355.0,87.65,100.0,100.0,60.0,75.0,20.0,1,1,Comune di Tortoreto,TE,Abruzzo
c_d705,,Comune di Forlimpopoli,9,355.0,87.65,100.0,100.0,60.0,75.0,20.0,1,1,Comune di Forlimpopoli,FC,Emilia-Romagna
acfts,,Azienda Forestale Trento - Sopramonte,3,355.0,87.65,100.0,100.0,60.0,75.0,20.0,1,1,Azienda Consorziale Forestale Trento - Sopramonte,TN,Trentino-Alto Adige/Südtirol
c_g966,,Comune di Pozzuolo del Friuli,2,355.0,87.65,100.0,100.0,60.0,75.0,20.0,1,1,Comune di Pozzuolo del Friuli,UD,Friuli-Venezia Giulia
p_pr,,Provincia di Parma,5,355.0,87.65,100.0,100.0,60.0,75.0,20.0,1,1,Provincia di Parma,PR,Emilia-Romagna
c_b550,,Comune di Campomarino,1,355.0,87.65,100.0,100.0,60.0,75.0,20.0,1,1,Comune di Campomarino,CB,Molise
01581060223,,Alto Garda Servizi SpA,1,355.0,87.65,100.0,100.0,60.0,75.0,20.0,1,0,,,
utidt,,Comunità di montagna del Natisone e Torre,2,355.0,87.65,100.0,100.0,60.0,75.0,20.0,2,1,Comunita' di Montagna del Natisone e Torre,UD,Friuli-Venezia Giulia
icms_,,Istituzione Comunale Marsala Schola,6,355.0,87.65,100.0,100.0,60.0,75.0,20.0,1,1,Istituzione Comunale Marsala Schola,TP,Sicilia
arpal,,Agenzia Regionale per Le Politiche Attive del Lavoro - Arpal Umbria,10,355.0,87.65,100.0,100.0,60.0,75.0,20.0,1,1,Agenzia Regionale per Le Politiche Attive del Lavoro - Arpal Umbria,PG,Umbria
cdg_,,Comunità delle Giudicarie,16,355.0,87.65,100.0,100.0,60.0,75.0,20.0,1,1,Comunita Delle Giudicarie,TN,Trentino-Alto Adige/Südtirol
cnit,,CNIT - Consorzio Nazionale Interuniversitario per le Telecomunicazioni,10,355.0,87.65,100.0,100.0,60.0,75.0,20.0,1,1,CNIT - Consorzio Nazionale Interuniversitario per le Telecomunicazioni,PR,Emilia-Romagna
aou_pisa,,Azienda Ospedaliero-Universitaria Pisana,3,355.0,87.65,100.0,100.0,60.0,75.0,20.0,1,1,Azienda Ospedaliero - Universitaria Pisana,PI,Toscana
c_g786,,Comune di Policoro,11,355.0,87.65,100.0,100.0,60.0,75.0,20.0,1,1,Comune di Policoro,MT,Basilicata
c_d324,,Comune di San Dorligo della Valle,2,355.0,87.65,100.0,100.0,60.0,75.0,20.0,1,1,Comune di San Dorligo della Valle - Dolina,TS,Friuli-Venezia Giulia
c_m147,,Comune di Zanica,10,355.0,87.65,100.0,100.0,60.0,75.0,20.0,1,1,Comune di Zanica,BG,Lombardia
c_a810,,Comune di Bertiolo,5,355.0,87.65,100.0,100.0,60.0,75.0,20.0,1,1,Comune di Bertiolo,UD,Friuli-Venezia Giulia
c_h533,,Comune di Ronchis,4,355.0,87.65,100.0,100.0,60.0,75.0,20.0,1,1,Comune di Ronchis,UD,Friuli-Venezia Giulia
cvc_tn,,Comunità della Valle di Cembra,24,355.0,87.65,100.0,100.0,60.0,75.0,20.0,1,1,Comunita' della Valle di Cembra,TN,Trentino-Alto Adige/Südtirol
cvs_,,Comunità della Valle di Sole,23,355.0,87.65,100.0,100.0,60.0,75.0,20.0,1,1,Comunita della Valle di Sole,TN,Trentino-Alto Adige/Südtirol
cciaadl,,"Camera di Commercio, Industria, Artigianato e Agricoltura di Venezia Rovigo",12,355.0,87.65,100.0,100.0,60.0,75.0,20.0,1,1,Camera di Commercio Industria Artigianato e Agricoltura di Venezia Rovigo,VE,Veneto
r_sardeg,,Regione Autonoma della Sardegna,1,355.0,87.65,100.0,100.0,60.0,75.0,20.0,1,1,Regione Autonoma della Sardegna,CA,Sardegna
c_e854,,Comune di Maletto,11,355.0,87.65,100.0,100.0,60.0,75.0,20.0,1,1,Comune di Maletto,CT,Sicilia
c_b788,,Comune di Carlino,4,355.0,87.65,100.0,100.0,60.0,75.0,20.0,1,1,Comune di Carlino,UD,Friuli-Venezia Giulia
c_i056,,Comune di San Nicola La Strada,5,355.0,87.65,100.0,100.0,60.0,75.0,20.0,1,1,Comune di San Nicola La Strada,CE,Campania
c_a700,,Comune di Basiliano,2,355.0,87.65,100.0,100.0,60.0,75.0,20.0,1,1,Comune di Basiliano,UD,Friuli-Venezia Giulia
co_unap,,Consorzio Universitario Piceno,10,355.0,87.65,100.0,100.0,60.0,75.0,20.0,1,1,Consorzio Universitario Piceno,AP,Marche
unsttren,,Università di Trento,10,355.0,87.65,100.0,100.0,60.0,75.0,20.0,1,1,Universita' degli Studi di Trento,TN,Trentino-Alto Adige/Südtirol
p_tn82l3,,Consiglio della Provincia Autonoma di Trento,6,355.0,87.65,100.0,100.0,60.0,75.0,20.0,1,1,Consiglio della Provincia Autonoma di Trento,TN,Trentino-Alto Adige/Südtirol
c_i403,,Comune di San Vito al Tagliamento,2,355.0,87.65,100.0,100.0,60.0,75.0,20.0,1,1,Comune di San Vito Al Tagliamento,PN,Friuli-Venezia Giulia
c_b604,,Comune di Canino,1,355.0,87.65,100.0,100.0,60.0,75.0,20.0,1,1,Comune di Canino,VT,Lazio
c_d730,,Comune di Forte dei Marmi,1,355.0,87.65,100.0,100.0,60.0,75.0,20.0,1,1,Comune di Forte dei Marmi,LU,Toscana
c_g384,,Comune di Paulilatino,9,355.0,87.65,100.0,100.0,60.0,75.0,20.0,1,1,Comune di Paulilatino,OR,Sardegna
utismsm,,Comunita' Sile,2,355.0,87.65,100.0,100.0,60.0,75.0,20.0,1,1,Comunita' Sile,PN,Friuli-Venezia Giulia
c_d360,,Comune di Dozza,5,355.0,87.65,100.0,100.0,60.0,75.0,20.0,1,1,Comune di Dozza,BO,Emilia-Romagna
m_d,,Istituto Geografico Militare,2,355.0,87.65,100.0,100.0,60.0,75.0,20.0,1,1,Ministero della Difesa,RM,Lazio
amtbs,,Amtab,1,355.0,87.65,100.0,100.0,60.0,75.0,20.0,1,1,Azienda Mobilita' e Trasporti Bari Spa,BA,Puglia
c_a892,,Comune di Bitetto,4,355.0,87.65,100.0,100.0,60.0,75.0,20.0,1,1,Comune di Bitetto,BA,Puglia
c_e320,,Comune di Jolanda di Savoia,3,355.0,87.65,100.0,100.0,60.0,75.0,20.0,1,1,Comune di Jolanda di Savoia,FE,Emilia-Romagna
arpa_fvg,,ARPA FVG,20,355.0,87.65,100.0,100.0,60.0,75.0,20.0,2,1,Agenzia Regionale per la Protezione dell'Ambiente del Friuli Venezia Giulia,UD,Friuli-Venezia Giulia
ccmm,,Camera di Commercio di Milano Monza Brianza Lodi,18,355.0,87.65,100.0,100.0,60.0,75.0,20.0,1,1,Camera di Commercio di Milano Monza Brianza Lodi,MI,Lombardia
cciaa_bz,,"Camera di Commercio, Industria, Artigianato, Turismo e Agricoltura di Bolzano",16,355.0,87.65,100.0,100.0,60.0,75.0,20.0,1,1,"Camera di commercio, industria, artigianato, turismo e agricoltura di Bolzano",BZ,Trentino-Alto Adige/Südtirol
c_a965,,Comune di Bondeno,30,355.0,87.65,100.0,100.0,60.0,75.0,20.0,1,1,Comune di Bondeno,FE,Emilia-Romagna
c_h002,,Comune di Prato Carnico,2,355.0,87.65,100.0,100.0,60.0,75.0,20.0,1,1,Comune di Prato Carnico,UD,Friuli-Venezia Giulia
c_e553,,Comune di Lestizza,2,355.0,87.65,100.0,100.0,60.0,75.0,20.0,1,1,Comune di Lestizza,UD,Friuli-Venezia Giulia
c_c641,,Comune di Chiopris-Viscone,2,355.0,87.65,100.0,100.0,60.0,75.0,20.0,1,1,Comune di Chiopris-viscone,UD,Friuli-Venezia Giulia
c_b892,,Comune di Casalfiumanese,5,355.0,87.65,100.0,100.0,60.0,75.0,20.0,1,1,Comune di Casalfiumanese,BO,Emilia-Romagna
c_l018,,Comune di Sutrio,2,355.0,87.65,100.0,100.0,60.0,75.0,20.0,1,1,Comune di Sutrio,UD,Friuli-Venezia Giulia
c_­l024,,Comune di Taggia,5,355.0,87.65,100.0,100.0,60.0,75.0,20.0,1,0,,,
c_g949,,Comune di Povoletto,33,355.0,87.65,100.0,100.0,60.0,75.0,20.0,1,1,Comune di Povoletto,UD,Friuli-Venezia Giulia
udctf_fe,,Unione Terre e Fiumi,3,355.0,87.65,100.0,100.0,60.0,75.0,20.0,1,1,Unione dei Comuni Terre e Fiumi,FE,Emilia-Romagna
asstvo,,Azienda Socio Sanitaria Territoriale della Valle Olona,17,355.0,87.65,100.0,100.0,60.0,75.0,20.0,1,1,Azienda Socio Sanitaria Territoriale della Valle Olona,VA,Lombardia
c_f980,,Comune di Nurachi,29,355.0,87.65,100.0,100.0,60.0,75.0,20.0,1,1,Comune di Nurachi,OR,Sardegna
c_d630,,Comune di Flaibano,7,355.0,87.65,100.0,100.0,60.0,75.0,20.0,1,1,Comune di Flaibano,UD,Friuli-Venezia Giulia
c_g344,,Comune di Parrano,4,355.0,87.65,100.0,100.0,60.0,75.0,20.0,1,1,Comune di Parrano,TR,Umbria
c_i849,,Comune di Soresina,1,355.0,87.65,100.0,100.0,60.0,75.0,20.0,1,1,Comune di Soresina,CR,Lombardia
c_d004,,Comune di Coriano,8,355.0,87.65,100.0,100.0,60.0,75.0,20.0,1,1,Comune di Coriano,RN,Emilia-Romagna
c_g891,,Comune di Porpetto,2,355.0,87.65,100.0,100.0,60.0,75.0,20.0,1,1,Comune di Porpetto,UD,Friuli-Venezia Giulia
c_a553,,Comune di Bagnaria Arsa,25,355.0,87.65,100.0,100.0,60.0,75.0,20.0,1,1,Comune di Bagnaria Arsa,UD,Friuli-Venezia Giulia
rseu_087,,E.R.S.U. Catania,7,355.0,87.65,100.0,100.0,60.0,75.0,20.0,1,1,Regione Siciliana Ersu Universita Degli Studi di Catania,CT,Sicilia
c_d718,,Comune di Forni Avoltri,2,355.0,87.65,100.0,100.0,60.0,75.0,20.0,1,1,Comune di Forni Avoltri,UD,Friuli-Venezia Giulia
c_g084,,Comune di Orani,20,355.0,87.65,100.0,100.0,60.0,75.0,20.0,1,1,Comune di Orani,NU,Sardegna
cciaa_mo,,"Camera di Commercio, Industria, Artigianato e Agricoltura di Modena",20,355.0,87.65,100.0,100.0,60.0,75.0,20.0,1,1,"Camera di Commercio, Industria, Artigianato e Agricoltura di Modena",MO,Emilia-Romagna
cvt_tn,,Comunità Valsugana e Tesino,26,355.0,87.65,100.0,100.0,60.0,75.0,20.0,1,1,COMUNITA' VALSUGANA E TESINO,TN,Trentino-Alto Adige/Südtirol
c_d085,,Comune di Coseano,2,355.0,87.65,100.0,100.0,60.0,75.0,20.0,1,1,Comune di Coseano,UD,Friuli-Venezia Giulia
ccbvn,,"Camera di Commercio, Industria, Artigianato e Agricoltura Monte Rosa Laghi Alto Piemonte",21,355.0,87.65,100.0,100.0,60.0,75.0,20.0,1,1,"Camera di commercio, industria, artigianato e agricoltura Monte Rosa Laghi Alto Piemonte",VC,Piemonte
c_d670,,Comune di Fontanafredda,2,355.0,87.65,100.0,100.0,60.0,75.0,20.0,1,1,Comune di Fontanafredda,PN,Friuli-Venezia Giulia
c_l909,,Comune di Villa Santina,2,355.0,87.65,100.0,100.0,60.0,75.0,20.0,1,1,Comune di Villa Santina,UD,Friuli-Venezia Giulia
ispra_rm,,Istituto Superiore per la Protezione e la Ricerca Ambientale,10,355.0,87.65,100.0,100.0,60.0,75.0,20.0,2,1,Istituto Superiore per la Protezione e la Ricerca Ambientale,RM,Lazio
epnd_fri,,Parco Naturale Dolomiti Friulane,2,355.0,87.65,100.0,100.0,60.0,75.0,20.0,1,1,Ente Parco Naturale Dolomiti Friulane,PN,Friuli-Venezia Giulia
c_a983,,Comune di Bordano,2,355.0,87.65,100.0,100.0,60.0,75.0,20.0,1,1,Comune di Bordano,UD,Friuli-Venezia Giulia
c_c654,,Comune di Chiusa Sclafani,13,355.0,87.65,100.0,100.0,60.0,75.0,20.0,1,1,Comune di Chiusa Sclafani,PA,Sicilia
c_e953,,Comune di Marianopoli,27,355.0,87.65,100.0,100.0,60.0,75.0,20.0,1,1,Comune di Marianopoli,CL,Sicilia
c_a640,,Comune di Barcis,2,355.0,87.65,100.0,100.0,60.0,75.0,20.0,1,1,Comune di Barcis,PN,Friuli-Venezia Giulia
c_c352,,Comune di Catanzaro,5,355.0,87.65,100.0,100.0,60.0,75.0,20.0,1,1,Comune di Catanzaro,CZ,Calabria
roofcym9,,Comunità del Collio,4,355.0,87.65,100.0,100.0,60.0,75.0,20.0,1,1,Comunità del Collio,GO,Friuli-Venezia Giulia
c_f991,,Comune di Nuxis,10,355.0,87.65,100.0,100.0,60.0,75.0,20.0,1,1,Comune di Nuxis,CI,Sardegna
udcvtc,,Unione dei Comuni Valli Taro e Ceno,3,355.0,87.65,100.0,100.0,60.0,75.0,20.0,1,1,Unione Dei Comuni Valli Taro e Ceno,PR,Emilia-Romagna
uticana,,Comunita' di Montagna Canal del Ferro e Val Canale,2,355.0,87.65,100.0,100.0,60.0,75.0,20.0,1,1,Comunita' di montagna Canal del Ferro e Val Canale,UD,Friuli-Venezia Giulia
c_c991,,Comune di Cordenons,6,355.0,87.65,100.0,100.0,60.0,75.0,20.0,1,1,Comune di Cordenons,PN,Friuli-Venezia Giulia
c_a163,,Comune di Albino,5,355.0,87.65,100.0,100.0,60.0,75.0,20.0,1,1,Comune di Albino,BG,Lombardia
c_e107,,Comune di Goro,16,355.0,87.65,100.0,100.0,60.0,75.0,20.0,1,1,Comune di Goro,FE,Emilia-Romagna
c_l246,,Comune di Torreano,2,355.0,87.65,100.0,100.0,60.0,75.0,20.0,1,1,Comune di Torreano,UD,Friuli-Venezia Giulia
c_f898,,Comune di Nimis,4,355.0,87.65,100.0,100.0,60.0,75.0,20.0,1,1,Comune di Nimis,UD,Friuli-Venezia Giulia
c_c556,,Comune di Cervignano del Friuli,2,355.0,87.65,100.0,100.0,60.0,75.0,20.0,1,1,Comune di Cervignano del Friuli,UD,Friuli-Venezia Giulia
atu65953667,,"Lichtbild, Kulturschatz Historische Photographie",1,355.0,87.65,100.0,100.0,60.0,75.0,20.0,2,0,,,
c_d383,,Comune di Duino-Aurisina,2,355.0,87.65,100.0,100.0,60.0,75.0,20.0,1,1,Comune di Duino-Aurisina/Devin Nabrezina,TS,Friuli-Venezia Giulia
c_g198,,Comune di Ovaro,2,355.0,87.65,100.0,100.0,60.0,75.0,20.0,1,1,Comune di Ovaro,UD,Friuli-Venezia Giulia
c_g969,,Comune di Pradamano,2,355.0,87.65,100.0,100.0,60.0,75.0,20.0,1,1,Comune di Pradamano,UD,Friuli-Venezia Giulia
c_d269,,Comune di Deliceto,3,355.0,87.65,100.0,100.0,60.0,75.0,20.0,1,1,Comune di Deliceto,FG,Puglia
c_m400,,Comune di Fiumicello Villa Vicentina,2,355.0,87.65,100.0,100.0,60.0,75.0,20.0,1,1,Comune di Fiumicello Villa Vicentina,UD,Friuli-Venezia Giulia
c_c293,,Comune di Castenedolo,8,355.0,87.65,100.0,100.0,60.0,75.0,20.0,1,1,Comune di Castenedolo,BS,Lombardia
c_a491,,Comune di Attimis,2,355.0,87.65,100.0,100.0,60.0,75.0,20.0,1,1,Comune di Attimis,UD,Friuli-Venezia Giulia
c_i028,,Comune di San Mauro Castelverde,7,355.0,87.65,100.0,100.0,60.0,75.0,20.0,1,1,Comune di San Mauro Castelverde,PA,Sicilia
c_h229,,Comune di Remanzacco,26,355.0,87.65,100.0,100.0,60.0,75.0,20.0,1,1,Comune di Remanzacco,UD,Friuli-Venezia Giulia
uni_pa,,Università degli Studi di Palermo,19,355.0,87.65,100.0,100.0,60.0,75.0,20.0,1,1,Universita' degli Studi di Palermo,PA,Sicilia
c_f760,,Comune di Moruzzo,2,355.0,87.65,100.0,100.0,60.0,75.0,20.0,1,1,Comune di Moruzzo,UD,Friuli-Venezia Giulia
ccmt,,Camera di Commercio della Maremma e del Tirreno,31,355.0,87.65,100.0,100.0,60.0,75.0,20.0,1,1,Camera di Commercio della Maremma e del Tirreno,LI,Toscana
c_b033,,Comune di Borgo San Dalmazzo,3,355.0,87.65,100.0,100.0,60.0,75.0,20.0,1,1,Comune di Borgo San Dalmazzo,CN,Piemonte
c_l473,,Comune di Turri,17,355.0,87.65,100.0,100.0,60.0,75.0,20.0,1,1,Comune di Turri,VS,Sardegna
nucir_im,,Nuovo Circondario Imolese,1,355.0,87.65,100.0,100.0,60.0,75.0,20.0,1,1,Nuovo Circondario Imolese,BO,Emilia-Romagna
c_h787,,Comune di San Canzian d'Isonzo,2,355.0,87.65,100.0,100.0,60.0,75.0,20.0,1,1,Comune di San Canzian d'Isonzo,GO,Friuli-Venezia Giulia
c_a346,,Comune di Aquileia,2,355.0,87.65,100.0,100.0,60.0,75.0,20.0,1,1,Comune di Aquileia,UD,Friuli-Venezia Giulia
um_acqua,,Unione dei Comuni della Romagna Forlivese - Unione Montana,4,355.0,87.65,100.0,100.0,60.0,75.0,20.0,1,1,Unione dei Comuni della Romagna Forlivese - Unione Montana,FC,Emilia-Romagna
mcdac_tn,,Magnifica Comunità degli Altipiani Cimbri,24,355.0,87.65,100.0,100.0,60.0,75.0,20.0,1,1,Magnifica Comunita Degli Altipiani Cimbri,TN,Trentino-Alto Adige/Südtirol
c_a447,,Comune di Arta Terme,2,355.0,87.65,100.0,100.0,60.0,75.0,20.0,1,1,Comune di Arta Terme,UD,Friuli-Venezia Giulia
c_l195,,Comune di Tolmezzo,9,355.0,87.65,100.0,100.0,60.0,75.0,20.0,1,1,Comune di Tolmezzo,UD,Friuli-Venezia Giulia
c_e098,,Comune di Gorizia,12,355.0,87.65,100.0,100.0,60.0,75.0,20.0,1,1,Comune di Gorizia,GO,Friuli-Venezia Giulia
ccdfriu,,Comunita' Collinare Del Friuli,4,355.0,87.65,100.0,100.0,60.0,75.0,20.0,2,1,Comunita' Collinare Del Friuli,UD,Friuli-Venezia Giulia
cmdrc,,Città Metropolitana di Reggio Calabria,11,355.0,87.65,100.0,100.0,60.0,75.0,20.0,1,1,Citta' Metropolitana di Reggio Calabria,RC,Calabria
cr_022,,Comunità Rotaliana-Königsberg,21,355.0,87.65,100.0,100.0,60.0,75.0,20.0,1,1,Comunita' Rotaliana-koenigsberg,TN,Trentino-Alto Adige/Südtirol
c_h200,,Comune di Raveo,2,355.0,87.65,100.0,100.0,60.0,75.0,20.0,1,1,Comune di Raveo,UD,Friuli-Venezia Giulia
itea,,ITEA Spa,1,355.0,87.65,100.0,100.0,60.0,75.0,20.0,1,1,Istituto Trentino per L'Edilizia Abitativa Societa' per Azioni,TN,Trentino-Alto Adige/Südtirol
c_a710,,Comune di Bastia Umbra,5,355.0,87.65,100.0,100.0,60.0,75.0,20.0,1,1,Comune di Bastia Umbra,PG,Umbria
izs_um,,Istituto Zooprofilattico Sperimentale dell'Umbria e delle Marche,10,355.0,87.65,100.0,100.0,60.0,75.0,20.0,1,1,Istituto Zooprofilattico Sperimentale dell'Umbria e delle Marche Togo Rosati,PG,Umbria
arida_03,,Agenzia Regionale per il Diritto allo Studio,6,355.0,87.65,100.0,100.0,60.0,75.0,20.0,1,1,Agenzia Regionale per il Diritto allo Studio,TS,Friuli-Venezia Giulia
alsvi,,Agenzia Lavoro,2,355.0,87.65,100.0,100.0,60.0,75.0,20.0,1,1,Agenzia Lavoro e Sviluppoimpresa,TS,Friuli-Venezia Giulia
c_d645,,Comune di Fogliano Redipuglia,2,355.0,87.65,100.0,100.0,60.0,75.0,20.0,1,1,Comune di Fogliano Redipuglia,GO,Friuli-Venezia Giulia
c_b044,,Comune di Borgo Tossignano,5,355.0,87.65,100.0,100.0,60.0,75.0,20.0,1,1,Comune di Borgo Tossignano,BO,Emilia-Romagna
c_g831,,Comune di Pontebba,2,355.0,87.65,100.0,100.0,60.0,75.0,20.0,1,1,Comune di Pontebba,UD,Friuli-Venezia Giulia
c_e833,,Comune di Majano,2,355.0,87.65,100.0,100.0,60.0,75.0,20.0,1,1,Comune di Majano,UD,Friuli-Venezia Giulia
arsac,,ARSAC - Azienda Regionale per lo Sviluppo dell’Agricoltura Calabrese,7,355.0,87.65,100.0,100.0,60.0,75.0,20.0,1,1,Azienda Regionale per Lo Sviluppo dell'Agricoltura Calabrese,CS,Calabria
cciaa_cn,,"Camera di Commercio, Industria, Artigianato e Agricoltura di Cuneo",16,355.0,87.65,100.0,100.0,60.0,75.0,20.0,1,1,"Camera di Commercio, Industria, Artigianato e Agricoltura di Cuneo",CN,Piemonte
c_i699,,Comune di Settimo San Pietro,1,355.0,87.65,100.0,100.0,60.0,75.0,20.0,1,1,Comune di Settimo San Pietro,CA,Sardegna
c_i777,,Comune di Socchieve,2,355.0,87.65,100.0,100.0,60.0,75.0,20.0,1,1,Comune di Socchieve,UD,Friuli-Venezia Giulia
c_l521,,Comune di Uta,3,355.0,87.65,100.0,100.0,60.0,75.0,20.0,1,1,Comune di Uta,CA,Sardegna
c_h294,,Comune di Rimini,71,354.72,87.59,100.0,100.0,59.72,75.0,20.0,1,1,Comune di Rimini,RN,Emilia-Romagna
regcal,,Regione Calabria,324,354.63,87.56,100.0,100.0,59.63,75.0,20.0,1,1,Regione Calabria,CZ,Calabria
csdlr,,Regione Friuli Venezia Giulia,197,354.59,87.55,100.0,99.59,60.0,75.0,20.0,2,1,Commissario Straordinario Delegato per La Realizzazione Degli Interventi di Mitigazione del Rischio Idrogeologico per La Regione Friuli Venezia Giulia,TS,Friuli-Venezia Giulia
um_cr,,Unione Municipia,8,353.75,87.35,100.0,100.0,60.0,73.75,20.0,1,1,Unione Municipia,CR,Lombardia
m_ef,,Ministero dell'Economia e delle Finanze,3730,353.73,87.34,98.73,99.89,60.11,75.0,20.0,3,1,Ministero dell'Economia e delle Finanze,RM,Lazio
cciaa_le,,Camera di Commercio di Lecce,450,353.51,87.29,100.0,68.0,90.51,75.0,20.0,1,1,"Camera di Commercio, Industria, Artigianato e Agricoltura di Lecce",LE,Puglia
c_c469,,Comune di Cento,6,353.33,87.24,100.0,86.67,71.67,75.0,20.0,1,1,Comune di Cento,FE,Emilia-Romagna
umdma,,Unione Montana Dei Monti Azzurri,34,353.24,87.22,100.0,100.0,58.24,75.0,20.0,1,1,Unione Montana Dei Monti Azzurri,MC,Marche
c_g436,,COMUNE DI Penna San Giovanni,50,353.0,87.16,100.0,100.0,58.0,75.0,20.0,1,1,Comune di Penna San Giovanni,MC,Marche
comvalfo,,Comune di Valfornace,38,352.89,87.13,100.0,97.89,60.0,75.0,20.0,1,1,Comune di Valfornace,MC,Marche
r_umbria,,Regione Umbria,356,352.78,87.11,100.0,95.73,62.05,75.0,20.0,1,1,Regione Umbria,PG,Umbria
c_a334,,Comune di Appignano,61,352.7,87.09,100.0,100.0,57.7,75.0,20.0,1,1,Comune di Appignano,MC,Marche
c_l483,,Comune di Udine,34,352.65,87.07,100.0,97.65,60.0,75.0,20.0,1,1,Comune di Udine,UD,Friuli-Venezia Giulia
c_g273,,Comune di Palermo,1679,352.56,87.05,100.0,99.09,58.47,75.0,20.0,1,1,Comune di Palermo,PA,Sicilia
c_f496,,COMUNE DI Montefano,56,352.5,87.04,100.0,100.0,57.5,75.0,20.0,1,1,Comune di Montefano,MC,Marche
c_h223,,Comune di Reggio nell'Emilia,247,352.37,87.0,100.0,98.3,59.15,74.92,20.0,1,1,Comune di Reggio Emilia,RE,Emilia-Romagna
ardsu_to,,Azienda Regionale per il Diritto allo Studio Universitario,45,352.33,87.0,100.0,68.0,89.33,75.0,20.0,1,1,Azienda Regionale per il Diritto allo Studio Universitario,FI,Toscana
c_f844,,Comune di Narni,11,352.27,86.98,100.0,92.73,64.55,75.0,20.0,1,1,Comune di Narni,TR,Umbria
c_a662,,Comune di Bari,158,351.96,86.9,100.0,100.0,56.96,75.0,20.0,1,1,Comune di Bari,BA,Puglia
aci,,ACI - Automobile Club Italia,87,351.9,86.89,99.08,98.16,59.66,75.0,20.0,3,1,Automobile Club d'Italia,RM,Lazio
c_d566,,COMUNE DI Poggio San Vicino,25,351.8,86.86,100.0,100.0,56.8,75.0,20.0,1,1,Comune di Poggio San Vicino,MC,Marche
ummc,,Unione Montana Marca di Camerino,12,351.67,86.83,100.0,100.0,56.67,75.0,20.0,1,1,Unione Montana Marca di Camerino,MC,Marche
c_i158,,Comune di San Severino Marche,65,351.62,86.82,100.0,98.77,57.85,75.0,20.0,1,1,Comune di San Severino Marche,MC,Marche
c_e506,,Comune di Lecce,474,351.6,86.81,100.0,67.49,89.11,75.0,20.0,1,1,Comune di Lecce,LE,Puglia
c_i551,,Comune di Scorzè,10,351.0,86.67,100.0,76.0,90.0,65.0,20.0,1,1,Comune di Scorze',VE,Veneto
iipsa,,Istituto Italiano per la Storia Antica,10,351.0,86.67,100.0,100.0,56.0,75.0,20.0,1,1,Istituto Italiano per La Storia Antica,RM,Lazio
c_f552,,Comune di Montelupone,69,350.94,86.65,100.0,96.52,59.42,75.0,20.0,1,1,Comune di Montelupone,MC,Marche
c_f793,,Comune di Muccia,53,350.85,86.63,100.0,98.49,57.36,75.0,20.0,1,1,Comune di Muccia,MC,Marche
c_l501,,Comune di Urbisaglia,61,350.74,86.6,100.0,98.69,57.05,75.0,20.0,1,1,Comune di Urbisaglia,MC,Marche
c_h791,,San Casciano in Val di Pesa,21,350.71,86.6,100.0,65.71,90.0,75.0,20.0,1,1,Comune di San Casciano in Val di Pesa,FI,Toscana
c_f460,,COMUNE DI Monte Cavallo,28,350.71,86.6,100.0,97.14,58.57,75.0,20.0,1,1,Comune di Monte Cavallo,MC,Marche
c_d948,,Comune di Gavorrano,16,350.71,86.6,100.0,57.14,98.57,75.0,20.0,1,1,Comune di Gavorrano,GR,Toscana
c_a947,,Comune di Bolognola,42,350.71,86.6,100.0,98.1,57.62,75.0,20.0,1,1,Comune di Bolognola,MC,Marche
c_i286,,COMUNE DI Sant'Angelo in Pontano,51,350.69,86.59,100.0,98.43,57.25,75.0,20.0,1,1,Comune di Sant'Angelo In Pontano,MC,Marche
c_d853,,Comune di Gagliole,51,350.69,86.59,100.0,98.43,57.25,75.0,20.0,1,1,Comune di Gagliole,MC,Marche
c_l065,,Comune di Tavagnacco,18,350.56,86.56,100.0,95.56,60.0,75.0,20.0,1,1,Comune di Tavagnacco,UD,Friuli-Venezia Giulia
cmbo,,Città Metropolitana di Bologna,31,350.48,86.54,100.0,100.0,55.48,75.0,20.0,1,1,Citta' Metropolitana di Bologna,BO,Emilia-Romagna
c_a329,,Comune di Apiro,59,350.25,86.48,100.0,97.29,57.97,75.0,20.0,1,1,Comune di Apiro,MC,Marche
c_h323,,COMUNE DI Ripe San Ginesio,41,350.12,86.45,100.0,98.05,57.07,75.0,20.0,1,1,Comune di Ripe San Ginesio,MC,Marche
c_d014,,Comune di Cormons,16,350.0,86.42,100.0,95.0,60.0,75.0,20.0,2,1,Comune di Cormons,GO,Friuli-Venezia Giulia
lepida,,Lepida Scpa,2,350.0,86.42,100.0,100.0,60.0,70.0,20.0,1,1,Lepida Scpa,BO,Emilia-Romagna
c_g690,,COMUNE DI Pioraco,56,350.0,86.42,100.0,97.14,57.86,75.0,20.0,1,1,Comune di Pioraco,MC,Marche
c_g657,,COMUNE DI Pieve Torina,50,349.8,86.37,100.0,96.8,58.0,75.0,20.0,1,1,Comune di Pieve Torina,MC,Marche
umavp,,UNIONE MONTANA POTENZA ESINO MUSONE,19,349.74,86.36,100.0,100.0,54.74,75.0,20.0,1,1,Unione Montana Potenza Esino Musone,MC,Marche
c_i686,,Comune di Sesto al Reghena,15,349.67,86.34,100.0,94.67,60.0,75.0,20.0,1,1,Comune di Sesto al Reghena,PN,Friuli-Venezia Giulia
unive,,Università Ca' Foscari Venezia,15,349.67,86.34,100.0,94.67,60.0,75.0,20.0,1,1,Universita' Ca' Foscari di Venezia,VE,Veneto
c_g515,,Comune di Petriolo,60,349.67,86.34,100.0,97.33,57.33,75.0,20.0,1,1,Comune di Petriolo,MC,Marche
c_i661,,COMUNE DI Serravalle di Chienti,33,349.55,86.31,100.0,97.58,56.97,75.0,20.0,1,1,Comune di Serravalle di Chienti,MC,Marche
c_l366,,Comune di Treia,77,349.55,86.31,100.0,96.88,57.66,75.0,20.0,1,1,Comune di Treia,MC,Marche
c_l517,,Comune di Ussita,47,349.47,86.29,100.0,96.6,57.87,75.0,20.0,1,1,Comune di Ussita,MC,Marche
c_e986,,Comune di Martina Franca,32,349.38,86.27,100.0,65.0,89.38,75.0,20.0,1,1,Comune di Martina Franca,TA,Puglia
c_m408,,Comune di Barberino Tavarnelle,32,349.0,86.17,100.0,65.78,88.22,75.0,20.0,1,1,Comune di Barberino Tavarnelle,FI,Toscana
c_f622,,Comune di Monte San Martino,41,348.66,86.09,100.0,96.1,57.56,75.0,20.0,1,1,Comune di Monte San Martino,MC,Marche
c_c886,,Comune di Colmurano,47,348.62,86.08,100.0,96.6,57.02,75.0,20.0,1,1,Comune di Colmurano,MC,Marche
c_d564,,COMUNE DI Fiastra,39,348.33,86.01,100.0,95.9,57.44,75.0,20.0,1,1,Comune di Fiastra,MC,Marche
c_g919,,Comune di Porto Recanati,100,348.0,85.93,100.0,96.0,57.0,75.0,20.0,1,1,Comune di Porto Recanati,MC,Marche
c_f268,,Comune di Mogliano,73,347.88,85.9,100.0,95.62,57.26,75.0,20.0,1,1,Comune di Mogliano,MC,Marche
c_g098,,Comune di Oria,21,347.86,85.89,100.0,65.71,87.14,75.0,20.0,1,1,Comune di Oria,BR,Puglia
c_e694,,COMUNE DI Loro Piceno,56,347.86,85.89,100.0,95.71,57.14,75.0,20.0,1,1,Comune di Loro Piceno,MC,Marche
c_h222,,Comune di Reggello,17,347.67,85.84,100.0,54.67,98.0,75.0,20.0,1,1,Comune di Reggello,FI,Toscana
c_c704,,Comune di Cingoli,95,347.42,85.78,100.0,94.95,57.47,75.0,20.0,1,1,Comune di Cingoli,MC,Marche
c_b398,,Comune di Caldarola,50,347.4,85.78,100.0,95.2,57.2,75.0,20.0,1,1,Comune di Caldarola,MC,Marche
c_c415,,Comune di Cecina,17,347.35,85.77,100.0,71.76,80.59,75.0,20.0,1,1,Comune di Cecina,LI,Toscana
c_c582,,Comune di Cessapalombo,47,347.34,85.76,100.0,94.89,57.45,75.0,20.0,1,1,Comune di Cessapalombo,MC,Marche
c_i436,,COMUNE DI Sarnano,52,347.31,85.76,100.0,95.38,56.92,75.0,20.0,1,1,Comune di Sarnano,MC,Marche
p_tn,,Provincia Autonoma di Trento,1093,347.03,85.69,100.0,92.97,59.24,74.82,20.0,1,1,Provincia Autonoma di Trento,TN,Trentino-Alto Adige/Südtirol
c_i651,,COMUNE DI Serrapetrona,45,347.0,85.68,100.0,94.67,57.33,75.0,20.0,1,1,Comune di Serrapetrona,MC,Marche
c_c817,,Comune di Codroipo,10,347.0,85.68,100.0,92.0,60.0,75.0,20.0,1,1,Comune di Codroipo,UD,Friuli-Venezia Giulia
p_pe,,Provincia di Pescara,21,346.9,85.65,100.0,61.9,90.0,75.0,20.0,1,1,Provincia di Pescara,PE,Abruzzo
c_c251,,Comune di Castelraimondo,63,346.75,85.62,100.0,93.65,58.1,75.0,20.0,1,1,Comune di Castelraimondo,MC,Marche
c_b562,,Comune di Camporotondo di Fiastrone,45,346.56,85.57,100.0,94.67,56.89,75.0,20.0,1,1,Comune di Camporotondo di Fiastrone,MC,Marche
c_f482,,Comune di Montecosaro,54,346.48,85.55,100.0,94.07,57.41,75.0,20.0,1,1,Comune di Montecosaro,MC,Marche
c_b007,,Borgo a Mozzano,16,346.25,85.49,100.0,65.0,86.25,75.0,20.0,2,1,Comune di Borgo a Mozzano,LU,Toscana
c_m078,,Comune di Visso,58,346.03,85.44,100.0,94.48,56.55,75.0,20.0,1,1,Comune di Visso,MC,Marche
c_m403,,Comune di Corigliano-Rossano,12,345.83,85.39,100.0,100.0,60.0,65.83,20.0,1,1,Comune di Corigliano-Rossano,CS,Calabria
m_it,,Ministero dell'Interno,38,345.53,85.32,96.32,100.0,60.0,69.21,20.0,1,1,Ministero dell'Interno,RM,Lazio
c_d429,,Comune di Esanatoglia,61,345.49,85.31,100.0,93.44,57.05,75.0,20.0,1,1,Comune di Esanatoglia,MC,Marche
c_a999,,Comune di Borghetto Santo Spirito,3,345.0,85.19,100.0,100.0,60.0,65.0,20.0,1,1,Comune di Borghetto Santo Spirito,SV,Liguria
c_i337,,Comune di Santhià,3,345.0,85.19,100.0,100.0,60.0,65.0,20.0,1,1,Comune di Santhia',VC,Piemonte
c_f133,,Comune di Merate,5,345.0,85.19,100.0,100.0,60.0,65.0,20.0,1,1,Comune di Merate,LC,Lombardia
c_h238,,Comune di Resana,3,345.0,85.19,100.0,70.0,90.0,65.0,20.0,1,1,Comune di Resana,TV,Veneto
c_b850,,Comune di Carugate,3,345.0,85.19,100.0,70.0,90.0,65.0,20.0,1,1,Comune di Carugate,MI,Lombardia
iarls,,Intercent-ER Agenzia Regionale per lo Sviluppo dei Mercati Telematici,8,345.0,85.19,100.0,100.0,60.0,65.0,20.0,1,1,Intercent-er Agenzia Regionale per Lo Sviluppo Dei Mercati Telematici,BO,Emilia-Romagna
eavs,,Ente Autonomo Volturno Srl,5,345.0,85.19,100.0,100.0,60.0,65.0,20.0,1,1,Ente Autonomo Volturno Srl,NA,Campania
c_h235,,Comune di Rende,9,345.0,85.19,100.0,100.0,60.0,65.0,20.0,1,1,Comune di Rende,CS,Calabria
uvv_033,,Unione Valnure e Valchero,3,345.0,85.19,100.0,100.0,60.0,65.0,20.0,1,1,Unione Valnure e Valchero,PC,Emilia-Romagna
ccpbosc,,Consorzio dei Comuni della Provincia di Bolzano,1,345.0,85.19,100.0,100.0,60.0,65.0,20.0,2,1,Consorzio dei Comuni della Provincia di Bolzano Societa' Cooperativa,BZ,Trentino-Alto Adige/Südtirol
c_e263,,Comune di Guidonia Montecelio,5,345.0,85.19,100.0,100.0,60.0,65.0,20.0,1,1,Comune di Guidonia Montecelio,RM,Lazio
udcc_090,,Unione dei Comuni del Coros,6,345.0,85.19,100.0,100.0,60.0,65.0,20.0,1,1,Unione Dei Comuni del Coros,SS,Sardegna
c_f874,,Comune di Nerviano,10,345.0,85.19,100.0,100.0,60.0,65.0,20.0,1,1,Comune di Nerviano,MI,Lombardia
c_h088,,Comune di Pula,2,345.0,85.19,100.0,100.0,60.0,65.0,20.0,1,1,Comune di Pula,CA,Sardegna
c_m295,,Comune di San Cesareo,1,345.0,85.19,100.0,100.0,60.0,65.0,20.0,1,1,Comune di San Cesareo,RM,Lazio
kis1nl,,Gemeinde Bozen,1,345.0,85.19,100.0,100.0,60.0,65.0,20.0,2,0,,,
c_i569,,Comune di Sefro,42,344.05,84.95,100.0,92.38,56.67,75.0,20.0,1,1,Comune di Sefro,MC,Marche
udsb_pz,,Università della Basilicata,29,343.97,84.93,100.0,88.97,60.0,75.0,20.0,1,1,Universita Degli Studi della Basilicata,PZ,Basilicata
c_a739,,Comune di Belforte del Chienti,54,343.89,84.91,100.0,91.11,57.78,75.0,20.0,1,1,Comune di Belforte del Chienti,MC,Marche
c_f567,,Comune di Pollenza,61,343.85,84.9,100.0,92.13,56.72,75.0,20.0,1,1,Comune di Pollenza,MC,Marche
c_d042,,Comune di Corridonia,78,343.72,84.87,100.0,91.79,56.92,75.0,20.0,1,1,Comune di Corridonia,MC,Marche
c_d027,,Comune di Corno di Rosazzo,7,343.57,84.83,100.0,88.57,60.0,75.0,20.0,1,1,Comune di Corno di Rosazzo,UD,Friuli-Venezia Giulia
aspa_bz,,Azienda Sanitaria dell'Alto Adige,6,343.33,84.77,100.0,100.0,56.67,66.67,20.0,2,1,Azienda Sanitaria dell'Alto Adige - Suedtiroler Sanitaetsbetrieb,BZ,Trentino-Alto Adige/Südtirol
c_e228,,COMUNE DI Gualdo,44,343.18,84.74,100.0,90.91,57.27,75.0,20.0,1,1,Comune di Gualdo,MC,Marche
cciaa_rm,,Camera di Commercio Industria Artigianato e Agricoltura di Roma,20,343.0,84.69,100.0,100.0,58.0,65.0,20.0,1,1,"Camera di Commercio, Industria, Artigianato e Agricoltura di Roma",RM,Lazio
c_f454,,Comune di Montecassiano,73,342.95,84.68,100.0,91.23,56.71,75.0,20.0,1,1,Comune di Montecassiano,MC,Marche
r_basili,,Regione Basilicata,224,342.9,84.67,98.39,53.57,95.94,75.0,20.0,1,1,Regione Basilicata,PZ,Basilicata
c_c621,,Comune di Chiavari,53,342.74,84.63,100.0,57.74,90.0,75.0,20.0,1,1,Comune di Chiavari,GE,Liguria
c_b474,,Comune di Camerino,81,342.41,84.55,100.0,91.11,56.3,75.0,20.0,1,1,Comune di Camerino,MC,Marche
c_e671,,Comune di Longare,15,342.33,84.53,100.0,57.33,90.0,75.0,20.0,1,1,Comune di Longare,VI,Veneto
aa1d3a2,,PCM - Dipartimento per la trasformazione digitale,27,342.04,84.45,100.0,97.04,60.0,65.0,20.0,1,0,,,
c_d612,,Comune di Firenze,1990,342.01,84.45,100.0,61.68,85.35,74.98,19.99,1,1,Comune di Firenze,FI,Toscana
c_h876,,Comune di San Ginesio,63,341.98,84.44,100.0,89.84,57.14,75.0,20.0,1,1,Comune di San Ginesio,MC,Marche
c_d628,,Comune di Fiuminata,58,341.9,84.42,100.0,90.34,56.55,75.0,20.0,1,1,Comune di Fiuminata,MC,Marche
c_b598,,Comune di Caneva,6,341.67,84.36,100.0,86.67,60.0,75.0,20.0,1,1,Comune di Caneva,PN,Friuli-Venezia Giulia
c_l191,,Comune di Tolentino,79,340.82,84.15,100.0,91.9,53.92,75.0,20.0,1,1,Comune di Tolentino,MC,Marche
c_f384,,Comune di Monsummano Terme,161,340.34,84.03,100.0,72.05,73.29,75.0,20.0,1,1,Comune di Monsummano Terme,PT,Toscana
m_sa,,Ministero della Salute,51,340.1,83.98,100.0,62.35,82.75,75.0,20.0,1,1,Ministero della Salute,RM,Lazio
00586190217,,STA - Strutture Trasporto Alto Adige SpA,2,340.0,83.95,100.0,100.0,50.0,70.0,20.0,2,0,,,
c_b406,,Comune di Calenzano,16,340.0,83.95,100.0,55.0,90.0,75.0,20.0,1,1,Comune di Calenzano,FI,Toscana
c_h665,,Comune di Sagrado,5,339.0,83.7,100.0,84.0,60.0,75.0,20.0,1,1,Comune di Sagrado,GO,Friuli-Venezia Giulia
c_l325,,Comune di Tramonti di Sotto,5,339.0,83.7,100.0,84.0,60.0,75.0,20.0,1,1,Comune di Tramonti di Sotto,PN,Friuli-Venezia Giulia
c_c758,,Comune di Cividale del Friuli,5,339.0,83.7,100.0,84.0,60.0,75.0,20.0,1,1,Comune di Cividale del Friuli,UD,Friuli-Venezia Giulia
c_l057,,Comune di Tarvisio,5,339.0,83.7,100.0,84.0,60.0,75.0,20.0,1,1,Comune di Tarvisio,UD,Friuli-Venezia Giulia
c_c790,,Comune di Claut,5,339.0,83.7,100.0,84.0,60.0,75.0,20.0,1,1,Comune di Claut,PN,Friuli-Venezia Giulia
c_d804,,Comune di Frisanco,5,339.0,83.7,100.0,84.0,60.0,75.0,20.0,1,1,Comune di Frisanco,PN,Friuli-Venezia Giulia
c_d426,,Comune di Erto e Casso,5,339.0,83.7,100.0,84.0,60.0,75.0,20.0,1,1,Comune di Erto e Casso,PN,Friuli-Venezia Giulia
c_a530,,Comune di Azzano Decimo,5,339.0,83.7,100.0,84.0,60.0,75.0,20.0,1,1,Comune di Azzano Decimo,PN,Friuli-Venezia Giulia
c_i904,,Comune di Spilimbergo,5,339.0,83.7,100.0,84.0,60.0,75.0,20.0,1,1,Comune di Spilimbergo,PN,Friuli-Venezia Giulia
c_c699,,Comune di Cimolais,5,339.0,83.7,100.0,84.0,60.0,75.0,20.0,1,1,Comune di Cimolais,PN,Friuli-Venezia Giulia
c_h040,,Comune di Prepotto,5,339.0,83.7,100.0,84.0,60.0,75.0,20.0,1,1,Comune di Prepotto,UD,Friuli-Venezia Giulia
c_c640,,Comune di Chions,5,339.0,83.7,100.0,84.0,60.0,75.0,20.0,1,1,Comune di Chions,PN,Friuli-Venezia Giulia
c_b309,,Comune di Buttrio,5,339.0,83.7,100.0,84.0,60.0,75.0,20.0,1,1,Comune di Buttrio,UD,Friuli-Venezia Giulia
c_f275,,Comune di Moimacco,5,339.0,83.7,100.0,84.0,60.0,75.0,20.0,1,1,Comune di Moimacco,UD,Friuli-Venezia Giulia
c_h906,,Comune di San Giovanni al Natisone,5,339.0,83.7,100.0,84.0,60.0,75.0,20.0,1,1,Comune di San Giovanni Al Natisone,UD,Friuli-Venezia Giulia
c_h531,,Comune di Ronchi dei Legionari,5,339.0,83.7,100.0,84.0,60.0,75.0,20.0,1,1,Comune di Ronchi dei Legionari,GO,Friuli-Venezia Giulia
c_h010,,Comune di Pravisdomini,5,339.0,83.7,100.0,84.0,60.0,75.0,20.0,1,1,Comune di Pravisdomini,PN,Friuli-Venezia Giulia
c_e083,,Comune di Gonars,5,339.0,83.7,100.0,84.0,60.0,75.0,20.0,1,1,Comune di Gonars,UD,Friuli-Venezia Giulia
c_l324,,Comune di Tramonti di Sopra,5,339.0,83.7,100.0,84.0,60.0,75.0,20.0,1,1,Comune di Tramonti di Sopra,PN,Friuli-Venezia Giulia
c_g389,,Comune di Pavia di Udine,5,339.0,83.7,100.0,84.0,60.0,75.0,20.0,1,1,Comune di Pavia di Udine,UD,Friuli-Venezia Giulia
c_c267,,Comune di Castelsantangelo sul Nera,52,338.46,83.57,100.0,87.69,55.77,75.0,20.0,1,1,Comune di Castelsantangelo Sul Nera,MC,Marche
c_e471,,Comune di Latiano,9,338.33,83.54,100.0,55.56,87.78,75.0,20.0,1,1,Comune di Latiano,BR,Puglia
c_a809,,Comune di Bertinoro,7,337.86,83.42,100.0,88.57,54.29,75.0,20.0,1,1,Comune di Bertinoro,FC,Emilia-Romagna
c_f632,,Comune di Potenza Picena,88,337.5,83.33,100.0,88.18,54.32,75.0,20.0,1,1,Comune di Potenza Picena,MC,Marche
c_g752,,Comune di Poggibonsi,28,337.14,83.24,100.0,57.14,85.0,75.0,20.0,1,1,Comune di Poggibonsi,SI,Toscana
c_i293,,Comune di Sant'Antimo,10,337.0,83.21,100.0,100.0,52.0,65.0,20.0,1,1,Comune di Sant'Antimo,NA,Campania
c_a475,,Comune di Assisi,6,336.67,83.13,100.0,91.67,60.0,65.0,20.0,1,1,Comune di Assisi,PG,Umbria
c_d171,,Comune di Crispiano,36,335.56,82.85,100.0,53.33,87.22,75.0,20.0,1,1,Comune di Crispiano,TA,Puglia
c_b259,,Comune di Buja,4,335.0,82.72,100.0,80.0,60.0,75.0,20.0,1,1,Comune di Buja,UD,Friuli-Venezia Giulia
c_f816,,Comune di Muro Leccese,12,335.0,82.72,100.0,53.33,86.67,75.0,20.0,1,1,Comune di Muro Leccese,LE,Puglia
c_h816,,Comune di San Daniele del Friuli,4,335.0,82.72,100.0,80.0,60.0,75.0,20.0,1,1,Comune di San Daniele del Friuli,UD,Friuli-Venezia Giulia
istat,,Istituto Nazionale di Statistica - ISTAT,13,335.0,82.72,100.0,100.0,40.0,75.0,20.0,1,1,Istituto Nazionale di Statistica - ISTAT,RM,Lazio
c_a103,,Comune di Aiello del Friuli,4,335.0,82.72,100.0,80.0,60.0,75.0,20.0,1,1,Comune di Aiello del Friuli,UD,Friuli-Venezia Giulia
c_l382,,Comune di Treppo Grande,4,335.0,82.72,100.0,80.0,60.0,75.0,20.0,1,1,Comune di Treppo Grande,UD,Friuli-Venezia Giulia
c_h089,,Comune di Pulfero,4,335.0,82.72,100.0,80.0,60.0,75.0,20.0,1,1,Comune di Pulfero,UD,Friuli-Venezia Giulia
agcom,,AGCOM,1,335.0,82.72,100.0,50.0,90.0,75.0,20.0,1,1,Autorita' per le Garanzie nelle Comunicazioni - AGCOM,NA,Campania
c_f749,,COMUNE di Morrovalle,57,334.65,82.63,100.0,81.75,57.89,75.0,20.0,1,1,Comune di Morrovalle,MC,Marche
c_969,,Comune di Genova,104,334.52,82.6,100.0,51.54,87.98,75.0,20.0,1,0,,,
bdi_rm,,Banca d'Italia,80,334.38,82.56,100.0,99.38,40.0,75.0,20.0,1,1,Banca D'Italia,RM,Lazio
c_c609,,Comune di Chianni,15,334.33,82.55,100.0,62.67,76.67,75.0,20.0,1,1,Comune di Chianni,PI,Toscana
r_emiro,,Regione Emilia-Romagna,640,333.44,82.33,100.0,87.19,51.25,75.0,20.0,1,1,Regione Emilia-Romagna,BO,Emilia-Romagna
p_bz,,Provincia Autonoma di Bolzano - Alto Adige,890,332.89,82.2,100.0,98.1,45.33,69.46,20.0,70,1,Provincia Autonoma di Bolzano,BZ,Trentino-Alto Adige/Südtirol
crsa,,CREA - Consiglio per la ricerca in agricoltura e l'analisi dell'economia agraria,8,331.25,81.79,100.0,100.0,40.0,71.25,20.0,1,1,Consiglio per la ricerca in agricoltura e l'analisi dell'economia agraria,RM,Lazio
c_c745,,Comune di Città di Castello,11,330.45,81.59,100.0,63.64,71.82,75.0,20.0,1,1,Comune di Citta' di Castello,PG,Umbria
trafair,,Trafair,6,330.0,81.48,100.0,60.0,75.0,75.0,20.0,1,0,,,
c_f023,,Comune di Massa,8,330.0,81.48,100.0,60.0,75.0,75.0,20.0,1,1,Comune di Massa,MS,Toscana
c_a657,,Comune di Barga,12,329.17,81.28,100.0,46.67,87.5,75.0,20.0,1,1,Comune di Barga,LU,Toscana
arpa_umb,,Agenzia Regionale per la Protezione dell'Ambiente dell'Umbria,32,329.06,81.25,100.0,94.38,39.69,75.0,20.0,1,1,Agenzia Regionale per la Protezione dell'Ambiente dell'Umbria,TR,Umbria
cvtiap,,anticorruzione,70,328.57,81.13,100.0,43.57,90.0,75.0,20.0,1,1,Autorita' Nazionale Anticorruzione - A.N.AC.,RM,Lazio
c_d969,,Comune di Genova,45,328.56,81.13,100.0,45.11,88.44,75.0,20.0,2,1,Comune di Genova,GE,Liguria
c_d312,,Comune di Doberdo' del Lago,3,328.33,81.07,100.0,73.33,60.0,75.0,20.0,1,1,Comune di Doberdo' del Lago - Obcina Doberdob,GO,Friuli-Venezia Giulia
c_e889,,Comune di Maniago,3,328.33,81.07,100.0,73.33,60.0,75.0,20.0,1,1,Comune di Maniago,PN,Friuli-Venezia Giulia
c_m200,,Comune di Zuglio,3,328.33,81.07,100.0,73.33,60.0,75.0,20.0,1,1,Comune di Zuglio,UD,Friuli-Venezia Giulia
uc_sorba,,Unione Comuni del Sorbara,6,328.33,81.07,100.0,73.33,60.0,75.0,20.0,1,1,Unione Comuni Del Sorbara,MO,Emilia-Romagna
p.iva 06360270018,,5T S.r.l.,3,328.33,81.07,100.0,73.33,60.0,75.0,20.0,1,0,,,
c_h161,,Comune di Ragogna,3,328.33,81.07,100.0,73.33,60.0,75.0,20.0,1,1,Comune di Ragogna,UD,Friuli-Venezia Giulia
c_h891,,Comune di San Giorgio della Richinvelda,3,328.33,81.07,100.0,73.33,60.0,75.0,20.0,1,1,Comune di San Giorgio della Richinvelda,PN,Friuli-Venezia Giulia
c_m0954j,,Comune di Vivaro,3,328.33,81.07,100.0,73.33,60.0,75.0,20.0,1,1,Comune di Vivaro Romano,RM,Lazio
c_c791,,Comune di Clauzetto,3,328.33,81.07,100.0,73.33,60.0,75.0,20.0,1,1,Comune di Clauzetto,PN,Friuli-Venezia Giulia
c_d461,,Comune di Fagagna,3,328.33,81.07,100.0,73.33,60.0,75.0,20.0,1,1,Comune di Fagagna,UD,Friuli-Venezia Giulia
c_b215,,Comune di Brugnera,3,328.33,81.07,100.0,73.33,60.0,75.0,20.0,1,1,Comune di Brugnera,PN,Friuli-Venezia Giulia
c_g680,,Comune di Pinzano al Tagliamento,3,328.33,81.07,100.0,73.33,60.0,75.0,20.0,1,1,Comune di Pinzano al Tagliamento,PN,Friuli-Venezia Giulia
c_a354,,Comune di Arba,3,328.33,81.07,100.0,73.33,60.0,75.0,20.0,1,1,Comune di Arba,PN,Friuli-Venezia Giulia
c_a855,,Comune di Bicinicco,3,328.33,81.07,100.0,73.33,60.0,75.0,20.0,1,1,Comune di Bicinicco,UD,Friuli-Venezia Giulia
c_m311,,Comune di Campolongo Tapogliano,3,328.33,81.07,100.0,73.33,60.0,75.0,20.0,1,1,Comune di Campolongo Tapogliano,UD,Friuli-Venezia Giulia
c_f089,,Comune di Meduno,3,328.33,81.07,100.0,73.33,60.0,75.0,20.0,1,1,Comune di Meduno,PN,Friuli-Venezia Giulia
c_a893,,Comune di Bitonto,55,326.82,80.7,100.0,41.82,90.0,75.0,20.0,1,1,Comune di Bitonto,BA,Puglia
ls_ca,,Agenzia Laore Sardegna,12,326.67,80.66,100.0,71.67,60.0,75.0,20.0,1,1,Laore Sardegna,CA,Sardegna
c_i726,,Comune di Siena,328,325.67,80.41,100.0,56.04,74.63,75.0,20.0,1,1,Comune di Siena,SI,Toscana
c_i225,,Comune di Santa Margherita Ligure,56,325.54,80.38,100.0,40.54,90.0,75.0,20.0,1,1,Comune di Santa Margherita Ligure,GE,Liguria
c_c608,,Comune di Chianciano Terme,1,325.0,80.25,100.0,70.0,60.0,75.0,20.0,1,1,Comune di Chianciano Terme,SI,Toscana
c_b132,,Comune di Breganze,3,325.0,80.25,100.0,70.0,60.0,75.0,20.0,1,1,Comune di Breganze,VI,Veneto
c_i207,,Comune di Santa Giustina in Colle,3,325.0,80.25,100.0,70.0,60.0,75.0,20.0,1,1,Comune di Santa Giustina in Colle,PD,Veneto
c_f132,,Comune di Merano,8,325.0,80.25,100.0,80.0,50.0,75.0,20.0,5,1,Comune di Merano,BZ,Trentino-Alto Adige/Südtirol
c_m401,,Comune di Barbarano Mossano,3,325.0,80.25,100.0,70.0,60.0,75.0,20.0,1,1,Comune di Barbarano Mossano,VI,Veneto
c_g688,,Comune di Piombino Dese,3,325.0,80.25,100.0,70.0,60.0,75.0,20.0,1,1,Comune di Piombino Dese,PD,Veneto
c_d674,,Comune di Fontanelle,3,325.0,80.25,100.0,70.0,60.0,75.0,20.0,1,1,Comune di Fontanelle,TV,Veneto
uni_bo/cle/aform,,AFORM - Education Division,26,325.0,80.25,100.0,50.77,79.23,75.0,20.0,2,0,,,
c_f978,,Comune di Numana,29,324.66,80.16,100.0,69.66,60.0,75.0,20.0,1,1,Comune di Numana,AN,Marche
c_l833,,Comune di Viareggio,58,323.47,79.87,100.0,35.56,92.92,75.0,20.0,1,1,Comune di Viareggio,LU,Toscana
c_f979,,Comune di Nuoro,5,323.0,79.75,100.0,100.0,36.0,67.0,20.0,1,1,Comune di Nuoro,NU,Sardegna
c_i240,,Comune di Santa Maria di Licodia,43,319.88,78.98,100.0,34.88,90.0,75.0,20.0,1,1,Comune di Santa Maria di Licodia,CT,Sicilia
c_c770,,Comune di Civitanova Marche,118,319.07,78.78,100.0,70.85,53.22,75.0,20.0,1,1,Comune di Civitanova Marche,MC,Marche
c_cp112,,Comune di Castelfranco Piandiscò,192,318.33,78.6,100.0,34.17,89.17,75.0,20.0,2,1,Comune di Castelfranco Piandisco',AR,Toscana
unrengal,,Unione Reno Galliera,21,317.38,78.37,100.0,65.71,61.9,69.76,20.0,1,1,Unione Reno Galliera,BO,Emilia-Romagna
cr_campa,,Consiglio Regionale della Campania,25,317.0,78.27,62.0,100.0,60.0,75.0,20.0,1,1,Consiglio Regionale della Campania,NA,Campania
c_g478,,Comune di Perugia,9,316.11,78.05,100.0,64.44,56.67,75.0,20.0,1,1,Comune di Perugia,PG,Umbria
aptss,,APT Servizi,2,315.0,77.78,100.0,60.0,60.0,75.0,20.0,1,1,Apt Servizi Srl,BO,Emilia-Romagna
08555280018,,GTT - Gruppo Torinese Trasporti,3,315.0,77.78,100.0,73.33,46.67,75.0,20.0,1,0,,,
c_c385,,Comune di Cavasso Nuovo,4,315.0,77.78,100.0,60.0,60.0,75.0,20.0,1,1,Comune di Cavasso Nuovo,PN,Friuli-Venezia Giulia
c_b536,,Comune di Campoformido,2,315.0,77.78,100.0,60.0,60.0,75.0,20.0,1,1,Comune di Campoformido,UD,Friuli-Venezia Giulia
r_toscan,,Regione Toscana,448,314.8,77.73,100.0,32.77,87.97,74.29,19.78,1,1,Regione Toscana,FI,Toscana
ciss_chi,,Consorzio Intercomunale Servizi Sociali di Chivasso,17,314.41,77.63,100.0,29.41,90.0,75.0,20.0,1,1,Consorzio Intercomunale Servizi Sociali di Chivasso,TO,Piemonte
cciaa_lu,,Camera di Commercio Industria Artigianato Agricoltura di Lucca,44,314.09,77.55,100.0,27.27,91.82,75.0,20.0,1,0,,,
c_a390,,Comune di Arezzo,983,313.32,77.36,100.0,39.13,79.2,75.0,20.0,1,1,Comune di Arezzo,AR,Toscana
c_c773,,Comune di Civitavecchia,10,313.0,77.28,100.0,68.0,60.0,65.0,20.0,1,1,Comune di Civitavecchia,RM,Lazio
c_e666,,Comune di Lonate Pozzolo,5,313.0,77.28,100.0,68.0,60.0,65.0,20.0,1,1,Comune di Lonate Pozzolo,VA,Lombardia
c_b809,,Comune di Carovigno,58,311.9,77.01,100.0,26.9,90.0,75.0,20.0,1,1,Comune di Carovigno,BR,Puglia
c_l378,,Comune di Trento,38,311.32,76.87,100.0,56.58,59.74,75.0,20.0,1,0,,,
r_marche,,Regione Marche,76,310.66,76.71,100.0,54.74,60.92,75.0,20.0,1,1,Regione Marche,AN,Marche
c_l123,,Comune di Terranuova Bracciolini,15,310.33,76.62,100.0,25.33,90.0,75.0,20.0,1,1,Comune di Terranuova Bracciolini,AR,Toscana
c_h061,,Comune di Prignano sulla Secchia,48,308.96,76.29,100.0,23.96,90.0,75.0,20.0,1,1,Comune di Prignano sulla Secchia,MO,Emilia-Romagna
c_f127,,Comune di Mentana,45,308.56,76.19,100.0,23.56,90.0,75.0,20.0,1,1,Comune di Mentana,RM,Lazio
cmge,,CMGE,6,308.33,76.13,100.0,60.0,60.0,68.33,20.0,1,1,Citta' Metropolitana di Genova,GE,Liguria
uni_bo/cle/arag,,ARAG - Finance and Subsidiaries Division,6,308.33,76.13,100.0,46.67,66.67,75.0,20.0,2,0,,,
c_c963,,Comune di Conselice,8,307.5,75.93,100.0,40.0,72.5,75.0,20.0,1,1,Comune di Conselice,RA,Emilia-Romagna
c_a035,,Comune di Acqualagna,9,307.22,75.86,100.0,46.67,65.56,75.0,20.0,1,1,Comune di Acqualagna,PU,Marche
c_c312,,Comune di Castiglione delle Stiviere,36,307.22,75.86,100.0,22.22,90.0,75.0,20.0,1,1,Comune di Castiglione delle Stiviere,MN,Lombardia
c_e801,,Comune di Magenta,40,307.0,75.8,100.0,22.0,90.0,75.0,20.0,1,1,Comune di Magenta,MI,Lombardia
c_a365,,Comune di Arcene,41,306.95,75.79,100.0,21.95,90.0,75.0,20.0,1,1,Comune di Arcene,BG,Lombardia
arpat,,ARPAT - Agenzia regionale per la protezione ambientale della Toscana,59,306.36,75.64,100.0,21.36,90.0,75.0,20.0,1,1,Agenzia Regionale per la protezione ambientale della Toscana,FI,Toscana
m_bac-m900m0,,Istituto centrale per il catalogo e la documentazione,23,305.87,75.52,100.0,20.0,90.87,75.0,20.0,1,0,,,
c_g535,,Comune di Piacenza,72,305.69,75.48,100.0,20.69,90.0,75.0,20.0,1,1,Comune di Piacenza,PC,Emilia-Romagna
p_lu,,Provincia di Lucca,94,305.43,75.41,100.0,20.0,90.43,75.0,20.0,1,1,Provincia di Lucca,LU,Toscana
c_d297,,Comune di Diano Marina,6,305.0,75.31,100.0,20.0,90.0,75.0,20.0,1,1,Comune di Diano Marina,IM,Liguria
cdccl,,Consorzio Dei Comuni del Cassinate per La Programmazione e Gestione Dei Servizi Sociali,6,305.0,75.31,100.0,20.0,90.0,75.0,20.0,1,1,Consorzio Dei Comuni del Cassinate per La Programmazione e Gestione Dei Servizi Sociali,FR,Lazio
c_b893,,Comune di Casalgrande,28,305.0,75.31,100.0,20.0,90.0,75.0,20.0,1,1,Comune di Casalgrande,RE,Emilia-Romagna
c_a225,,Comune di Altamura,32,305.0,75.31,100.0,20.0,90.0,75.0,20.0,1,1,Comune di Altamura,BA,Puglia
c_i330,,Comune di Santeramo in Colle,16,305.0,75.31,100.0,20.0,90.0,75.0,20.0,1,1,Comune di Santeramo in Colle,BA,Puglia
c_g087,,Comune di Orbassano,47,305.0,75.31,100.0,20.0,90.0,75.0,20.0,1,1,Comune di Orbassano,TO,Piemonte
p_fc,,Provincia di Forli' Cesena,22,305.0,75.31,100.0,20.0,90.0,75.0,20.0,1,1,Provincia di Forli' Cesena,FC,Emilia-Romagna
c_d403,,Comune di Empoli,2,305.0,75.31,100.0,20.0,90.0,75.0,20.0,1,1,Comune di Empoli,FI,Toscana
c_i660,,Comune di Serravalle Pistoiese,2,305.0,75.31,100.0,20.0,90.0,75.0,20.0,1,1,Comune di Serravalle Pistoiese,PT,Toscana
ars_tosc,,Ars,2,305.0,75.31,100.0,20.0,90.0,75.0,20.0,1,1,Agenzia Regionale di Sanita della Toscana,FI,Toscana
cvfp,,Commissione di Vigilanza Sui Fondi Pensione,18,305.0,75.31,100.0,20.0,90.0,75.0,20.0,1,1,Commissione di Vigilanza Sui Fondi Pensione,RM,Lazio
c_g634,,Comune di Pieve Emanuele,29,305.0,75.31,100.0,20.0,90.0,75.0,20.0,1,1,Comune di Pieve Emanuele,MI,Lombardia
c_b036,,Comune di Borgo San Lorenzo,37,305.0,75.31,100.0,20.0,90.0,75.0,20.0,1,1,Comune di Borgo San Lorenzo,FI,Toscana
c_i684,,Comune di Sesto Fiorentino,53,305.0,75.31,100.0,20.0,90.0,75.0,20.0,1,1,Comune di Sesto Fiorentino,FI,Toscana
cgatc_,,Consorzio di Gestione Area Marina Protetta Torre del Cerrano,3,305.0,75.31,100.0,20.0,90.0,75.0,20.0,1,1,Consorzio di Gestione Amp Torre del Cerrano,TE,Abruzzo
uts_re,,Unione Tresinaro Secchia,9,305.0,75.31,100.0,20.0,90.0,75.0,20.0,1,1,Unione Tresinaro Secchia,RE,Emilia-Romagna
c_a459,,Comune di Arzignano,27,305.0,75.31,100.0,20.0,90.0,75.0,20.0,1,1,Comune di Arzignano,VI,Veneto
c_b960,,Comune di Caselle Torinese,31,305.0,75.31,100.0,20.0,90.0,75.0,20.0,1,1,Comune di Caselle Torinese,TO,Piemonte
c_f269,,Comune di Mogliano Veneto,42,305.0,75.31,100.0,20.0,90.0,75.0,20.0,1,1,Comune di Mogliano Veneto,TV,Veneto
c_f563,,Comune di Montemesola,40,305.0,75.31,100.0,20.0,90.0,75.0,20.0,1,1,Comune di Montemesola,TA,Puglia
c_b248,,Comune di Budoni,29,305.0,75.31,100.0,20.0,90.0,75.0,20.0,1,1,Comune di Budoni,OT,Sardegna
cir_emva,,Unione dei Comuni del Circondario Empolese Valdelsa,1,305.0,75.31,100.0,20.0,90.0,75.0,20.0,1,1,Unione dei Comuni Circondario dell'Empolese Valdelsa,FI,Toscana
c_c912,,Comune di Comacchio,50,305.0,75.31,100.0,20.0,90.0,75.0,20.0,1,1,Comune di Comacchio,FE,Emilia-Romagna
asl14_vco,,Azienda Sanitaria Locale VCO,10,305.0,75.31,100.0,20.0,90.0,75.0,20.0,1,1,Azienda Sanitaria Locale VCO,VB,Piemonte
c_e496,,Comune di Laveno Mombello,31,305.0,75.31,100.0,20.0,90.0,75.0,20.0,1,1,Comune di Laveno Mombello,VA,Lombardia
c_d711,,Comune di Formigine,86,305.0,75.31,100.0,20.0,90.0,75.0,20.0,1,1,Comune di Formigine,MO,Emilia-Romagna
c_m208,,Comune di Lamezia Terme,36,305.0,75.31,100.0,20.0,90.0,75.0,20.0,1,1,Comune di Lamezia Terme,CZ,Calabria
c_c141,,Comune di Castellarano,38,305.0,75.31,100.0,20.0,90.0,75.0,20.0,1,1,Comune di Castellarano,RE,Emilia-Romagna
cm_monem,,Unione dei Comuni Valdostani Mont - Emilius,5,305.0,75.31,100.0,20.0,90.0,75.0,20.0,1,1,Unione dei Comuni Valdostani Mont - Emilius,AO,Valle d'Aosta/Vallée d'Aoste
c_h488,,Comune di Roggiano Gravina,27,305.0,75.31,100.0,20.0,90.0,75.0,20.0,1,1,Comune di Roggiano Gravina,CS,Calabria
c_a849,,Comune di Biassono,10,305.0,75.31,100.0,20.0,90.0,75.0,20.0,1,1,Comune di Biassono,MB,Lombardia
c_f851,,Comune di Nave,42,305.0,75.31,100.0,20.0,90.0,75.0,20.0,1,1,Comune di Nave,BS,Lombardia
c_c895,,Comune di Cologno Monzese,56,305.0,75.31,100.0,20.0,90.0,75.0,20.0,1,1,Comune di Cologno Monzese,MI,Lombardia
c_b227,,Comune di Brusciano,10,305.0,75.31,100.0,20.0,90.0,75.0,20.0,1,1,Comune di Brusciano,NA,Campania
c_a564,,Comune di Bagno a Ripoli,30,305.0,75.31,100.0,20.0,90.0,75.0,20.0,1,1,Comune di Bagno a Ripoli,FI,Toscana
c_g160,,Comune di Osio Sotto,38,305.0,75.31,100.0,20.0,90.0,75.0,20.0,1,1,Comune di Osio Sotto,BG,Lombardia
c_a802,,Comune di Bernareggio,49,305.0,75.31,100.0,20.0,90.0,75.0,20.0,1,1,Comune di Bernareggio,MB,Lombardia
c_a145,,Comune di Albenga,33,305.0,75.31,100.0,20.0,90.0,75.0,20.0,1,1,Comune di Albenga,SV,Liguria
c_f712,,Comune di Morbegno,12,305.0,75.31,100.0,20.0,90.0,75.0,20.0,1,1,Comune di Morbegno,SO,Lombardia
pr_migli,,Ente Parco Regionale  Migliarino San Rossore Massaciuccoli,2,305.0,75.31,100.0,20.0,90.0,75.0,20.0,1,1,Ente Parco Regionale Migliarino San Rossore Massaciuccoli,PI,Toscana
c_c741,,Comune di Cisternino,10,305.0,75.31,100.0,20.0,90.0,75.0,20.0,1,1,Comune di Cisternino,BR,Puglia
c_g015,,Comune di Olbia,40,305.0,75.31,100.0,20.0,90.0,75.0,20.0,1,1,Comune di Olbia,OT,Sardegna
c_b292,,Comune di Bussero,14,305.0,75.31,100.0,20.0,90.0,75.0,20.0,1,1,Comune di Bussero,MI,Lombardia
c_a864,,Comune di Bientina,5,305.0,75.31,100.0,20.0,90.0,75.0,20.0,1,1,Comune di Bientina,PI,Toscana
m_bac,,Ministero dei Beni Culturali,14,305.0,75.31,100.0,20.0,90.0,75.0,20.0,7,1,Ministero della Cultura,RM,Lazio
c_g843,,Comune di Pontedera,5,305.0,75.31,100.0,20.0,90.0,75.0,20.0,1,1,Comune di Pontedera,PI,Toscana
g-870,,Comune di Pontremoli,1,305.0,75.31,100.0,20.0,90.0,75.0,20.0,1,0,,,
c_b296,,Comune di Bussolengo,50,305.0,75.31,100.0,20.0,90.0,75.0,20.0,1,1,Comune di Bussolengo,VR,Veneto
c_f648,,Comune di Montespertoli,3,305.0,75.31,100.0,20.0,90.0,75.0,20.0,1,1,Comune di Montespertoli,FI,Toscana
c_e667,,Comune di Lonato del Garda,6,305.0,75.31,100.0,20.0,90.0,75.0,20.0,1,1,Comune di Lonato del Garda,BS,Lombardia
c_h625,,Comune di Rubano,22,305.0,75.31,100.0,20.0,90.0,75.0,20.0,1,1,Comune di Rubano,PD,Veneto
p_fg,,Provincia di Foggia,13,305.0,75.31,100.0,20.0,90.0,75.0,20.0,1,1,Provincia di Foggia,FG,Puglia
c_d912,,Comune di Garbagnate Milanese,36,305.0,75.31,100.0,20.0,90.0,75.0,20.0,1,1,Comune di Garbagnate Milanese,MI,Lombardia
c_f864,,Comune di Nembro,23,305.0,75.31,100.0,20.0,90.0,75.0,20.0,1,1,Comune di Nembro,BG,Lombardia
c_e621,,Comune di Livigno,44,305.0,75.31,100.0,20.0,90.0,75.0,20.0,1,1,Comune di Livigno,SO,Lombardia
c_d013,,Comune di Cormano,33,305.0,75.31,100.0,20.0,90.0,75.0,20.0,1,1,Comune di Cormano,MI,Lombardia
c_c208,,Comune di Castel Mella,27,305.0,75.31,100.0,20.0,90.0,75.0,20.0,1,1,Comune di Castel Mella,BS,Lombardia
c_h628,,Comune di Rubiera,24,305.0,75.31,100.0,20.0,90.0,75.0,20.0,1,1,Comune di Rubiera,RE,Emilia-Romagna
umavc,,Unione Montana Alta Val di Cecina,3,305.0,75.31,100.0,20.0,90.0,75.0,20.0,1,1,Unione Montana Alta Val di Cecina,PI,Toscana
coaltava,,Unione Valdera,5,305.0,75.31,100.0,20.0,90.0,75.0,20.0,1,1,Unione Valdera,PI,Toscana
c_e488,,Comune di Lavagna,36,305.0,75.31,100.0,20.0,90.0,75.0,20.0,1,1,Comune di Lavagna,GE,Liguria
c_g488,,Comune di Peschiera Borromeo,13,305.0,75.31,100.0,20.0,90.0,75.0,20.0,1,1,Comune di Peschiera Borromeo,MI,Lombardia
c_c986,,Comune di Corbetta,23,305.0,75.31,100.0,20.0,90.0,75.0,20.0,1,1,Comune di Corbetta,MI,Lombardia
c_g254,,Comune di Palaia,5,305.0,75.31,100.0,20.0,90.0,75.0,20.0,1,1,Comune di Palaia,PI,Toscana
c_a366,,Comune di Arcevia,2,305.0,75.31,100.0,60.0,50.0,75.0,20.0,1,1,Comune di Arcevia,AN,Marche
c_e027,,Comune Giffoni Valle Piana,12,305.0,75.31,100.0,20.0,90.0,75.0,20.0,1,1,Comune di Giffoni Valle Piana,SA,Campania
c_l434,,Comune di Triuggio,17,305.0,75.31,100.0,20.0,90.0,75.0,20.0,1,1,Comune di Triuggio,MB,Lombardia
c_f503,,Comune di Montefiorino,48,305.0,75.31,100.0,20.0,90.0,75.0,20.0,1,1,Comune di Montefiorino,MO,Emilia-Romagna
c_e955,,Comune di Marigliano,9,305.0,75.31,100.0,20.0,90.0,75.0,20.0,1,1,Comune di Marigliano,NA,Campania
p_li,,Provincia di Livorno,6,305.0,75.31,100.0,20.0,90.0,75.0,20.0,1,1,Provincia di Livorno,LI,Toscana
c_a887,,Comune di Bisignano,5,305.0,75.31,100.0,20.0,90.0,75.0,20.0,1,1,Comune di Bisignano,CS,Calabria
c_i950,,Comune di Sternatia,3,305.0,75.31,100.0,20.0,90.0,75.0,20.0,1,1,Comune di Sternatia,LE,Puglia
c_a818,,Comune di Besana in Brianza,40,305.0,75.31,100.0,20.0,90.0,75.0,20.0,1,1,Comune di Besana in Brianza,MB,Lombardia
c_f944,,Comune di Nova Milanese,43,305.0,75.31,100.0,20.0,90.0,75.0,20.0,1,1,Comune di Nova Milanese,MB,Lombardia
c_d865,,Comune di Galbiate,17,305.0,75.31,100.0,20.0,90.0,75.0,20.0,1,1,Comune di Galbiate,LC,Lombardia
aous_052,,Azienda ospedaliero-universitaria Senese,17,305.0,75.31,100.0,20.0,90.0,75.0,20.0,1,1,Azienda ospedaliero-universitaria Senese,SI,Toscana
c_l634,,Comune di Valmadrera,46,305.0,75.31,100.0,20.0,90.0,75.0,20.0,1,1,Comune di Valmadrera,LC,Lombardia
c_a825,,Comune di Besnate,15,305.0,75.31,100.0,20.0,90.0,75.0,20.0,1,1,Comune di Besnate,VA,Lombardia
c_i462a,,Unione Dei Comuni del Distretto Ceramico,8,305.0,75.31,100.0,20.0,90.0,75.0,20.0,1,1,Unione Dei Comuni del Distretto Ceramico,MO,Emilia-Romagna
c_l831,,Comune di Viano,35,305.0,75.31,100.0,20.0,90.0,75.0,20.0,1,1,Comune di Viano,RE,Emilia-Romagna
cma_065,,Comunita Montana Alburni,7,305.0,75.31,100.0,20.0,90.0,75.0,20.0,1,1,Comunita Montana Alburni,SA,Campania
c_d789,,Comune di Frattamaggiore,9,305.0,75.31,100.0,20.0,90.0,75.0,20.0,1,1,Comune di Frattamaggiore,NA,Campania
c_l049,,Comune di Taranto,58,305.0,75.31,100.0,20.0,90.0,75.0,20.0,1,1,Comune di Taranto,TA,Puglia
c_e379,,Comune di Ivrea,11,305.0,75.31,100.0,20.0,90.0,75.0,20.0,1,1,Comune di Ivrea,TO,Piemonte
c_d607,,Comune di Fiorano Modenese,86,305.0,75.31,100.0,20.0,90.0,75.0,20.0,1,1,Comune di Fiorano Modenese,MO,Emilia-Romagna
c_g250,,Comune di Palagano,48,305.0,75.31,100.0,20.0,90.0,75.0,20.0,1,1,Comune di Palagano,MO,Emilia-Romagna
c_g482,,Comune di Pescara,55,305.0,75.31,100.0,20.0,90.0,75.0,20.0,1,1,Comune di Pescara,PE,Abruzzo
c_g230,,Comune di Pagani,24,305.0,75.31,100.0,20.0,90.0,75.0,20.0,1,1,Comune di Pagani,SA,Campania
c_b297,,Comune di Bussoleno,14,305.0,75.31,100.0,20.0,90.0,75.0,20.0,1,1,Comune di Bussoleno,TO,Piemonte
c_e904,,Comune di Maranello,86,305.0,75.31,100.0,20.0,90.0,75.0,20.0,1,1,Comune di Maranello,MO,Emilia-Romagna
c_a674,,Comune di Baronissi,27,305.0,75.31,100.0,20.0,90.0,75.0,20.0,1,0,,,
c_b647,,Comune di Capannoli,5,305.0,75.31,100.0,20.0,90.0,75.0,20.0,1,1,Comune di Capannoli,PI,Toscana
c_a586,,Comune di Baiso,35,305.0,75.31,100.0,20.0,90.0,75.0,20.0,1,1,Comune di Baiso,RE,Emilia-Romagna
c_h404,,Comune di Rocca di Papa,10,305.0,75.31,100.0,20.0,90.0,75.0,20.0,1,1,Comune di Rocca di Papa,RM,Lazio
c_e169,,Comune di Greve in Chianti,8,305.0,75.31,100.0,20.0,90.0,75.0,20.0,1,1,Comune di Greve In Chianti,FI,Toscana
m_bac-hporl2,,MiC – Direzione generale Organizzazione,2,305.0,75.31,100.0,20.0,90.0,75.0,20.0,1,0,,,
c_i462,,Comune di Sassuolo,85,305.0,75.31,100.0,20.0,90.0,75.0,20.0,1,1,Comune di Sassuolo,MO,Emilia-Romagna
c_i728,,Comune di Signa,20,305.0,75.31,100.0,20.0,90.0,75.0,20.0,1,1,Comune di Signa,FI,Toscana
c_e734,,Comune di Luino,12,305.0,75.31,100.0,20.0,90.0,75.0,20.0,1,1,Comune di Luino,VA,Lombardia
c_d284,,Comune di Desenzano del Garda,43,305.0,75.31,100.0,20.0,90.0,75.0,20.0,1,1,Comune di Desenzano del Garda,BS,Lombardia
m_bac-7c56l5,,Istituto centrale per gli archivi,172,305.0,75.31,100.0,20.0,90.0,75.0,20.0,1,0,,,
c_c014,,Comune di Cassina De' Pecchi,49,305.0,75.31,100.0,20.0,90.0,75.0,20.0,1,1,Comune di Cassina De' Pecchi,MI,Lombardia
c_i496,,Comune di Scandiano,35,305.0,75.31,100.0,20.0,90.0,75.0,20.0,1,1,Comune di Scandiano,RE,Emilia-Romagna
c_b303,,Comune di Buti,5,305.0,75.31,100.0,20.0,90.0,75.0,20.0,1,1,Comune di Buti,PI,Toscana
c_i433,,Comune di Sarezzo,42,305.0,75.31,100.0,20.0,90.0,75.0,20.0,1,1,Comune di Sarezzo,BS,Lombardia
c_b923,,Comune di Casamassima,38,305.0,75.31,100.0,20.0,90.0,75.0,20.0,1,1,Comune di Casamassima,BA,Puglia
c_d292,,Comune di Teggiano,37,305.0,75.31,100.0,20.0,90.0,75.0,20.0,1,1,Comune di Teggiano,SA,Campania
c_e951,,Comune di Mariano Comense,42,305.0,75.31,100.0,20.0,90.0,75.0,20.0,1,1,Comune di Mariano Comense,CO,Lombardia
c_b392,,Comune di Calcinaia,5,305.0,75.31,100.0,20.0,90.0,75.0,20.0,1,1,Comune di Calcinaia,PI,Toscana
c_e171,,Comune di Grezzana,14,305.0,75.31,100.0,20.0,90.0,75.0,20.0,1,1,Comune di Grezzana,VR,Veneto
c_l900,,Comune di Vigonza,26,305.0,75.31,100.0,20.0,90.0,75.0,20.0,1,1,Comune di Vigonza,PD,Veneto
c_a159,,Comune di Albiate,54,305.0,75.31,100.0,20.0,90.0,75.0,20.0,1,1,Comune di Albiate,MB,Lombardia
c_d024,,Comune di Tarquinia,6,305.0,75.31,100.0,20.0,90.0,75.0,20.0,1,1,Comune di Tarquinia,VT,Lazio
p_no,,Provincia di Novara,48,305.0,75.31,100.0,20.0,90.0,75.0,20.0,1,1,Provincia di Novara,NO,Piemonte
c_i628,,Comune di Seriate,25,305.0,75.31,100.0,20.0,90.0,75.0,20.0,1,1,Comune di Seriate,BG,Lombardia
c_d783,,Comune di Frassinoro,48,305.0,75.31,100.0,20.0,90.0,75.0,20.0,1,1,Comune di Frassinoro,MO,Emilia-Romagna
c_b950,,Comune di Cascina,6,305.0,75.31,100.0,20.0,90.0,75.0,20.0,1,1,Comune di Cascina,PI,Toscana
c_l404,,Comune di Treviolo,39,305.0,75.31,100.0,20.0,90.0,75.0,20.0,1,1,Comune di Treviolo,BG,Lombardia
c_e4557,,Comune di Casciana Terme Lari,5,305.0,75.31,100.0,20.0,90.0,75.0,20.0,1,1,Comune Casciana Terme Lari,PI,Toscana
c_f119,,Comune di Melzo,13,305.0,75.31,100.0,20.0,90.0,75.0,20.0,1,1,Comune di Melzo,MI,Lombardia
c_d845,,Comune di Gaggiano,52,305.0,75.31,100.0,20.0,90.0,75.0,20.0,1,1,Comune di Gaggiano,MI,Lombardia
usfir,,Università di Firenze - DISIT Lab,1,305.0,75.31,100.0,20.0,90.0,75.0,20.0,1,1,Universita' degli Studi di Firenze,FI,Toscana
arte_048,,Artea,30,304.0,75.06,100.0,22.67,86.33,75.0,20.0,1,1,Agenzia Regionale Toscana per Le Erogazioni in Agricoltura,FI,Toscana
c_e625,,Comune Livorno,107,303.88,75.03,100.0,32.71,76.17,75.0,20.0,1,1,Comune di Livorno,LI,Toscana
c_d488,,COMUNE DI Fano,35,303.57,74.96,100.0,63.43,45.14,75.0,20.0,1,1,Comune di Fano,PU,Marche
c_e810,,Comune di Magliano in Toscana,9,302.78,74.76,100.0,20.0,87.78,75.0,20.0,1,1,Comune di Magliano in Toscana,GR,Toscana
p_lo,,Provincia di Lodi,78,301.67,74.49,100.0,46.67,60.0,75.0,20.0,1,1,Provincia di Lodi,LO,Lombardia
comune di castello di godego,,Comune di Castello di Godego,6,301.67,74.49,100.0,46.67,60.0,75.0,20.0,1,0,,,
c_c665,,Comune di Chivasso,33,301.36,74.41,100.0,19.39,88.18,74.09,19.7,1,1,Comune di Chivasso,TO,Piemonte
c_i654,,COMUNE DI Serra Sant'Abbondio,9,299.44,73.94,100.0,55.56,48.89,75.0,20.0,1,1,Comune di Serra Sant'Abbondio,PU,Marche
c_e207,,Comune di Grottammare,16,298.75,73.77,100.0,45.0,58.75,75.0,20.0,1,1,Comune di Grottammare,AP,Marche
m_pi,,"Ministero dell'Istruzione, dell'Universita' e della Ricerca",105,298.62,73.73,100.0,20.48,83.14,75.0,20.0,1,1,Ministero dell'istruzione e del merito,RM,Lazio
c_a233,,Comune di Altidona,9,298.33,73.66,100.0,20.0,83.33,75.0,20.0,1,1,Comune di Altidona,FM,Marche
r_calabr,,Consiglio regionale della Calabria,34,297.65,73.49,100.0,42.65,60.0,75.0,20.0,1,1,Consiglio regionale della Calabria,RC,Calabria
c_d629u,,Unione di Comuni Montana Lunigiana,24,296.67,73.25,100.0,20.0,81.67,75.0,20.0,1,1,Unione di Comuni Montana Lunigiana,MS,Toscana
c_a327,,Comune di Apecchio,11,295.91,73.06,100.0,49.09,51.82,75.0,20.0,1,1,Comune di Apecchio,PU,Marche
c_a769,,Comune di Belvedere Ostrense,3,295.0,72.84,100.0,46.67,53.33,75.0,20.0,1,1,Comune di Belvedere Ostrense,AN,Marche
comune di noventa di piave,,Comune di Noventa di Piave,4,295.0,72.84,100.0,40.0,60.0,75.0,20.0,1,0,,,
c_f381,,Comune di Monsano,3,295.0,72.84,100.0,46.67,53.33,75.0,20.0,1,1,Comune di Monsano,AN,Marche
c_a044,,Comune di Acquasanta Terme,4,295.0,72.84,100.0,20.0,80.0,75.0,20.0,1,1,Comune di Acquasanta Terme,AP,Marche
c_f051,,Comune di Matelica,24,295.0,72.84,100.0,40.0,60.0,75.0,20.0,1,1,Comune di Matelica,MC,Marche
c_l850,,Comune di Vicopisano,8,295.0,72.84,100.0,20.0,80.0,75.0,20.0,1,1,Comune di Vicopisano,PI,Toscana
m_bac-01ikhl,,Istituto centrale per il catalogo unico delle biblioteche italiane e per le informazioni bibliografiche,1,295.0,72.84,100.0,20.0,90.0,65.0,20.0,1,0,,,
c_c524,,Comune di Cerreto D'Esi,3,295.0,72.84,100.0,46.67,53.33,75.0,20.0,1,1,Comune di Cerreto D'Esi,AN,Marche
c_f206,,Comune di Milazzo,42,294.05,72.6,100.0,39.05,60.0,75.0,20.0,1,1,Comune di Milazzo,ME,Sicilia
c_f257,,Comune di Modena,112,292.94,72.33,100.0,37.14,60.79,75.0,20.0,1,1,Comune di Modena,MO,Emilia-Romagna
d_969,,Comune di Genova - musei e biblioteche,9,291.67,72.02,100.0,20.0,76.67,75.0,20.0,1,0,,,
c_e364,,Comune di Isorella,3,291.67,72.02,100.0,46.67,60.0,65.0,20.0,1,1,Comune di Isorella,BS,Lombardia
comune di brendola,,Comune di Brendola,34,291.47,71.97,100.0,36.47,60.0,75.0,20.0,1,0,,,
c_i196,,Comune di Sant'Agata sul Santerno,8,291.25,71.91,100.0,30.0,66.25,75.0,20.0,1,1,Comune di Sant'Agata Sul Santerno,RA,Emilia-Romagna
comune di pederobba,,Comune di Pederobba,8,291.25,71.91,100.0,36.25,60.0,75.0,20.0,1,0,,,
comune di rosà,,Comune di Rosà,5,291.0,71.85,100.0,36.0,60.0,75.0,20.0,1,0,,,
comune di baone,,Comune di Baone,10,291.0,71.85,100.0,36.0,60.0,75.0,20.0,1,0,,,
c_b636,,COMUNE DI Cantiano,9,290.56,71.74,100.0,46.67,48.89,75.0,20.0,1,1,Comune di Cantiano,PU,Marche
comune di selvazzano dentro,,Comune di Selvazzano Dentro,21,290.24,71.66,100.0,35.24,60.0,75.0,20.0,1,0,,,
c_a389,,Comune di Arese,89,290.06,71.62,100.0,24.49,74.83,70.73,20.0,1,1,Comune di Arese,MI,Lombardia
c_h302,,Comune di Riolo Terme,3,288.33,71.19,100.0,46.67,46.67,75.0,20.0,1,1,Comune di Riolo Terme,RA,Emilia-Romagna
c_f745,,COMUNE DI Morro D'Alba,3,288.33,71.19,100.0,46.67,46.67,75.0,20.0,1,1,Comune di Morro D'Alba,AN,Marche
c_h979,,COMUNE di San Marcello,3,288.33,71.19,100.0,46.67,46.67,75.0,20.0,1,1,Comune di San Marcello,AN,Marche
c_a092,,Comune di Agugliano,58,287.93,71.09,100.0,20.0,72.93,75.0,20.0,1,1,Comune di Agugliano,AN,Marche
c_d808,,COMUNE DI Frontone,8,287.5,70.99,100.0,50.0,42.5,75.0,20.0,1,1,Comune di Frontone,PU,Marche
crev,,CREV,4,287.5,70.99,100.0,20.0,72.5,75.0,20.0,1,0,,,
c_f205,,Comune di Milano,2599,286.86,70.83,100.0,33.97,58.0,74.9,20.0,1,1,Comune di Milano,MI,Lombardia
c_a252,,Comune di Amandola,7,286.43,70.72,100.0,20.0,71.43,75.0,20.0,1,1,Comune di Amandola,FM,Marche
comune di caldiero,,Comune di Caldiero,21,286.43,70.72,100.0,31.43,60.0,75.0,20.0,1,0,,,
inea/cef/ict/a2019/2063604,,Odala,2,285.0,70.37,100.0,20.0,70.0,75.0,20.0,1,0,,,
c_a047,,Comune di Acquaviva Picena,3,285.0,70.37,100.0,20.0,70.0,75.0,20.0,1,1,Comune di Acquaviva Picena,AP,Marche
age,,Agenzia delle Entrate,2,285.0,70.37,100.0,20.0,70.0,75.0,20.0,1,1,Agenzia delle Entrate,RM,Lazio
c_c060,,Comune di Castelbellino,6,285.0,70.37,100.0,33.33,56.67,75.0,20.0,1,1,Comune di Castelbellino,AN,Marche
c_b794,,Comune di Carmignano,3,285.0,70.37,100.0,20.0,70.0,75.0,20.0,1,1,Comune di Carmignano,PO,Toscana
c_f680,,Comune di Montirone,4,285.0,70.37,100.0,40.0,60.0,65.0,20.0,1,1,Comune di Montirone,BS,Lombardia
c_g682,,COMUNE DI Piobbico,10,285.0,70.37,100.0,44.0,46.0,75.0,20.0,1,1,Comune di Piobbico,PU,Marche
comune di nervesa della battaglia,,Comune di Nervesa Della Battaglia,24,285.0,70.37,100.0,30.0,60.0,75.0,20.0,1,0,,,
c_i577,,Comune di Segrate,9,283.89,70.1,100.0,28.89,60.0,75.0,20.0,1,1,Comune di Segrate,MI,Lombardia
comune di costa di rovigo,,Comune di Costa di Rovigo,28,283.57,70.02,100.0,28.57,60.0,75.0,20.0,1,0,,,
c_i653,,Comune di Serra San Quirico,7,283.57,70.02,100.0,31.43,57.14,75.0,20.0,1,1,Comune di Serra San Quirico,AN,Marche
comune di lugo di vicenza,,Comune di Lugo di Vicenza,25,283.0,69.88,100.0,20.0,68.0,75.0,20.0,1,0,,,
c_e507,,Comune di Lecco,9,282.78,69.82,100.0,37.78,60.0,65.0,20.0,1,1,Comune di Lecco,LC,Lombardia
c_l511,,Comune di Usmate Velate,9,282.78,69.82,100.0,37.78,60.0,65.0,20.0,1,1,Comune di Usmate Velate,MB,Lombardia
comune di candiana,,Comune di Candiana,31,282.74,69.81,100.0,27.74,60.0,75.0,20.0,1,0,,,
comune di vigo di cadore,,Comune di Vigo Di Cadore,3,281.67,69.55,100.0,46.67,40.0,75.0,20.0,1,0,,,
c_g771,,COMUNE DI Poggio San Marcello,6,281.67,69.55,100.0,33.33,53.33,75.0,20.0,1,1,Comune di Poggio San Marcello,AN,Marche
comune di valle di cadore,,Comune di Valle Di Cadore,3,281.67,69.55,100.0,46.67,40.0,75.0,20.0,1,0,,,
comune di torreglia,,Comune di Torreglia,26,281.15,69.42,100.0,26.15,60.0,75.0,20.0,1,0,,,
c_c615,,Comune di Chiaravalle,13,281.15,69.42,100.0,26.15,60.0,75.0,20.0,1,1,Comune di Chiaravalle,AN,Marche
cmna,,Città Metropolitana di Napoli,92,281.09,69.4,100.0,26.09,60.0,75.0,20.0,1,1,Citta' Metropolitana di Napoli,NA,Campania
c_b805,,Comune di Caronno Pertusella,5,281.0,69.38,100.0,36.0,60.0,65.0,20.0,1,1,Comune di Caronno Pertusella,VA,Lombardia
c_b223,,Comune di Brusaporto,10,281.0,69.38,100.0,36.0,60.0,65.0,20.0,1,1,Comune di Brusaporto,BG,Lombardia
udsm_mi,,Università degli studi di Milano,10,281.0,69.38,100.0,28.0,60.0,73.0,20.0,1,1,Universita Degli Studi di Milano,MI,Lombardia
c_h342,,Comune di Rivarolo Mantovano,10,281.0,69.38,100.0,36.0,60.0,65.0,20.0,1,1,Comune di Rivarolo Mantovano,MN,Lombardia
c_h177,,Comune di Ranzanico,10,281.0,69.38,100.0,36.0,60.0,65.0,20.0,1,1,Comune di Ranzanico,BG,Lombardia
c_f145,,COMUNE DI Mergo,7,280.71,69.31,100.0,31.43,54.29,75.0,20.0,1,1,Comune di Mergo,AN,Marche
comune di alonte,,Comune di Alonte,29,280.52,69.26,100.0,25.52,60.0,75.0,20.0,1,0,,,
comune di soave,,Comune di Soave,35,280.43,69.24,100.0,25.43,60.0,75.0,20.0,1,0,,,
c_g157,,Comune di Osimo,46,280.22,69.19,100.0,25.22,60.0,75.0,20.0,1,1,Comune di Osimo,AN,Marche
c_h809,,COMUNE DI San Costanzo,12,280.0,69.14,100.0,26.67,58.33,75.0,20.0,1,1,Comune di San Costanzo,PU,Marche
c_b352,,Comune di Cagli,8,280.0,69.14,100.0,40.0,45.0,75.0,20.0,1,1,Comune di Cagli,PU,Marche
c_d965,,Comune di Genga,4,280.0,69.14,100.0,40.0,45.0,75.0,20.0,1,1,Comune di Genga,AN,Marche
comune di meolo,,Comune di Meolo,39,279.62,69.04,100.0,24.62,60.0,75.0,20.0,1,0,,,
c_a652,,Comune di Bareggio,11,279.55,69.02,100.0,34.55,60.0,65.0,20.0,1,1,Comune di Bareggio,MI,Lombardia
comune di cazzano di tramigna,,Comune di Cazzano di Tramigna,39,279.1,68.91,100.0,24.1,60.0,75.0,20.0,1,0,,,
uncobaro,,Unione dei Comuni della Bassa Romagna,32,279.06,68.9,100.0,22.5,61.56,75.0,20.0,1,1,Unione dei Comuni della Bassa Romagna,RA,Emilia-Romagna
c_io71,,Comune di San Paolo di Jesi,10,279.0,68.89,100.0,28.0,56.0,75.0,20.0,1,1,Comune di San Paolo di Jesi,AN,Marche
comune di foza,,Comune di Foza,25,279.0,68.89,100.0,20.0,64.0,75.0,20.0,1,0,,,
cvdl_tn,,Comunità della Valle dei Laghi,23,278.48,68.76,100.0,23.48,60.0,75.0,20.0,1,1,Comunita' della Valle Dei Laghi,TN,Trentino-Alto Adige/Südtirol
c_f581,,COMUNE DI Ostra Vetere,47,278.4,68.74,100.0,23.4,60.0,75.0,20.0,1,1,Comune di Ostra Vetere,AN,Marche
comune di montegaldella,,Comune di Montegaldella,16,278.12,68.67,100.0,20.0,63.12,75.0,20.0,1,0,,,
comune di arsiè,,Comune di Arsiè,20,278.0,68.64,100.0,20.0,63.0,75.0,20.0,1,0,,,
comune di refrontolo,,Comune di Refrontolo,34,277.94,68.63,100.0,22.94,60.0,75.0,20.0,1,0,,,
00514490010,,Comune di Torino,2048,277.65,68.56,100.0,26.21,56.46,74.99,20.0,1,0,,,
comune di pove del grappa,,Comune di Pove del Grappa,31,277.58,68.54,100.0,22.58,60.0,75.0,20.0,1,0,,,
c_e837,,Comune di Maiolati Spontini,8,277.5,68.52,100.0,30.0,52.5,75.0,20.0,1,1,Comune di Maiolati Spontini,AN,Marche
c_a626,,Comune di Barbara,32,277.5,68.52,100.0,22.5,60.0,75.0,20.0,1,1,Comune di Barbara,AN,Marche
c_i643,,Comune di Serra de' Conti,32,277.5,68.52,100.0,22.5,60.0,75.0,20.0,1,1,Comune di Serra De' Conti,AN,Marche
c_f401,,COMUNE DI Ostra,49,276.63,68.3,100.0,21.63,60.0,75.0,20.0,1,1,Comune di Ostra,AN,Marche
c_i608,,Comune di Senigallia,54,276.48,68.27,100.0,21.48,60.0,75.0,20.0,1,1,Comune di Senigallia,AN,Marche
comune di arsiero,,Comune di Arsiero,34,276.47,68.26,100.0,20.0,61.47,75.0,20.0,1,0,,,
c_m318,,COMUNE DI Trecastelli,48,276.46,68.26,100.0,21.67,59.79,75.0,20.0,1,1,Comune di Trecastelli,AN,Marche
c_f434,,Comune di Monte Cremasco,7,276.43,68.25,100.0,31.43,60.0,65.0,20.0,1,1,Comune di Monte Cremasco,CR,Lombardia
c_d141,,Comune di Credera Rubbiano,7,276.43,68.25,100.0,31.43,60.0,65.0,20.0,1,1,Comune di Credera Rubbiano,CR,Lombardia
c_l389,,Comune di Trescore Cremasco,7,276.43,68.25,100.0,31.43,60.0,65.0,20.0,1,1,Comune di Trescore Cremasco,CR,Lombardia
c_l995,,Comune di Villanuova Sul Clisi,7,276.43,68.25,100.0,31.43,60.0,65.0,20.0,1,1,Comune di Villanuova sul Clisi,BS,Lombardia
c_g603,,Comune di Pieranica,7,276.43,68.25,100.0,31.43,60.0,65.0,20.0,1,1,Comune di Pieranica,CR,Lombardia
c_b650,,Comune di Capergnanica,7,276.43,68.25,100.0,31.43,60.0,65.0,20.0,1,1,Comune di Capergnanica,CR,Lombardia
c_d203,,Comune di Cumignano sul Naviglio,7,276.43,68.25,100.0,31.43,60.0,65.0,20.0,1,1,Comune di Cumignano sul Naviglio,CR,Lombardia
comune di castelnuovo del garda,,Comune di Castelnuovo del Garda,36,276.39,68.24,100.0,20.0,61.39,75.0,20.0,1,0,,,
comune di treviso,,Comune di Treviso,254,276.06,68.16,100.0,20.94,60.12,75.0,20.0,1,0,,,
avepa,,Agenzia veneta per i pagamenti - AVEPA,41,275.73,68.08,100.0,20.0,60.73,75.0,20.0,1,1,Agenzia veneta per i pagamenti - AVEPA,PD,Veneto
regione del veneto,,Regione del Veneto,114,275.7,68.07,100.0,20.0,60.7,75.0,20.0,1,0,,,
c_h501,,Roma Capitale - Istituzione Sistema Biblioteche Centri Culturali,348,275.49,68.02,100.0,20.46,60.03,75.0,20.0,7,1,ROMA CAPITALE,RM,Lazio
r_lazio,,Regione Lazio,407,275.47,68.02,97.59,23.93,58.94,75.0,20.0,7,1,Regione Lazio,RM,Lazio
p_lc,,Provincia di Lecco,27,275.37,67.99,100.0,25.93,60.0,69.44,20.0,1,1,Provincia di Lecco,LC,Lombardia
comune di vicenza,,Comune di Vicenza,178,275.34,67.99,100.0,20.0,60.34,75.0,20.0,1,0,,,
udcvs,,Unione dei Comuni Valle del Savio,523,275.06,67.92,100.0,20.15,59.9,75.0,20.0,1,1,Unione Dei Comuni Valle del Savio,FC,Emilia-Romagna
comune di san mauro di saline,,Comune di San Mauro di Saline,9,275.0,67.9,100.0,20.0,60.0,75.0,20.0,1,0,,,
comune di ormelle,,Comune di Ormelle,1,275.0,67.9,100.0,20.0,60.0,75.0,20.0,1,0,,,
comune di fratta polesine,,Comune di Fratta Polesine,17,275.0,67.9,100.0,20.0,60.0,75.0,20.0,1,0,,,
comune di jesolo,,Comune di Jesolo,2,275.0,67.9,100.0,20.0,60.0,75.0,20.0,1,0,,,
comune di cinto euganeo,,Comune di Cinto Euganeo,10,275.0,67.9,100.0,20.0,60.0,75.0,20.0,1,0,,,
comune di terrazzo,,Comune di Terrazzo,24,275.0,67.9,100.0,20.0,60.0,75.0,20.0,1,0,,,
comune di valli del pasubio,,Comune di Valli del Pasubio,39,275.0,67.9,100.0,20.0,60.0,75.0,20.0,1,0,,,
comune di valbrenta,,Comune di Valbrenta,16,275.0,67.9,100.0,20.0,60.0,75.0,20.0,1,0,,,
comune di cornedo vicentino,,Comune di Cornedo Vicentino,1,275.0,67.9,100.0,20.0,60.0,75.0,20.0,1,0,,,
p_ra,,Provincia di Ravenna,5,275.0,67.9,100.0,20.0,60.0,75.0,20.0,1,1,Provincia di Ravenna,RA,Emilia-Romagna
comune di sarcedo,,Comune di Sarcedo,26,275.0,67.9,100.0,20.0,60.0,75.0,20.0,1,0,,,
comune di caldogno,,Comune di Caldogno,18,275.0,67.9,100.0,20.0,60.0,75.0,20.0,1,0,,,
comune di merlara,,Comune di Merlara,23,275.0,67.9,100.0,20.0,60.0,75.0,20.0,1,0,,,
unione montana del bassanese,,Unione Montana Del Bassanese,3,275.0,67.9,100.0,20.0,60.0,75.0,20.0,1,0,,,
comune di teolo,,Comune di Teolo,5,275.0,67.9,100.0,20.0,60.0,75.0,20.0,1,0,,,
its_022,,Trentino Digitale Spa,2,275.0,67.9,100.0,20.0,60.0,75.0,20.0,1,1,Trentino Digitale S.p.a.,TN,Trentino-Alto Adige/Südtirol
comune di salcedo,,Comune di Salcedo,1,275.0,67.9,100.0,20.0,60.0,75.0,20.0,1,0,,,
comune di calvene,,Comune di Calvene,14,275.0,67.9,100.0,20.0,60.0,75.0,20.0,1,0,,,
comune di minerbe,,Comune di Minerbe,29,275.0,67.9,100.0,20.0,60.0,75.0,20.0,1,0,,,
comune di noventa padovana,,Comune di Noventa Padovana,20,275.0,67.9,100.0,20.0,60.0,75.0,20.0,1,0,,,
comune di torrebelvicino,,Comune di Torrebelvicino,34,275.0,67.9,100.0,20.0,60.0,75.0,20.0,1,0,,,
comune di legnaro,,Comune di Legnaro,22,275.0,67.9,100.0,20.0,60.0,75.0,20.0,1,0,,,
comune di pianezze,,Comune di Pianezze,34,275.0,67.9,100.0,20.0,60.0,75.0,20.0,1,0,,,
comune di sona,,Comune di Sona,33,275.0,67.9,100.0,20.0,60.0,75.0,20.0,1,0,,,
c_g003,,Comune di Offagna,21,275.0,67.9,100.0,20.0,60.0,75.0,20.0,1,1,Comune di Offagna,AN,Marche
comune di trissino,,Comune di Trissino,19,275.0,67.9,100.0,20.0,60.0,75.0,20.0,1,0,,,
comune di mezzane di sotto,,Comune di Mezzane di Sotto,20,275.0,67.9,100.0,20.0,60.0,75.0,20.0,1,0,,,
comune di sant'elena,,Comune di Sant'Elena,16,275.0,67.9,100.0,20.0,60.0,75.0,20.0,1,0,,,
comune di gruaro,,Comune di Gruaro,24,275.0,67.9,100.0,20.0,60.0,75.0,20.0,1,0,,,
comune di santa lucia di piave,,Comune di Santa Lucia di Piave,1,275.0,67.9,100.0,20.0,60.0,75.0,20.0,1,0,,,
r_trenti,,Regione Autonoma Trentino Alto-Adige/Südtirol,3,275.0,67.9,100.0,20.0,60.0,75.0,20.0,1,1,Regione Autonoma Trentino-Alto Adige/Suedtirol,TN,Trentino-Alto Adige/Südtirol
comune di salizzole,,Comune di Salizzole,20,275.0,67.9,100.0,20.0,60.0,75.0,20.0,1,0,,,
comune di asiago,,Comune di Asiago,25,275.0,67.9,100.0,20.0,60.0,75.0,20.0,1,0,,,
udca_,,Unione Terra dei Castelli,36,275.0,67.9,100.0,20.0,60.0,75.0,20.0,1,1,Unione Terra dei Castelli,AN,Marche
comune di anguillara veneta,,Comune di Anguillara Veneta,29,275.0,67.9,100.0,20.0,60.0,75.0,20.0,1,0,,,
comune di cavaso del tomba,,Comune di Cavaso del Tomba,30,275.0,67.9,100.0,20.0,60.0,75.0,20.0,1,0,,,
comune di tregnago,,Comune di Tregnago,13,275.0,67.9,100.0,20.0,60.0,75.0,20.0,1,0,,,
c_d829,,Comune di Fusignano,8,275.0,67.9,100.0,20.0,60.0,75.0,20.0,1,1,Comune di Fusignano,RA,Emilia-Romagna
comune di gorgo al monticano,,Comune di Gorgo al Monticano,30,275.0,67.9,100.0,20.0,60.0,75.0,20.0,1,0,,,
comune di bolzano vicentino,,Comune di Bolzano Vicentino,15,275.0,67.9,100.0,20.0,60.0,75.0,20.0,1,0,,,
c_f611,,Comune di Monterotondo,12,275.0,67.9,100.0,20.0,60.0,75.0,20.0,1,1,Comune di Monterotondo,RM,Lazio
comune di laghi,,Comune di Laghi,12,275.0,67.9,100.0,20.0,60.0,75.0,20.0,1,0,,,
comune di crocetta del montello,,Comune di Crocetta del Montello,32,275.0,67.9,100.0,20.0,60.0,75.0,20.0,1,0,,,
c_f574,,Comune di Montenars,1,275.0,67.9,100.0,20.0,60.0,75.0,20.0,1,1,Comune di Montenars,UD,Friuli-Venezia Giulia
collegio regionale veneto guide alpine,,Collegio Regionale Veneto Guide Alpine,2,275.0,67.9,100.0,20.0,60.0,75.0,20.0,1,0,,,
comune di santa caterina d'este,,Comune di Santa Caterina d'Este,14,275.0,67.9,100.0,20.0,60.0,75.0,20.0,1,0,,,
c_i758,,Comune di Sirolo,53,275.0,67.9,100.0,20.0,60.0,75.0,20.0,1,1,Comune di Sirolo,AN,Marche
comune di sanguinetto,,Comune di Sanguinetto,21,275.0,67.9,100.0,20.0,60.0,75.0,20.0,1,0,,,
comune di isola vicentina,,Comune di Isola Vicentina,19,275.0,67.9,100.0,20.0,60.0,75.0,20.0,1,0,,,
cpc,,Comunità di Primiero,5,275.0,67.9,100.0,20.0,60.0,75.0,20.0,1,1,Comunita' di Primiero,TN,Trentino-Alto Adige/Südtirol
ucgc,,Unione dei Comuni Valdostani Grand-Combin,3,275.0,67.9,100.0,20.0,60.0,75.0,20.0,1,1,Unione Dei Comuni Valdostani Grand Combin,AO,Valle d'Aosta/Vallée d'Aoste
comune di campagna lupia,,Comune di Campagna Lupia,21,275.0,67.9,100.0,20.0,60.0,75.0,20.0,1,0,,,
comune di montorso vicentino,,Comune di Montorso Vicentino,10,275.0,67.9,100.0,20.0,60.0,75.0,20.0,1,0,,,
07937540016,,SMAT - Società Metropolitana Acque Torino S.p.A.,4,275.0,67.9,100.0,20.0,60.0,75.0,20.0,1,0,,,
umtv,,Unione Montana del Tronto e Valfluvione,3,275.0,67.9,100.0,20.0,60.0,75.0,20.0,1,1,Unione Montana del Tronto e Valfluvione,AP,Marche
comune di preganziol,,Comune di Preganziol,20,275.0,67.9,100.0,20.0,60.0,75.0,20.0,1,0,,,
comune di sovizzo,,Comune di Sovizzo,13,275.0,67.9,100.0,20.0,60.0,75.0,20.0,1,0,,,
comune di villanova di camposampiero,,Comune di Villanova di Camposampiero,3,275.0,67.9,100.0,20.0,60.0,75.0,20.0,1,0,,,
comune di curtarolo,,Comune di Curtarolo,19,275.0,67.9,100.0,20.0,60.0,75.0,20.0,1,0,,,
c_l344,,Comune di Sant'Ippolito,12,275.0,67.9,100.0,20.0,60.0,75.0,20.0,1,1,Comune di Sant'Ippolito,PU,Marche
cdcoame,,Comune di Colli al Metauro,36,275.0,67.9,100.0,20.0,60.0,75.0,20.0,1,1,Comune di Colli al Metauro,PU,Marche
comune di valdastico,,Comune di Valdastico,31,275.0,67.9,100.0,20.0,60.0,75.0,20.0,1,0,,,
comune di sarego,,Comune di Sarego,39,275.0,67.9,100.0,20.0,60.0,75.0,20.0,1,0,,,
comune di possagno,,Comune di Possagno,31,275.0,67.9,100.0,20.0,60.0,75.0,20.0,1,0,,,
comune di rivoli veronese,,Comune di Rivoli Veronese,18,275.0,67.9,100.0,20.0,60.0,75.0,20.0,1,0,,,
c_g803,,Comune di Polverigi,60,275.0,67.9,100.0,20.0,60.0,75.0,20.0,1,1,Comune di Polverigi,AN,Marche
izsm,,Istituto Zooprofilattico Sperimentale del Mezzogiorno,15,275.0,67.9,100.0,20.0,60.0,75.0,20.0,1,1,Istituto Zooprofilattico Sperimentale del Mezzogiorno,NA,Campania
c_g220,,Comune di Paderno Dugnano,6,275.0,67.9,100.0,20.0,60.0,75.0,20.0,1,1,Comune di Paderno Dugnano,MI,Lombardia
comune di lendinara,,Comune di Lendinara,11,275.0,67.9,100.0,20.0,60.0,75.0,20.0,1,0,,,
comune di povegliano veronese,,Comune di Povegliano Veronese,36,275.0,67.9,100.0,20.0,60.0,75.0,20.0,1,0,,,
comune di castelnovo bariano,,Comune di Castelnovo Bariano,28,275.0,67.9,100.0,20.0,60.0,75.0,20.0,1,0,,,
comune di occhiobello,,Comune di Occhiobello,7,275.0,67.9,100.0,20.0,60.0,75.0,20.0,1,0,,,
comune di san biagio di callalta,,Comune di San Biagio di Callalta,13,275.0,67.9,100.0,20.0,60.0,75.0,20.0,1,0,,,
comune di marostica,,Comune di Marostica,5,275.0,67.9,100.0,20.0,60.0,75.0,20.0,1,0,,,
comune di villafranca di verona,,Comune di Villafranca di Verona,6,275.0,67.9,100.0,20.0,60.0,75.0,20.0,1,0,,,
comune di san stino di livenza,,Comune di San Stino di Livenza,2,275.0,67.9,100.0,20.0,60.0,75.0,20.0,1,0,,,
comune di badia polesine,,Comune di Badia Polesine,35,275.0,67.9,100.0,20.0,60.0,75.0,20.0,1,0,,,
cdtro,,Comune di Terre Roveresche,37,275.0,67.9,100.0,20.0,60.0,75.0,20.0,1,1,Comune di Terre Roveresche,PU,Marche
comune di pressana,,Comune di Pressana,15,275.0,67.9,100.0,20.0,60.0,75.0,20.0,1,0,,,
comune di sandrigo,,Comune di Sandrigo,18,275.0,67.9,100.0,20.0,60.0,75.0,20.0,1,0,,,
federazione dei comuni del camposampierese,,Federazione dei Comuni del Camposampierese,23,275.0,67.9,100.0,20.0,60.0,75.0,20.0,1,0,,,
comune di arqua' petrarca,,Comune di Arqua' Petrarca,17,275.0,67.9,100.0,20.0,60.0,75.0,20.0,1,0,,,
c_a551,,Comune di Bagnara di Romagna,8,275.0,67.9,100.0,20.0,60.0,75.0,20.0,1,1,Comune di Bagnara di Romagna,RA,Emilia-Romagna
comune di vittorio veneto,,Comune di Vittorio Veneto,6,275.0,67.9,100.0,20.0,60.0,75.0,20.0,1,0,,,
c_d791,,COMUNE DI Fratte Rosa,10,275.0,67.9,100.0,20.0,60.0,75.0,20.0,1,1,Comune di Fratte Rosa,PU,Marche
comune di villa bartolomea,,Comune di Villa Bartolomea,7,275.0,67.9,100.0,20.0,60.0,75.0,20.0,1,0,,,
c_f348,,COMUNE DI Mondolfo,52,275.0,67.9,100.0,20.0,60.0,75.0,20.0,1,1,Comune di Mondolfo,PU,Marche
comune di conegliano,,Comune di Conegliano,24,275.0,67.9,100.0,20.0,60.0,75.0,20.0,1,0,,,
c_f474,,COMUNE DI Monteciccardo,2,275.0,67.9,100.0,20.0,60.0,75.0,20.0,1,0,,,
comune di san fior,,Comune di San Fior,1,275.0,67.9,100.0,20.0,60.0,75.0,20.0,1,0,,,
comune di rotzo,,Comune di Rotzo,5,275.0,67.9,100.0,20.0,60.0,75.0,20.0,1,0,,,
comune di susegana,,Comune di Susegana,4,275.0,67.9,100.0,20.0,60.0,75.0,20.0,1,0,,,
comune di montegrotto terme,,Comune di Montegrotto Terme,9,275.0,67.9,100.0,20.0,60.0,75.0,20.0,1,0,,,
comune di bassano del grappa,,Comune di Bassano del Grappa,26,275.0,67.9,100.0,20.0,60.0,75.0,20.0,1,0,,,
comune di san pietro di feletto,,Comune di San Pietro di Feletto,28,275.0,67.9,100.0,20.0,60.0,75.0,20.0,1,0,,,
comune di roncade,,Comune di Roncade,14,275.0,67.9,100.0,20.0,60.0,75.0,20.0,1,0,,,
comune di torri di quartesolo,,Comune di Torri di Quartesolo,29,275.0,67.9,100.0,20.0,60.0,75.0,20.0,1,0,,,
c_e783,,Comune di Macerata,56,275.0,67.9,100.0,20.0,60.0,75.0,20.0,1,1,Comune di Macerata,MC,Marche
comune di borgo veneto,,Comune di Borgo Veneto,22,275.0,67.9,100.0,20.0,60.0,75.0,20.0,1,0,,,
c_l081,,COMUNE DI Tavullia,1,275.0,67.9,100.0,20.0,60.0,75.0,20.0,1,1,Comune di Tavullia,PU,Marche
amministrazione provinciale di belluno,,Amministrazione Provinciale Di Belluno,5,275.0,67.9,100.0,20.0,60.0,75.0,20.0,1,0,,,
comune di bosaro,,Comune di Bosaro,30,275.0,67.9,100.0,20.0,60.0,75.0,20.0,1,0,,,
consiglio di bacino laguna di venezia,,Consiglio di bacino Laguna di Venezia,23,275.0,67.9,100.0,20.0,60.0,75.0,20.0,1,0,,,
comune di castelmassa,,Comune di Castelmassa,32,275.0,67.9,100.0,20.0,60.0,75.0,20.0,1,0,,,
comune di codogne',,Comune di Codogne',16,275.0,67.9,100.0,20.0,60.0,75.0,20.0,1,0,,,
comune di bergantino,,Comune di Bergantino,17,275.0,67.9,100.0,20.0,60.0,75.0,20.0,1,0,,,
comune di lusia,,Comune di Lusia,15,275.0,67.9,100.0,20.0,60.0,75.0,20.0,1,0,,,
c_h211,,Comune di Recanati,3,275.0,67.9,100.0,20.0,60.0,75.0,20.0,1,1,Comune di Recanati,MC,Marche
comune di oderzo,,Comune di Oderzo,1,275.0,67.9,100.0,20.0,60.0,75.0,20.0,1,0,,,
c_a191,,Comune di Alfonsine,8,275.0,67.9,100.0,20.0,60.0,75.0,20.0,1,1,Comune di Alfonsine,RA,Emilia-Romagna
comune di  nervesa della battaglia,,Comune di  Nervesa della Battaglia,1,275.0,67.9,100.0,20.0,60.0,75.0,20.0,1,0,,,
comune di vigasio,,Comune di Vigasio,20,275.0,67.9,100.0,20.0,60.0,75.0,20.0,1,0,,,
comune di negrar di valpolicella,,Comune di Negrar di Valpolicella,21,275.0,67.9,100.0,20.0,60.0,75.0,20.0,1,0,,,
comune di albaredo d'adige,,Comune di Albaredo d'Adige,16,275.0,67.9,100.0,20.0,60.0,75.0,20.0,1,0,,,
comune di piacenza d'adige,,Comune di Piacenza D'adige,28,275.0,67.9,100.0,20.0,60.0,75.0,20.0,1,0,,,
comune di schio,,Comune di Schio,43,275.0,67.9,100.0,20.0,60.0,75.0,20.0,1,0,,,
comune di farra di soligo,,Comune di Farra di Soligo,23,275.0,67.9,100.0,20.0,60.0,75.0,20.0,1,0,,,
veneto lavoro,,Veneto Lavoro,4,275.0,67.9,100.0,20.0,60.0,75.0,20.0,1,0,,,
istituto regionale ville venete,,Istituto Regionale Ville Venete,7,275.0,67.9,100.0,20.0,60.0,75.0,20.0,1,0,,,
comune di casalserugo,,Comune di Casalserugo,4,275.0,67.9,100.0,20.0,60.0,75.0,20.0,1,0,,,
cmgp_007,,Unione dei Comuni Valdostani Grand-Paradis,3,275.0,67.9,100.0,20.0,60.0,75.0,20.0,1,1,Unione dei Comuni Valdostani Grand-Paradis,AO,Valle d'Aosta/Vallée d'Aoste
comune di follina,,Comune di Follina,1,275.0,67.9,100.0,20.0,60.0,75.0,20.0,1,0,,,
c_b468,,Comune di Camerano,52,275.0,67.9,100.0,20.0,60.0,75.0,20.0,1,1,Comune di Camerano,AN,Marche
comune di revine lago,,Comune di Revine Lago,1,275.0,67.9,100.0,20.0,60.0,75.0,20.0,1,0,,,
comune di battaglia terme,,Comune di Battaglia Terme,9,275.0,67.9,100.0,20.0,60.0,75.0,20.0,1,0,,,
c_g453,,COMUNE DI Pergola,48,275.0,67.9,100.0,20.0,60.0,75.0,20.0,1,1,Comune di Pergola,PU,Marche
comune di cartigliano,,Comune di Cartigliano,6,275.0,67.9,100.0,20.0,60.0,75.0,20.0,1,0,,,
comune di valdagno,,Comune di Valdagno,9,275.0,67.9,100.0,20.0,60.0,75.0,20.0,1,0,,,
comune di roverchiara,,Comune di Roverchiara,7,275.0,67.9,100.0,20.0,60.0,75.0,20.0,1,0,,,
comune di galliera veneta,,Comune di Galliera Veneta,6,275.0,67.9,100.0,20.0,60.0,75.0,20.0,1,0,,,
comune di tezze sul brenta,,Comune di Tezze sul Brenta,6,275.0,67.9,100.0,20.0,60.0,75.0,20.0,1,0,,,
comune di noale,,Comune di Noale,31,275.0,67.9,100.0,20.0,60.0,75.0,20.0,1,0,,,
comune di barbona,,Comune di Barbona,10,275.0,67.9,100.0,20.0,60.0,75.0,20.0,1,0,,,
comune di pernumia,,Comune di Pernumia,11,275.0,67.9,100.0,20.0,60.0,75.0,20.0,1,0,,,
comune di rovere veronese,,Comune di Rovere Veronese,36,275.0,67.9,100.0,20.0,60.0,75.0,20.0,1,0,,,
comune di san pietro in cariano,,Comune di San Pietro in Cariano,24,275.0,67.9,100.0,20.0,60.0,75.0,20.0,1,0,,,
cm_esino,,Unione Montana esino frasassi,6,275.0,67.9,100.0,33.33,46.67,75.0,20.0,1,1,Unione Montana dell'Esino Frasassi,AN,Marche
comune di lazise,,Comune di Lazise,39,275.0,67.9,100.0,20.0,60.0,75.0,20.0,1,0,,,
comune di camponogara,,Comune di Camponogara,2,275.0,67.9,100.0,20.0,60.0,75.0,20.0,1,0,,,
comune di san giovanni lupatoto,,Comune di San Giovanni Lupatoto,14,275.0,67.9,100.0,20.0,60.0,75.0,20.0,1,0,,,
comune di campolongo maggiore,,Comune di Campolongo Maggiore,15,275.0,67.9,100.0,20.0,60.0,75.0,20.0,1,0,,,
comune di crespadoro,,Comune di Crespadoro,30,275.0,67.9,100.0,20.0,60.0,75.0,20.0,1,0,,,
comune di montebelluna,,Comune di Montebelluna,1,275.0,67.9,100.0,20.0,60.0,75.0,20.0,1,0,,,
comune di santorso,,Comune di Santorso,45,275.0,67.9,100.0,20.0,60.0,75.0,20.0,1,0,,,
comune di saccolongo,,Comune di Saccolongo,21,275.0,67.9,100.0,20.0,60.0,75.0,20.0,1,0,,,
c_d358,,Comune di Dovera,8,275.0,67.9,100.0,30.0,60.0,65.0,20.0,1,1,Comune di Dovera,CR,Lombardia
comune di isola della scala,,Comune di Isola della Scala,7,275.0,67.9,100.0,20.0,60.0,75.0,20.0,1,0,,,
comune di cerea,,Comune di Cerea,38,275.0,67.9,100.0,20.0,60.0,75.0,20.0,1,0,,,
comune di lastebasse,,Comune di Lastebasse,20,275.0,67.9,100.0,20.0,60.0,75.0,20.0,1,0,,,
comune di mussolente,,Comune di Mussolente,8,275.0,67.9,100.0,20.0,60.0,75.0,20.0,1,0,,,
comune di villadose,,Comune di Villadose,33,275.0,67.9,100.0,20.0,60.0,75.0,20.0,1,0,,,
comune di cogollo del cengio,,Comune di Cogollo del Cengio,27,275.0,67.9,100.0,20.0,60.0,75.0,20.0,1,0,,,
comune di camisano vicentino,,Comune di Camisano Vicentino,24,275.0,67.9,100.0,20.0,60.0,75.0,20.0,1,0,,,
comune di agna,,Comune di Agna,11,275.0,67.9,100.0,20.0,60.0,75.0,20.0,1,0,,,
comune di bevilacqua,,Comune di Bevilacqua,22,275.0,67.9,100.0,20.0,60.0,75.0,20.0,1,0,,,
07401840017,,Turismo Torino e Provincia s.c.r.l.,7,275.0,67.9,100.0,20.0,60.0,75.0,20.0,1,0,,,
comune di rossano veneto,,Comune di Rossano Veneto,28,275.0,67.9,100.0,20.0,60.0,75.0,20.0,1,0,,,
comune di carbonera,,Comune di Carbonera,38,275.0,67.9,100.0,20.0,60.0,75.0,20.0,1,0,,,
comune di posina,,Comune di Posina,32,275.0,67.9,100.0,20.0,60.0,75.0,20.0,1,0,,,
comune di monselice,,Comune di Monselice,6,275.0,67.9,100.0,20.0,60.0,75.0,20.0,1,0,,,
ucv_109,,Unione Comuni Valdaso,1,275.0,67.9,100.0,20.0,60.0,75.0,20.0,1,1,Unione Comuni Valdaso,FM,Marche
comune di porto tolle,,Comune di Porto Tolle,27,275.0,67.9,100.0,20.0,60.0,75.0,20.0,1,0,,,
comune di creazzo,,Comune di Creazzo,48,275.0,67.9,100.0,20.0,60.0,75.0,20.0,1,0,,,
comune di ferrara di monte baldo,,Comune di Ferrara Di Monte Baldo,26,275.0,67.9,100.0,20.0,60.0,75.0,20.0,1,0,,,
comune di san michele al tagliamento,,Comune di San Michele al Tagliamento,2,275.0,67.9,100.0,20.0,60.0,75.0,20.0,1,0,,,
comune di albettone,,Comune di Albettone,11,275.0,67.9,100.0,20.0,60.0,75.0,20.0,1,0,,,
c_d121,,Comune di Cotignola,8,275.0,67.9,100.0,20.0,60.0,75.0,20.0,1,1,Comune di Cotignola,RA,Emilia-Romagna
comune di colognola ai colli,,Comune di Colognola ai Colli,16,275.0,67.9,100.0,20.0,60.0,75.0,20.0,1,0,,,
comune di valeggio sul mincio,,Comune di Valeggio sul Mincio,9,275.0,67.9,100.0,20.0,60.0,75.0,20.0,1,0,,,
comune di veronella,,Comune di Veronella,13,275.0,67.9,100.0,20.0,60.0,75.0,20.0,1,0,,,
comune di nogarole vicentino,,Comune di Nogarole Vicentino,17,275.0,67.9,100.0,20.0,60.0,75.0,20.0,1,0,,,
comune di pincara,,Comune di Pincara,14,275.0,67.9,100.0,20.0,60.0,75.0,20.0,1,0,,,
altro,,Altro,2,275.0,67.9,100.0,20.0,60.0,75.0,20.0,1,0,,,
asstnm,,Azienda Socio Sanitaria Territoriale Nord Milano,10,275.0,67.9,100.0,20.0,60.0,75.0,20.0,1,1,Azienda Socio Sanitaria Territoriale Nord Milano,MI,Lombardia
comune di chiuppano,,Comune di Chiuppano,27,275.0,67.9,100.0,20.0,60.0,75.0,20.0,1,0,,,
comune di grumolo delle abbadesse,,Comune di Grumolo delle Abbadesse,21,275.0,67.9,100.0,20.0,60.0,75.0,20.0,1,0,,,
c_d749,,COMUNE DI Fossombrone,23,275.0,67.9,100.0,20.0,60.0,75.0,20.0,1,1,Comune di Fossombrone,PU,Marche
comune di gambellara,,Comune di Gambellara,38,275.0,67.9,100.0,20.0,60.0,75.0,20.0,1,0,,,
comune di gazzo veronese,,Comune di Gazzo Veronese,19,275.0,67.9,100.0,20.0,60.0,75.0,20.0,1,0,,,
comune di san pietro di morubio,,Comune di San Pietro di Morubio,26,275.0,67.9,100.0,20.0,60.0,75.0,20.0,1,0,,,
comune di trecenta,,Comune di Trecenta,16,275.0,67.9,100.0,20.0,60.0,75.0,20.0,1,0,,,
comune di ceneselli,,Comune di Ceneselli,17,275.0,67.9,100.0,20.0,60.0,75.0,20.0,1,0,,,
comune di  moriago della battaglia,,Comune di  Moriago della Battaglia,1,275.0,67.9,100.0,20.0,60.0,75.0,20.0,1,0,,,
comune di legnago,,Comune di Legnago,16,275.0,67.9,100.0,20.0,60.0,75.0,20.0,1,0,,,
comune di pieve del grappa,,Comune di Pieve del Grappa,31,275.0,67.9,100.0,20.0,60.0,75.0,20.0,1,0,,,
comune di roveredo di gua,,Comune di Roveredo Di Gua,17,275.0,67.9,100.0,20.0,60.0,75.0,20.0,1,0,,,
comune di monfumo,,Comune di Monfumo,34,275.0,67.9,100.0,20.0,60.0,75.0,20.0,1,0,,,
umdm,,Unione Montana del Montefeltro,5,275.0,67.9,100.0,20.0,60.0,75.0,20.0,1,1,Unione Montana del Montefeltro,PU,Marche
comune di enego,,Comune di Enego,3,275.0,67.9,100.0,20.0,60.0,75.0,20.0,1,0,,,
comune di mareno di piave,,Comune di Mareno di Piave,1,275.0,67.9,100.0,20.0,60.0,75.0,20.0,1,0,,,
comune di cordignano,,Comune di Cordignano,38,275.0,67.9,100.0,20.0,60.0,75.0,20.0,1,0,,,
comune di giacciano con baruchella,,Comune di Giacciano con Baruchella,4,275.0,67.9,100.0,20.0,60.0,75.0,20.0,1,0,,,
comune di san donà di piave,,Comune di San Donà di Piave,3,275.0,67.9,100.0,20.0,60.0,75.0,20.0,1,0,,,
c_i690,,Comune di Sesto San Giovanni,3,275.0,67.9,100.0,20.0,60.0,75.0,20.0,1,1,Comune di Sesto San Giovanni,MI,Lombardia
comune di isola rizza,,Comune di Isola Rizza,7,275.0,67.9,100.0,20.0,60.0,75.0,20.0,1,0,,,
comune di castelfranco veneto,,Comune di Castelfranco Veneto,2,275.0,67.9,100.0,20.0,60.0,75.0,20.0,1,0,,,
comune di montecchio precalcino,,Comune di Montecchio Precalcino,50,275.0,67.9,100.0,20.0,60.0,75.0,20.0,1,0,,,
comune di malo,,Comune di Malo,40,275.0,67.9,100.0,20.0,60.0,75.0,20.0,1,0,,,
ansfisa,,Agenzia Nazionale per la Sicurezza delle Ferrovie e delle Infrastrutture Stradali e Autostradali,21,275.0,67.9,100.0,20.0,60.0,75.0,20.0,1,1,Agenzia Nazionale per La Sicurezza Delle Ferrovie e Delle Infrastrutture Stradali e Autostradali,RM,Lazio
comune di asolo,,Comune di Asolo,1,275.0,67.9,100.0,20.0,60.0,75.0,20.0,1,0,,,
comune di brugine,,Comune di Brugine,10,275.0,67.9,100.0,20.0,60.0,75.0,20.0,1,0,,,
comune di zimella,,Comune di Zimella,15,275.0,67.9,100.0,20.0,60.0,75.0,20.0,1,0,,,
comune di megliadino san vitale,,Comune di Megliadino San Vitale,14,275.0,67.9,100.0,20.0,60.0,75.0,20.0,1,0,,,
comune di dueville,,Comune di Dueville,15,275.0,67.9,100.0,20.0,60.0,75.0,20.0,1,0,,,
comune di val liona,,Comune di Val Liona,14,275.0,67.9,100.0,20.0,60.0,75.0,20.0,1,0,,,
c_f347,,COMUNE DI Mondavio,32,275.0,67.9,100.0,20.0,60.0,75.0,20.0,1,1,Comune di Mondavio,PU,Marche
comune di san giorgio in bosco,,Comune di San Giorgio in Bosco,12,275.0,67.9,100.0,20.0,60.0,75.0,20.0,1,0,,,
c_f589,,COMUNE DI Monte Porzio,14,275.0,67.9,100.0,20.0,60.0,75.0,20.0,1,1,Comune di Monte Porzio,PU,Marche
comune di erbe',,Comune di Erbe',18,275.0,67.9,100.0,20.0,60.0,75.0,20.0,1,0,,,
comune di fossalta di portogruaro,,Comune di Fossalta di Portogruaro,7,275.0,67.9,100.0,20.0,60.0,75.0,20.0,1,0,,,
comune di zugliano,,Comune di Zugliano,17,275.0,67.9,100.0,20.0,60.0,75.0,20.0,1,0,,,
comune di bovolone,,Comune di Bovolone,7,275.0,67.9,100.0,20.0,60.0,75.0,20.0,1,0,,,
comune di albignasego,,Comune di Albignasego,1,275.0,67.9,100.0,20.0,60.0,75.0,20.0,1,0,,,
comune di vedelago,,Comune di Vedelago,3,275.0,67.9,100.0,20.0,60.0,75.0,20.0,1,0,,,
comune di sernaglia della battaglia,,Comune di Sernaglia della Battaglia,35,275.0,67.9,100.0,20.0,60.0,75.0,20.0,1,0,,,
c_i625,,Comune di Seregno,8,275.0,67.9,100.0,30.0,60.0,65.0,20.0,1,1,Comune di Seregno,MB,Lombardia
comune di pescantina,,Comune di Pescantina,16,275.0,67.9,100.0,20.0,60.0,75.0,20.0,1,0,,,
c_b846,,COMUNE DI Cartoceto,30,275.0,67.9,100.0,20.0,60.0,75.0,20.0,1,1,Comune di Cartoceto,PU,Marche
comune di zenson di piave,,Comune di Zenson di Piave,33,275.0,67.9,100.0,20.0,60.0,75.0,20.0,1,0,,,
comune di fiesso umbertiano,,Comune di Fiesso Umbertiano,21,275.0,67.9,100.0,20.0,60.0,75.0,20.0,1,0,,,
comune di belfiore,,Comune di Belfiore,32,275.0,67.9,100.0,20.0,60.0,75.0,20.0,1,0,,,
comune di quinto di treviso,,Comune di Quinto di Treviso,25,275.0,67.9,100.0,20.0,60.0,75.0,20.0,1,0,,,
comune di pieve di soligo,,Comune di Pieve di Soligo,25,275.0,67.9,100.0,20.0,60.0,75.0,20.0,1,0,,,
comune di casale sul sile,,Comune di Casale sul Sile,31,275.0,67.9,100.0,20.0,60.0,75.0,20.0,1,0,,,
comune di castagnaro,,Comune di Castagnaro,7,275.0,67.9,100.0,20.0,60.0,75.0,20.0,1,0,,,
comune di pozzoleone,,Comune di Pozzoleone,22,275.0,67.9,100.0,20.0,60.0,75.0,20.0,1,0,,,
comune di riese pio x,,Comune di Riese Pio X,21,275.0,67.9,100.0,20.0,60.0,75.0,20.0,1,0,,,
comune di lonigo,,Comune di Lonigo,4,275.0,67.9,100.0,20.0,60.0,75.0,20.0,1,0,,,
comune di zermeghedo,,Comune di Zermeghedo,19,275.0,67.9,100.0,20.0,60.0,75.0,20.0,1,0,,,
comune di musile di piave,,Comune di Musile di Piave,22,275.0,67.9,100.0,20.0,60.0,75.0,20.0,1,0,,,
comune di fara vicentino,,Comune di Fara Vicentino,18,275.0,67.9,100.0,20.0,60.0,75.0,20.0,1,0,,,
comune di segusino,,Comune di Segusino,1,275.0,67.9,100.0,20.0,60.0,75.0,20.0,1,0,,,
comune di villanova marchesana,,Comune di Villanova Marchesana,10,275.0,67.9,100.0,20.0,60.0,75.0,20.0,1,0,,,
comune di velo d'astico,,Comune di Velo d'Astico,14,275.0,67.9,100.0,20.0,60.0,75.0,20.0,1,0,,,
comune di angiari,,Comune di Angiari,7,275.0,67.9,100.0,20.0,60.0,75.0,20.0,1,0,,,
c_f560,,COMUNE di Montemarciano,29,275.0,67.9,100.0,20.0,60.0,75.0,20.0,1,1,Comune di Montemarciano,AN,Marche
comune di zevio,,Comune di Zevio,26,275.0,67.9,100.0,20.0,60.0,75.0,20.0,1,0,,,
comune di castel d'azzano,,Comune di Castel d'Azzano,40,275.0,67.9,100.0,20.0,60.0,75.0,20.0,1,0,,,
comune di sant'anna d'alfaedo,,Comune di Sant'anna D'alfaedo,15,275.0,67.9,100.0,20.0,60.0,75.0,20.0,1,0,,,
comune di thiene,,Comune di Thiene,19,275.0,67.9,100.0,20.0,60.0,75.0,20.0,1,0,,,
comune di cerro veronese,,Comune di Cerro Veronese,18,275.0,67.9,100.0,20.0,60.0,75.0,20.0,1,0,,,
comune di tonezza del cimone,,Comune di Tonezza Del Cimone,12,275.0,67.9,100.0,20.0,60.0,75.0,20.0,1,0,,,
comune di portogruaro,,Comune di Portogruaro,2,275.0,67.9,100.0,20.0,60.0,75.0,20.0,1,0,,,
comune di campo san martino,,Comune di Campo San Martino,15,275.0,67.9,100.0,20.0,60.0,75.0,20.0,1,0,,,
comune di ponte san nicolo,,Comune di Ponte San Nicolo,19,275.0,67.9,100.0,20.0,60.0,75.0,20.0,1,0,,,
comune di fossalta di piave,,Comune di Fossalta di Piave,5,275.0,67.9,100.0,20.0,60.0,75.0,20.0,1,0,,,
udcvm,,Unione dei Comuni Valle del Metauro,6,275.0,67.9,100.0,20.0,60.0,75.0,20.0,1,1,Unione Dei Comuni Valle del Metauro,PU,Marche
comune di gazzo,,Comune di Gazzo,37,275.0,67.9,100.0,20.0,60.0,75.0,20.0,1,0,,,
comune di adria,,Comune di Adria,18,275.0,67.9,100.0,20.0,60.0,75.0,20.0,1,0,,,
comune di cavallino-treporti,,Comune di Cavallino-Treporti,6,275.0,67.9,100.0,20.0,60.0,75.0,20.0,1,0,,,
comune di illasi,,Comune di Illasi,25,275.0,67.9,100.0,20.0,60.0,75.0,20.0,1,0,,,
comune di colceresa,,Comune di Colceresa,4,275.0,67.9,100.0,20.0,60.0,75.0,20.0,1,0,,,
comune di mira,,Comune di Mira,57,275.0,67.9,100.0,20.0,60.0,75.0,20.0,1,0,,,
comune di cessalto,,Comune di Cessalto,32,275.0,67.9,100.0,20.0,60.0,75.0,20.0,1,0,,,
c_d472,,Comune di Falconara Marittima,52,275.0,67.9,100.0,20.0,60.0,75.0,20.0,1,1,Comune di Falconara Marittima,AN,Marche
comune di nove,,Comune di Nove,26,275.0,67.9,100.0,20.0,60.0,75.0,20.0,1,0,,,
comune di agugliaro,,Comune di Agugliaro,18,275.0,67.9,100.0,20.0,60.0,75.0,20.0,1,0,,,
comune di giavera del montello,,Comune di Giavera del Montello,37,275.0,67.9,100.0,20.0,60.0,75.0,20.0,1,0,,,
esa copernicus,,ESA Copernicus,3,275.0,67.9,100.0,20.0,60.0,75.0,20.0,1,0,,,
comune di san vito di leguzzano,,Comune di San Vito di Leguzzano,40,275.0,67.9,100.0,20.0,60.0,75.0,20.0,1,0,,,
comune di colle umberto,,Comune di Colle Umberto,31,275.0,67.9,100.0,20.0,60.0,75.0,20.0,1,0,,,
comune di borso del grappa,,Comune di Borso del Grappa,32,275.0,67.9,100.0,20.0,60.0,75.0,20.0,1,0,,,
comune di roana,,Comune di Roana,16,275.0,67.9,100.0,20.0,60.0,75.0,20.0,1,0,,,
c_f029,,Comune di Massa Lombarda,8,275.0,67.9,100.0,20.0,60.0,75.0,20.0,1,1,Comune di Massa Lombarda,RA,Emilia-Romagna
comune di pedemonte,,Comune di Pedemonte,32,275.0,67.9,100.0,20.0,60.0,75.0,20.0,1,0,,,
comune di nogarole rocca,,Comune di Nogarole Rocca,31,275.0,67.9,100.0,20.0,60.0,75.0,20.0,1,0,,,
comune di fontaniva,,Comune di Fontaniva,28,275.0,67.9,100.0,20.0,60.0,75.0,20.0,1,0,,,
c_c152,,COMUNE DI Castelleone di Suasa,45,275.0,67.9,100.0,20.0,60.0,75.0,20.0,1,1,Comune di Castelleone di Suasa,AN,Marche
comune di buttapietra,,Comune di Buttapietra,21,275.0,67.9,100.0,20.0,60.0,75.0,20.0,1,0,,,
comune di concordia sagittaria,,Comune di Concordia Sagittaria,3,275.0,67.9,100.0,20.0,60.0,75.0,20.0,1,0,,,
comune di ficarolo,,Comune di Ficarolo,28,275.0,67.9,100.0,20.0,60.0,75.0,20.0,1,0,,,
c_g163,,Comune di Osoppo,1,275.0,67.9,100.0,20.0,60.0,75.0,20.0,1,1,Comune di Osoppo,UD,Friuli-Venezia Giulia
comune di marano vicentino,,Comune di Marano Vicentino,27,275.0,67.9,100.0,20.0,60.0,75.0,20.0,1,0,,,
c_e730,,Comune di Lugo,8,275.0,67.9,100.0,20.0,60.0,75.0,20.0,1,1,Comune di Lugo,RA,Emilia-Romagna
comune di nogara,,Comune di Nogara,27,275.0,67.9,100.0,20.0,60.0,75.0,20.0,1,0,,,
comune di oppeano,,Comune di Oppeano,28,275.0,67.9,100.0,20.0,60.0,75.0,20.0,1,0,,,
comune di concamarise,,Comune di Concamarise,24,275.0,67.9,100.0,20.0,60.0,75.0,20.0,1,0,,,
comune di padova,,Comune di Padova,1,275.0,67.9,100.0,20.0,60.0,75.0,20.0,1,0,,,
comune di sant'urbano,,Comune di Sant'Urbano,22,275.0,67.9,100.0,20.0,60.0,75.0,20.0,1,0,,,
comune di zovencedo,,Comune di Zovencedo,25,275.0,67.9,100.0,20.0,60.0,75.0,20.0,1,0,,,
comune di san pietro in gu,,Comune di San Pietro in Gu,28,275.0,67.9,100.0,20.0,60.0,75.0,20.0,1,0,,,
comune di paese,,Comune di Paese,17,275.0,67.9,100.0,20.0,60.0,75.0,20.0,1,0,,,
comune di moriago della battaglia,,Comune di Moriago della Battaglia,17,275.0,67.9,100.0,20.0,60.0,75.0,20.0,1,0,,,
comune di monte di malo,,Comune di Monte di Malo,39,275.0,67.9,100.0,20.0,60.0,75.0,20.0,1,0,,,
comune di mozzecane,,Comune di Mozzecane,26,275.0,67.9,100.0,20.0,60.0,75.0,20.0,1,0,,,
comune di san martino di lupari,,Comune di San Martino di Lupari,22,275.0,67.9,100.0,20.0,60.0,75.0,20.0,1,0,,,
comune di villafranca padovana,,Comune di Villafranca Padovana,13,275.0,67.9,100.0,20.0,60.0,75.0,20.0,1,0,,,
comune di taglio di po,,Comune di Taglio Di Po,26,275.0,67.9,100.0,20.0,60.0,75.0,20.0,1,0,,,
comune di lusiana conco,,Comune di Lusiana Conco,25,275.0,67.9,100.0,20.0,60.0,75.0,20.0,1,0,,,
cm_monte76,,Unione dei Comuni valdostani Monte Cervino,5,275.0,67.9,100.0,20.0,60.0,75.0,20.0,1,1,UNIONE DEI COMUNI VALDOSTANI MONTE CERVINO,AO,Valle d'Aosta/Vallée d'Aoste
comune di gallio,,Comune di Gallio,30,275.0,67.9,100.0,20.0,60.0,75.0,20.0,1,0,,,
consiglio di bacino verona nord,,Consiglio di Bacino Verona Nord,1,275.0,67.9,100.0,20.0,60.0,75.0,20.0,1,0,,,
comune di casier,,Comune di Casier,34,275.0,67.9,100.0,20.0,60.0,75.0,20.0,1,0,,,
comune di castelcucco,,Comune di Castelcucco,30,275.0,67.9,100.0,20.0,60.0,75.0,20.0,1,0,,,
comune di pettorazza grimani,,Comune di Pettorazza Grimani,23,275.0,67.9,100.0,20.0,60.0,75.0,20.0,1,0,,,
comune di trevenzuolo,,Comune di Trevenzuolo,20,275.0,67.9,100.0,20.0,60.0,75.0,20.0,1,0,,,
comune di marano di valpolicella,,Comune di Marano di Valpolicella,11,275.0,67.9,100.0,20.0,60.0,75.0,20.0,1,0,,,
comune di ronco all'adige,,Comune di Ronco all'Adige,1,275.0,67.9,100.0,20.0,60.0,75.0,20.0,1,0,,,
c_a547,,Comune di Bagnacavallo,8,275.0,67.9,100.0,20.0,60.0,75.0,20.0,1,1,Comune di Bagnacavallo,RA,Emilia-Romagna
uc_vdt,,Unione dei Comuni Vallata del Tronto,1,275.0,67.9,100.0,20.0,60.0,75.0,20.0,1,1,Unione dei Comuni Vallata del Tronto,AP,Marche
comune di stienta,,Comune di Stienta,8,275.0,67.9,100.0,20.0,60.0,75.0,20.0,1,0,,,
comune di romano d'ezzelino,,Comune di Romano D'ezzelino,7,275.0,67.9,100.0,20.0,60.0,75.0,20.0,1,0,,,
comune di caorle,,Comune di Caorle,5,275.0,67.9,100.0,20.0,60.0,75.0,20.0,1,0,,,
comune di masi,,Comune di Masi,15,275.0,67.9,100.0,20.0,60.0,75.0,20.0,1,0,,,
comune di casale di scodosia,,Comune di Casale di Scodosia,9,275.0,67.9,100.0,20.0,60.0,75.0,20.0,1,0,,,
c_d211,,Comune di Cupramontana,9,275.0,67.9,100.0,28.89,51.11,75.0,20.0,1,1,Comune di Cupramontana,AN,Marche
comune di montegalda,,Comune di Montegalda,29,275.0,67.9,100.0,20.0,60.0,75.0,20.0,1,0,,,
comune di monteforte d'alpone,,COMUNE DI MONTEFORTE D'ALPONE,1,275.0,67.9,100.0,20.0,60.0,75.0,20.0,1,0,,,
comune di montecchio maggiore,,Comune di Montecchio Maggiore,30,275.0,67.9,100.0,20.0,60.0,75.0,20.0,1,0,,,
comune di salgareda,,Comune di Salgareda,32,275.0,67.9,100.0,20.0,60.0,75.0,20.0,1,0,,,
comune di cassola,,Comune di Cassola,2,275.0,67.9,100.0,20.0,60.0,75.0,20.0,1,0,,,
aldm_an,,Assemblea Legislativa delle Marche,1,275.0,67.9,100.0,20.0,60.0,75.0,20.0,1,1,Assemblea Legislativa delle Marche,AN,Marche
comune di la valle agordina,,Comune di La Valle Agordina,10,275.0,67.9,100.0,20.0,60.0,75.0,20.0,1,0,,,
c_d007,,COMUNE DI Corinaldo,51,275.0,67.9,100.0,20.0,60.0,75.0,20.0,1,1,Comune di Corinaldo,AN,Marche
comune di saonara,,Comune di Saonara,19,275.0,67.9,100.0,20.0,60.0,75.0,20.0,1,0,,,
c_l409,,Comune di Trezzano sul Naviglio (MI),13,275.0,67.9,100.0,20.0,60.0,75.0,20.0,1,1,Comune di Trezzano Sul Naviglio,MI,Lombardia
comune di calto,,Comune di Calto,27,275.0,67.9,100.0,20.0,60.0,75.0,20.0,1,0,,,
c_f600,,Comune di Monte Roberto,11,275.0,67.9,100.0,27.27,52.73,75.0,20.0,1,1,Comune di Monte Roberto,AN,Marche
comune di pastrengo,,Comune di Pastrengo,24,275.0,67.9,100.0,20.0,60.0,75.0,20.0,1,0,,,
comune di villaverla,,Comune di Villaverla,6,275.0,67.9,100.0,20.0,60.0,75.0,20.0,1,0,,,
c_e690,,Comune di Loreto,51,275.0,67.9,100.0,20.0,60.0,75.0,20.0,1,1,Comune di Loreto,AN,Marche
comune di erbezzo,,Comune di Erbezzo,8,275.0,67.9,100.0,20.0,60.0,75.0,20.0,1,0,,,
c_b026,,Comune di Borgo Pace,8,275.0,67.9,100.0,20.0,60.0,75.0,20.0,1,1,Comune di Borgo Pace,PU,Marche
sapns,,Sistema Ambiente Provincia di Napoli S.P.A.,3,275.0,67.9,100.0,20.0,60.0,75.0,20.0,1,1,Sistema Ambiente Provincia di Napoli S.P.A.,NA,Campania
comune di villorba,,Comune di Villorba,1,275.0,67.9,100.0,20.0,60.0,75.0,20.0,1,0,,,
comune di brogliano,,Comune di Brogliano,25,275.0,67.9,100.0,20.0,60.0,75.0,20.0,1,0,,,
comune di recoaro terme,,Comune di Recoaro Terme,20,275.0,67.9,100.0,20.0,60.0,75.0,20.0,1,0,,,
comune di ponzano veneto,,Comune di Ponzano Veneto,1,275.0,67.9,100.0,20.0,60.0,75.0,20.0,1,0,,,
comune di spresiano,,Comune di Spresiano,5,275.0,67.9,100.0,20.0,60.0,75.0,20.0,1,0,,,
comune di gaiba,,Comune di Gaiba,16,275.0,67.9,100.0,20.0,60.0,75.0,20.0,1,0,,,
comune di galzignano terme,,Comune di Galzignano Terme,19,275.0,67.9,100.0,20.0,60.0,75.0,20.0,1,0,,,
comune di carre',,Comune di Carre',31,275.0,67.9,100.0,20.0,60.0,75.0,20.0,1,0,,,
comune di rovigo,,Comune di Rovigo,97,274.79,67.85,100.0,20.0,59.79,75.0,20.0,1,0,,,
c_c948,,Comune di Concesio,23,274.57,67.8,100.0,23.48,60.0,71.09,20.0,1,1,Comune di Concesio,BS,Lombardia
c_c100,,Comune di Castelfidardo,65,274.23,67.71,100.0,20.0,59.23,75.0,20.0,1,1,Comune di Castelfidardo,AN,Marche
c_h958,,COMUNE DI San Lorenzo in Campo,36,273.89,67.63,100.0,20.0,58.89,75.0,20.0,1,1,Comune di San Lorenzo in Campo,PU,Marche
m_inf,,Ministero Infrastrutture e Trasporti,70,273.86,67.62,95.43,23.43,60.0,75.0,20.0,1,1,Ministero delle infrastrutture e dei trasporti,RM,Lazio
comune di limena,,Comune di Limena,15,273.67,67.57,100.0,20.0,58.67,75.0,20.0,1,0,,,
c_a462,,Comune di Ascoli Piceno,13,273.46,67.52,100.0,20.0,58.46,75.0,20.0,1,1,Comune di Ascoli Piceno,AP,Marche
c_h771,,Comune di San Benedetto Po,17,273.24,67.47,100.0,20.0,60.0,73.24,20.0,1,1,Comune di San Benedetto Po,MN,Lombardia
p_mb,,Provincia di Monza e della Brianza,174,273.22,67.46,100.0,25.52,60.0,67.7,20.0,1,1,Provincia di Monza e della Brianza,MB,Lombardia
c_f453,,COMUNE DI Montecarotto,11,273.18,67.45,100.0,27.27,50.91,75.0,20.0,1,1,Comune di Montecarotto,AN,Marche
el,,PoliS - Lombardia,175,273.11,67.43,100.0,23.66,60.0,69.46,20.0,1,1,PoliS-Lombardia - Istituto regionale per il supporto alle politiche della Lombardia,MI,Lombardia
c_d451,,Comune di Fabriano,10,273.0,67.41,100.0,28.0,50.0,75.0,20.0,1,1,Comune di Fabriano,AN,Marche
udcda_bs,,Unione Dei Comuni Delle Alpi Orobie Bresciane,10,273.0,67.41,100.0,28.0,60.0,65.0,20.0,1,1,Unione Dei Comuni Delle Alpi Orobie Bresciane,BS,Lombardia
c_l778,,Comune di Verolavecchia,10,273.0,67.41,100.0,28.0,60.0,65.0,20.0,1,1,Comune di Verolavecchia,BS,Lombardia
c_c457,,Comune di Cenate Sotto,10,273.0,67.41,100.0,28.0,60.0,65.0,20.0,1,1,Comune di Cenate Sotto,BG,Lombardia
c_c396,,Comune di Cavernago,10,273.0,67.41,100.0,28.0,60.0,65.0,20.0,1,1,Comune di Cavernago,BG,Lombardia
c_e370,,Comune di Isso,20,273.0,67.41,100.0,28.0,60.0,65.0,20.0,1,1,Comune di Isso,BG,Lombardia
c_a846,,Comune di Bianzano,10,273.0,67.41,100.0,28.0,60.0,65.0,20.0,1,1,Comune di Bianzano,BG,Lombardia
p_cr,,Provincia di Cremona,10,273.0,67.41,100.0,28.0,60.0,65.0,20.0,1,1,Provincia di Cremona,CR,Lombardia
c_f633,,COMUNE DI Monte Urano,10,273.0,67.41,100.0,20.0,58.0,75.0,20.0,1,1,Comune di Monte Urano,FM,Marche
c_e100,,Comune di Gorlago,10,273.0,67.41,100.0,28.0,60.0,65.0,20.0,1,1,Comune di Gorlago,BG,Lombardia
c_l812,,Comune di Vestone,10,273.0,67.41,100.0,28.0,60.0,65.0,20.0,1,1,Comune di Vestone,BS,Lombardia
c_e297,,Comune di Incudine,10,273.0,67.41,100.0,28.0,60.0,65.0,20.0,1,1,Comune di Incudine,BS,Lombardia
c_m188,,Comune di Zone,10,273.0,67.41,100.0,28.0,60.0,65.0,20.0,1,1,Comune di Zone,BS,Lombardia
c_g546,,Comune di Pian Camuno,10,273.0,67.41,100.0,28.0,60.0,65.0,20.0,1,1,Comune di Pian Camuno,BS,Lombardia
c_i916,,Comune di Spinone Al  Lago,10,273.0,67.41,100.0,28.0,60.0,65.0,20.0,1,1,Comune di Spinone Al  Lago,BG,Lombardia
c_c248,,COMUNE DI Castelplanio,10,273.0,67.41,100.0,28.0,50.0,75.0,20.0,1,1,Comune di Castelplanio,AN,Marche
c_d150,,Comune di Cremona,73,272.95,67.4,100.0,24.38,60.0,68.56,20.0,1,1,Comune di Cremona,CR,Lombardia
r_lombar,,Regione Lombardia,1248,272.84,67.37,100.0,27.87,57.84,67.13,20.0,1,1,Regione Lombardia,MI,Lombardia
trenord,,Trenord,9,272.78,67.35,100.0,28.89,57.78,66.11,20.0,1,0,,,
c_f520,,COMUNE DI Montegiorgio,9,272.78,67.35,100.0,20.0,57.78,75.0,20.0,1,1,Comune di Montegiorgio,FM,Marche
comune di ospitale di cadore,,Comune di Ospitale Di Cadore,26,272.69,67.33,100.0,20.0,57.69,75.0,20.0,1,0,,,
comune di verona,,Comune di Verona,68,272.65,67.32,100.0,20.0,57.65,75.0,20.0,1,0,,,
c_i912,,COMUNE DI Spinetoli,8,272.5,67.28,100.0,20.0,57.5,75.0,20.0,1,1,Comune di Spinetoli,AP,Marche
c_h575,,Comune di Rosora,8,272.5,67.28,100.0,30.0,47.5,75.0,20.0,1,1,Comune di Rosora,AN,Marche
c_c093,,COMUNE DI Castel di Lama,8,272.5,67.28,100.0,20.0,57.5,75.0,20.0,1,1,Comune di Castel di Lama,AP,Marche
c_i324,,COMUNE DI Sant'Elpidio a Mare,8,272.5,67.28,100.0,20.0,57.5,75.0,20.0,1,1,Comune di Sant'Elpidio a Mare,FM,Marche
comune di lamon,,Comune di Lamon,16,272.5,67.28,100.0,20.0,57.5,75.0,20.0,1,0,,,
comune di fonzaso,,Comune di Fonzaso,16,272.5,67.28,100.0,20.0,57.5,75.0,20.0,1,0,,,
c_f415,,COMUNE DI Montalto delle Marche,7,272.14,67.2,100.0,20.0,57.14,75.0,20.0,1,1,Comune di Montalto delle Marche,AP,Marche
c_b534,,Comune di Campofilone,7,272.14,67.2,100.0,20.0,57.14,75.0,20.0,1,1,Comune di Campofilone,FM,Marche
comune di alpago,,Comune di Alpago,7,272.14,67.2,100.0,20.0,57.14,75.0,20.0,1,0,,,
c_e868,,COMUNE DI Maltignano,7,272.14,67.2,100.0,20.0,57.14,75.0,20.0,1,1,Comune di Maltignano,AP,Marche
c_f614,,Comune di Monterubbiano,7,272.14,67.2,100.0,20.0,57.14,75.0,20.0,1,1,Comune di Monterubbiano,FM,Marche
c_c321,,Comune di Castignano,7,272.14,67.2,100.0,20.0,57.14,75.0,20.0,1,1,Comune di Castignano,AP,Marche
comune di ponte nelle alpi,,Comune di Ponte Nelle Alpi,20,272.0,67.16,100.0,20.0,57.0,75.0,20.0,1,0,,,
c_c707,,Comune di Cinisello Balsamo,18,271.67,67.08,100.0,20.0,60.0,71.67,20.0,1,1,Comune di Cinisello Balsamo,MI,Lombardia
c_e807,,Comune di Magliano di Tenna,6,271.67,67.08,100.0,20.0,56.67,75.0,20.0,1,1,Comune di Magliano di Tenna,FM,Marche
c_c935,,COMUNE DI Comunanza,6,271.67,67.08,100.0,20.0,56.67,75.0,20.0,1,1,Comune di Comunanza,AP,Marche
c_g920,,Comune di Porto San Giorgio,6,271.67,67.08,100.0,20.0,56.67,75.0,20.0,1,1,Comune di Porto San Giorgio,FM,Marche
c_f722,,COMUNE DI Moresco,6,271.67,67.08,100.0,20.0,56.67,75.0,20.0,1,1,Comune di Moresco,FM,Marche
c_c877,,COMUNE DI Colli del Tronto,6,271.67,67.08,100.0,20.0,56.67,75.0,20.0,1,1,Comune di Colli del Tronto,AP,Marche
c_d142,,Comune di Crema,24,271.67,67.08,100.0,26.67,60.0,65.0,20.0,1,1,Comune di Crema,CR,Lombardia
c_f487,,COMUNE DI Montedinove,5,271.0,66.91,100.0,20.0,56.0,75.0,20.0,1,1,Comune di Montedinove,AP,Marche
c_l728,,COMUNE DI Venarotta,5,271.0,66.91,100.0,20.0,56.0,75.0,20.0,1,1,Comune di Venarotta,AP,Marche
c_d477,,COMUNE DI Falerone,5,271.0,66.91,100.0,20.0,56.0,75.0,20.0,1,1,Comune di Falerone,FM,Marche
c_a335,,Comune di Appignano del Tronto,5,271.0,66.91,100.0,20.0,56.0,75.0,20.0,1,1,Comune di Appignano del Tronto,AP,Marche
c_f044,,Comune di Massignano,5,271.0,66.91,100.0,20.0,56.0,75.0,20.0,1,1,Comune di Massignano,AP,Marche
c_d691,,COMUNE DI Force,5,271.0,66.91,100.0,20.0,56.0,75.0,20.0,1,1,Comune di Force,AP,Marche
c_d286,,Comune di Desio,19,270.79,66.86,100.0,24.21,60.0,66.58,20.0,1,1,Comune di Desio,MB,Lombardia
c_i461,,Comune di Sassoferrato,14,270.71,66.84,100.0,25.71,50.0,75.0,20.0,1,1,Comune di Sassoferrato,AN,Marche
c_a794,,Comune di Bergamo,48,270.62,66.82,100.0,21.67,59.58,69.38,20.0,1,1,Comune di Bergamo,BG,Lombardia
cmmi,,Città Metropolitana Milano,196,270.61,66.82,100.0,22.45,60.0,68.16,20.0,1,1,Citta' Metropolitana di Milano,MI,Lombardia
c_g921,,COMUNE DI Porto Sant'Elpidio,9,270.56,66.8,100.0,20.0,55.56,75.0,20.0,1,1,Comune di Porto Sant'Elpidio,FM,Marche
c_h390,,COMUNE DI Roccafluvione,4,270.0,66.67,100.0,20.0,55.0,75.0,20.0,1,1,Comune di Roccafluvione,AP,Marche
c_g873,,COMUNE DI Ponzano di Fermo,4,270.0,66.67,100.0,20.0,55.0,75.0,20.0,1,1,Comune di Ponzano di Fermo,FM,Marche
c_f501,,COMUNE DI Montefiore dell'Aso,8,270.0,66.67,100.0,20.0,55.0,75.0,20.0,1,1,Comune di Montefiore dell'Aso,AP,Marche
c_d096,,COMUNE DI Cossignano,4,270.0,66.67,100.0,20.0,55.0,75.0,20.0,1,1,Comune di Cossignano,AP,Marche
c_e983,,Comune di Martignana di Po,16,270.0,66.67,100.0,25.0,60.0,65.0,20.0,1,1,Comune di Martignana di Po,CR,Lombardia
c_b727,,COMUNE DI Carassai,8,270.0,66.67,100.0,20.0,55.0,75.0,20.0,1,1,Comune di Carassai,AP,Marche
c_d652,,COMUNE DI Folignano,4,270.0,66.67,100.0,20.0,55.0,75.0,20.0,1,1,Comune di Folignano,AP,Marche
c_f428,,COMUNE DI Montappone,4,270.0,66.67,100.0,20.0,55.0,75.0,20.0,1,1,Comune di Montappone,FM,Marche
c_g516,,COMUNE DI Petritoli,4,270.0,66.67,100.0,20.0,55.0,75.0,20.0,1,1,Comune di Petritoli,FM,Marche
c_h321,,COMUNE DI Ripatransone,4,270.0,66.67,100.0,20.0,55.0,75.0,20.0,1,1,Comune di Ripatransone,AP,Marche
c_h588,,COMUNE DI Rotella,4,270.0,66.67,100.0,20.0,55.0,75.0,20.0,1,1,Comune di Rotella,AP,Marche
c_f591,,COMUNE DI Monteprandone,8,270.0,66.67,100.0,20.0,55.0,75.0,20.0,1,1,Comune di Monteprandone,AP,Marche
c_c331,,Comune di Castorano,4,270.0,66.67,100.0,20.0,55.0,75.0,20.0,1,1,Comune di Castorano,AP,Marche
c_h182,,COMUNE DI Rapagnano,4,270.0,66.67,100.0,20.0,55.0,75.0,20.0,1,1,Comune di Rapagnano,FM,Marche
c_g005,,COMUNE DI Offida,4,270.0,66.67,100.0,20.0,55.0,75.0,20.0,1,1,Comune di Offida,AP,Marche
c_m331,,COMUNE DI Vallefoglia,16,270.0,66.67,100.0,20.0,55.0,75.0,20.0,1,1,Comune di Vallefoglia,PU,Marche
c_f599,,Comune di Monte Rinaldo,4,270.0,66.67,100.0,20.0,55.0,75.0,20.0,1,1,Comune di Monte Rinaldo,FM,Marche
c_g137,,COMUNE DI Ortezzano,4,270.0,66.67,100.0,20.0,55.0,75.0,20.0,1,1,Comune di Ortezzano,FM,Marche
c_i315,,COMUNE DI Santa Vittoria in Matenano,4,270.0,66.67,100.0,20.0,55.0,75.0,20.0,1,1,Comune di Santa Vittoria in Matenano,FM,Marche
c_d542,,Comune di Fermo,4,270.0,66.67,100.0,20.0,55.0,75.0,20.0,1,1,Comune di Fermo,FM,Marche
c_b395,,Comune di Calcio,17,269.71,66.6,100.0,24.71,60.0,65.0,20.0,1,1,Comune di Calcio,BG,Lombardia
c_h264,,Comune di Rho,26,269.62,66.57,100.0,20.0,60.0,69.62,20.0,1,1,Comune di Rho,MI,Lombardia
c_e447,,COMUNE DI Lapedona,7,269.29,66.49,100.0,20.0,54.29,75.0,20.0,1,1,Comune di Lapedona,FM,Marche
c_b899,,Comune di Casalmaiocco,19,269.21,66.47,100.0,24.21,60.0,65.0,20.0,1,1,Comune di Casalmaiocco,LO,Lombardia
c_g388,,Comune di Pavia,29,269.14,66.45,100.0,20.0,60.0,69.14,20.0,1,1,Comune di Pavia,PV,Lombardia
c_b300,,Comune di Busto Arsizio,21,268.81,66.37,100.0,23.81,60.0,65.0,20.0,1,1,Comune di Busto Arsizio,VA,Lombardia
c_e089,,Comune di Gonzaga,21,268.81,66.37,100.0,23.81,60.0,65.0,20.0,1,1,Comune di Gonzaga,MN,Lombardia
c_b126,,Comune di Brebbia,23,268.48,66.29,100.0,23.48,60.0,65.0,20.0,1,1,Comune di Brebbia,VA,Lombardia
c_f704,,Comune di Monza,35,268.43,66.28,100.0,22.29,60.0,66.14,20.0,1,1,Comune di Monza,MB,Lombardia
c_g403,,COMUNE DI Pedaso,3,268.33,66.25,100.0,20.0,53.33,75.0,20.0,1,1,Comune di Pedaso,FM,Marche
c_a760,,Comune di Belmonte Piceno,3,268.33,66.25,100.0,20.0,53.33,75.0,20.0,1,1,Comune di Belmonte Piceno,FM,Marche
c_l279,,COMUNE DI Torre San Patrizio,3,268.33,66.25,100.0,20.0,53.33,75.0,20.0,1,1,Comune di Torre San Patrizio,FM,Marche
c_f626,,Comune di Monte San Pietrangeli,3,268.33,66.25,100.0,20.0,53.33,75.0,20.0,1,1,Comune di Monte San Pietrangeli,FM,Marche
c_f380,,Comune di Monsampolo del Tronto,3,268.33,66.25,100.0,20.0,53.33,75.0,20.0,1,1,Comune di Monsampolo del Tronto,AP,Marche
c_a437,,Comune di Arquata del Tronto,3,268.33,66.25,100.0,20.0,53.33,75.0,20.0,1,1,Comune di Arquata del Tronto,AP,Marche
c_i774,,Comune di Smerillo,6,268.33,66.25,100.0,20.0,53.33,75.0,20.0,1,1,Comune di Smerillo,FM,Marche
c_f516,,COMUNE DI Montegallo,3,268.33,66.25,100.0,20.0,53.33,75.0,20.0,1,1,Comune di Montegallo,AP,Marche
comune di feltre,,Comune di Feltre,6,268.33,66.25,100.0,20.0,53.33,75.0,20.0,1,0,,,
c_g289,,COMUNE DI Palmiano,3,268.33,66.25,100.0,20.0,53.33,75.0,20.0,1,1,Comune di Palmiano,AP,Marche
umavm,,Unione Montana Alta Valle del Metauro,12,268.33,66.25,100.0,20.0,53.33,75.0,20.0,1,1,Unione Montana Alta Valle del Metauro,PU,Marche
c_f664,,COMUNE DI Monte Vidon Combatte,3,268.33,66.25,100.0,20.0,53.33,75.0,20.0,1,1,Comune di Monte Vidon Combatte,FM,Marche
c_c059,,Comune di Castelbelforte,25,268.2,66.22,100.0,23.2,60.0,65.0,20.0,1,1,Comune di Castelbelforte,MN,Lombardia
c_h827,,Comune di San Donato Milanese,10,268.0,66.17,100.0,20.0,60.0,68.0,20.0,1,1,Comune di San Donato Milanese,MI,Lombardia
c_h883,,Unione di Comuni Lombarda San Giorgio e Bigarello,27,267.96,66.16,100.0,22.96,60.0,65.0,20.0,1,1,Comune di San Giorgio Bigarello,MN,Lombardia
c_c553,,Comune di Cervia,6,267.86,66.14,100.0,20.0,52.86,75.0,20.0,1,1,Comune di Cervia,RA,Emilia-Romagna
c_i909,,Comune di Spineda,28,267.86,66.14,100.0,22.86,60.0,65.0,20.0,1,1,Comune di Spineda,CR,Lombardia
c_h769,,COMUNE DI San Benedetto del Tronto,8,267.5,66.05,100.0,20.0,52.5,75.0,20.0,1,1,Comune di San Benedetto del Tronto,AP,Marche
c_i932,,COMUNE DI Staffolo ,10,267.0,65.93,100.0,28.0,44.0,75.0,20.0,1,1,Comune di Staffolo,AN,Marche
c_e208,,COMUNE DI Grottazzolina,5,267.0,65.93,100.0,20.0,52.0,75.0,20.0,1,1,Comune di Grottazzolina,FM,Marche
c_d210,,COMUNE DI Cupra Marittima,5,267.0,65.93,100.0,20.0,52.0,75.0,20.0,1,1,Comune di Cupra Marittima,AP,Marche
lispa,,Azienda Regionale per l'Innovazione e gli Acquisti S.p.A.,5,267.0,65.93,100.0,20.0,60.0,67.0,20.0,1,1,Azienda Regionale per l'Innovazione egli Acquisti - ARIA SpA,MI,Lombardia
c_a740,,Comune di Belforte all'Isauro,14,266.43,65.79,100.0,20.0,51.43,75.0,20.0,1,1,Comune di Belforte all'Isauro,PU,Marche
c_f136,,Comune di Mercatino Conca,14,266.43,65.79,100.0,20.0,51.43,75.0,20.0,1,1,Comune di Mercatino Conca,PU,Marche
c_i287,,COMUNE DI Sant'Angelo in Vado,14,266.43,65.79,100.0,20.0,51.43,75.0,20.0,1,1,Comune di Sant'Angelo in Vado,PU,Marche
c_b816,,Comune di Carpegna,14,266.43,65.79,100.0,20.0,51.43,75.0,20.0,1,1,Comune di Carpegna,PU,Marche
c_l500,,Comune di Urbino,14,266.43,65.79,100.0,20.0,51.43,75.0,20.0,1,1,Comune di Urbino,PU,Marche
c_l078,,Comune di Tavoleto,14,266.43,65.79,100.0,20.0,51.43,75.0,20.0,1,1,Comune di Tavoleto,PU,Marche
c_f524,,COMUNE DI Monte Grimano Terme,14,266.43,65.79,100.0,20.0,51.43,75.0,20.0,1,1,Comune di Monte Grimano Terme,PU,Marche
c_l498,,COMUNE DI Urbania,14,266.43,65.79,100.0,20.0,51.43,75.0,20.0,1,1,Comune di Urbania,PU,Marche
c_m413,,Comune di Sassocorvaro Auditore,14,266.43,65.79,100.0,20.0,51.43,75.0,20.0,1,1,Comune di Sassocorvaro Auditore,PU,Marche
c_f135,,COMUNE DI Mercatello sul Metauro,14,266.43,65.79,100.0,20.0,51.43,75.0,20.0,1,1,Comune di Mercatello sul Metauro,PU,Marche
c_g514,,Comune di Petriano,14,266.43,65.79,100.0,20.0,51.43,75.0,20.0,1,1,Comune di Petriano,PU,Marche
c_d541,,Comune di Fermignano,14,266.43,65.79,100.0,20.0,51.43,75.0,20.0,1,1,Comune di Fermignano,PU,Marche
c_f450,,COMUNE DI Montecalvo in Foglia,13,265.77,65.62,100.0,20.0,50.77,75.0,20.0,1,1,Comune di Montecalvo in Foglia,PU,Marche
c_e884,,Comune di Manerbio,8,265.0,65.43,100.0,20.0,60.0,65.0,20.0,1,1,Comune di Manerbio,BS,Lombardia
c_h341,,Comune di Rivarolo del Re Ed Uniti,25,265.0,65.43,100.0,20.0,60.0,65.0,20.0,1,1,Comune di Rivarolo del Re Ed Uniti,CR,Lombardia
c_b212,,Comune di Brugherio,9,265.0,65.43,100.0,20.0,60.0,65.0,20.0,1,1,Comune di Brugherio,MB,Lombardia
c_d266,,Comune di Delebio,6,265.0,65.43,100.0,20.0,60.0,65.0,20.0,1,1,Comune di Delebio,SO,Lombardia
c_h315,,Comune di Ripalta Cremasca,7,265.0,65.43,100.0,20.0,60.0,65.0,20.0,1,1,Comune di Ripalta Cremasca,CR,Lombardia
c_e863,,Comune di Malnate,8,265.0,65.43,100.0,20.0,60.0,65.0,20.0,1,1,Comune di Malnate,VA,Lombardia
copas_lo,,Parco Regionale Adda Sud,6,265.0,65.43,100.0,20.0,60.0,65.0,20.0,1,1,Parco Regionale Adda Sud,LO,Lombardia
c_c709,,Comune di Cino,6,265.0,65.43,100.0,20.0,60.0,65.0,20.0,1,1,Comune di Cino,SO,Lombardia
c_m104,,Comune di Vobarno,10,265.0,65.43,100.0,20.0,60.0,65.0,20.0,1,1,Comune di Vobarno,BS,Lombardia
c_e462,,Comune di Lasnigo,7,265.0,65.43,100.0,20.0,60.0,65.0,20.0,1,1,Comune di Lasnigo,CO,Lombardia
c_a687,,Comune di Barzio,4,265.0,65.43,100.0,20.0,60.0,65.0,20.0,1,1,Comune di Barzio,LC,Lombardia
c_h484,,Comune di Roè Volciano,8,265.0,65.43,100.0,20.0,60.0,65.0,20.0,1,1,Comune di Roe' Volciano,BS,Lombardia
c_i498,,Comune di Scandolara Ripa D'Oglio,3,265.0,65.43,100.0,20.0,60.0,65.0,20.0,1,1,Comune di Scandolara Ripa D'Oglio,CR,Lombardia
c_a273,,Comune di Andalo Valtellino,5,265.0,65.43,100.0,20.0,60.0,65.0,20.0,1,1,Comune di Andalo Valtellino,SO,Lombardia
p_bs,,Provincia di Brescia,3,265.0,65.43,100.0,20.0,60.0,65.0,20.0,1,1,Provincia di Brescia,BS,Lombardia
c_g004,,Comune di Offanengo,6,265.0,65.43,100.0,20.0,60.0,65.0,20.0,1,1,Comune di Offanengo,CR,Lombardia
c_e617,,Comune di Lissone,11,265.0,65.43,100.0,20.0,60.0,65.0,20.0,1,1,Comune di Lissone,MB,Lombardia
ucltdg,,Unione di Comuni Lombarda Terra Dei Gonzaga,2,265.0,65.43,100.0,20.0,60.0,65.0,20.0,1,1,Unione di Comuni Lombarda Terra Dei Gonzaga,MN,Lombardia
c_e785,,Comune di Macerata Feltria,16,265.0,65.43,100.0,20.0,50.0,75.0,20.0,1,1,Comune di Macerata Feltria,PU,Marche
c_d057,,Comune di Corte de' Frati,3,265.0,65.43,100.0,20.0,60.0,65.0,20.0,1,1,Comune di Corte de' Frati,CR,Lombardia
c_l751,,Comune di Vercurago,10,265.0,65.43,100.0,20.0,60.0,65.0,20.0,1,1,Comune di Vercurago,LC,Lombardia
c_g061,,Comune di Ome,8,265.0,65.43,100.0,20.0,60.0,65.0,20.0,1,1,Comune di Ome,BS,Lombardia
c_f681,,Comune di Montodine,7,265.0,65.43,100.0,20.0,60.0,65.0,20.0,1,1,Comune di Montodine,CR,Lombardia
c_f372,,Comune di Monguzzo,7,265.0,65.43,100.0,20.0,60.0,65.0,20.0,1,1,Comune di Monguzzo,CO,Lombardia
c_g529,,Comune di Pezzaze,9,265.0,65.43,100.0,20.0,60.0,65.0,20.0,1,1,Comune di Pezzaze,BS,Lombardia
c_h650,,Comune di Sabbio Chiese,7,265.0,65.43,100.0,20.0,60.0,65.0,20.0,1,1,Comune di Sabbio Chiese,BS,Lombardia
06341981006,,ATAC S.p.A. Azienda per la mobilità,10,265.0,65.43,100.0,20.0,50.0,75.0,20.0,1,0,,,
c_i602,,Comune di Senago,3,265.0,65.43,100.0,20.0,60.0,65.0,20.0,1,1,Comune di Senago,MI,Lombardia
c_h623,,Comune di Rozzano,12,265.0,65.43,100.0,20.0,60.0,65.0,20.0,1,1,Comune di Rozzano,MI,Lombardia
c_f797,,Comune di Muggiò (MB),5,265.0,65.43,100.0,20.0,60.0,65.0,20.0,1,1,Comune di Muggio',MB,Lombardia
c_c816,,Comune di Codogno,25,265.0,65.43,100.0,20.0,60.0,65.0,20.0,1,1,Comune di Codogno,LO,Lombardia
c_a193,,Comune di Algua,1,265.0,65.43,100.0,20.0,60.0,65.0,20.0,1,1,Comune di Algua,BG,Lombardia
uccdfo,,Unione Lombarda dei Comuni Oglio - Ciria,2,265.0,65.43,100.0,20.0,60.0,65.0,20.0,1,1,Unione Lombarda dei Comuni Oglio - Ciria,CR,Lombardia
c_l312,,Comune di Toscolano Maderno,10,265.0,65.43,100.0,20.0,60.0,65.0,20.0,1,1,Comune di Toscolano Maderno,BS,Lombardia
c_d258,,Comune di Dazio,5,265.0,65.43,100.0,20.0,60.0,65.0,20.0,1,1,Comune di Dazio,SO,Lombardia
c_l265,,Comune di Torre de' Roveri,10,265.0,65.43,100.0,20.0,60.0,65.0,20.0,1,1,Comune di Torre de' Roveri,BG,Lombardia
c_h630,,Comune di Rudiano,4,265.0,65.43,100.0,20.0,60.0,65.0,20.0,1,1,Comune di Rudiano,BS,Lombardia
c_a578,,Comune di Bagolino,9,265.0,65.43,100.0,20.0,60.0,65.0,20.0,1,1,Comune di Bagolino,BS,Lombardia
c_b102,,Comune di Bovezzo,3,265.0,65.43,100.0,20.0,60.0,65.0,20.0,1,1,Comune di Bovezzo,BS,Lombardia
c_a962,,Comune di Bonate Sotto,9,265.0,65.43,100.0,20.0,60.0,65.0,20.0,1,1,Comune di Bonate Sotto,BG,Lombardia
c_e648,,Comune di Lodi,8,265.0,65.43,100.0,20.0,60.0,65.0,20.0,1,1,Comune di Lodi,LO,Lombardia
r_lomb,,Consiglio Regionale della Lombardia,12,265.0,65.43,100.0,20.0,60.0,65.0,20.0,1,1,Consiglio Regionale della Lombardia,MI,Lombardia
c_a799,,Comune di Berlingo,10,265.0,65.43,100.0,20.0,60.0,65.0,20.0,1,1,Comune di Berlingo,BS,Lombardia
c_g047,,Comune di Olmeneta,3,265.0,65.43,100.0,20.0,60.0,65.0,20.0,1,1,Comune di Olmeneta,CR,Lombardia
c_c634,,Comune di Chieve,7,265.0,65.43,100.0,20.0,60.0,65.0,20.0,1,1,Comune di Chieve,CR,Lombardia
c_a817,,Comune di Berzo Inferiore,10,265.0,65.43,100.0,20.0,60.0,65.0,20.0,1,1,Comune di Berzo Inferiore,BS,Lombardia
c_i759,,Comune di Sirone,8,265.0,65.43,100.0,20.0,60.0,65.0,20.0,1,1,Comune di Sirone,LC,Lombardia
c_d088,,Comune di Cosio Valtellino,6,265.0,65.43,100.0,20.0,60.0,65.0,20.0,1,1,Comune di Cosio Valtellino,SO,Lombardia
arpa_mi,,ARPA LOMBARDIA,8,265.0,65.43,100.0,20.0,60.0,65.0,20.0,1,1,Agenzia Regionale per la Protezione dell'Ambiente della Lombardia,MI,Lombardia
c_h493,,Comune di Rogolo,3,265.0,65.43,100.0,20.0,60.0,65.0,20.0,1,1,Comune di Rogolo,SO,Lombardia
c_m101,,Comune di Vizzola Ticino,6,265.0,65.43,100.0,20.0,60.0,65.0,20.0,1,1,Comune di Vizzola Ticino,VA,Lombardia
c_mont,,Comune di Montorfano,6,265.0,65.43,100.0,20.0,60.0,65.0,20.0,1,1,Comune di Montorfano,CO,Lombardia
c_c089,,Comune di Casteldidone,29,265.0,65.43,100.0,20.0,60.0,65.0,20.0,1,1,Comune di Casteldidone,CR,Lombardia
c_b157,,Comune di Brescia,24,265.0,65.43,100.0,20.0,60.0,65.0,20.0,1,1,Comune di Brescia,BS,Lombardia
c_c536,,Comune di Cerro al Lambro,7,265.0,65.43,100.0,20.0,60.0,65.0,20.0,1,1,Comune di Cerro al Lambro,MI,Lombardia
c_b639,,Comune di Cantu',8,265.0,65.43,100.0,20.0,60.0,65.0,20.0,1,1,Comune di Cantu',CO,Lombardia
c_c785,,Comune di Civo,4,265.0,65.43,100.0,20.0,60.0,65.0,20.0,1,1,Comune di Civo,SO,Lombardia
c_h316,,Comune di Ripalta Guerina,7,265.0,65.43,100.0,20.0,60.0,65.0,20.0,1,1,Comune di Ripalta Guerina,CR,Lombardia
c_l872,,Comune di Vigevano,9,265.0,65.43,100.0,20.0,60.0,65.0,20.0,1,1,Comune di Vigevano,PV,Lombardia
c_l777,,Comune di Verolanuova,8,265.0,65.43,100.0,20.0,60.0,65.0,20.0,1,1,Comune di Verolanuova,BS,Lombardia
c_i476,,Comune di Monticelli Brusati,10,265.0,65.43,100.0,20.0,60.0,65.0,20.0,1,1,Comune di Monticelli Brusati,BS,Lombardia
c_e193,,Comune di Grontardo,3,265.0,65.43,100.0,20.0,60.0,65.0,20.0,1,1,Comune di Grontardo,CR,Lombardia
c_a249,,Comune di Alzate Brianza,6,265.0,65.43,100.0,20.0,60.0,65.0,20.0,1,1,Comune di Alzate Brianza,CO,Lombardia
c_a319,,Comune di Anzano del Parco,6,265.0,65.43,100.0,20.0,60.0,65.0,20.0,1,1,Comune di Anzano del Parco,CO,Lombardia
c_l547,,Comune di Valbrona,6,265.0,65.43,100.0,20.0,60.0,65.0,20.0,1,1,Comune di Valbrona,CO,Lombardia
uclf_mn,,Unione Lombarda di Comuni FOEDUS,3,265.0,65.43,100.0,20.0,60.0,65.0,20.0,1,1,Unione di Comuni Lombarda Foedus,CR,Lombardia
c_d710,,Comune di Formigara,7,265.0,65.43,100.0,20.0,60.0,65.0,20.0,1,1,Comune di Formigara,CR,Lombardia
consorzio bim piave di belluno,,Consorzio BIM Piave di Belluno,42,265.0,65.43,100.0,20.0,50.0,75.0,20.0,1,0,,,
c_b110,,Comune di Bozzolo,10,265.0,65.43,100.0,20.0,60.0,65.0,20.0,1,1,Comune di Bozzolo,MN,Lombardia
c_f115,,Comune di Mello,5,265.0,65.43,100.0,20.0,60.0,65.0,20.0,1,1,Comune di Mello,SO,Lombardia
c_g993,,Comune di Prata Camportaccio,2,265.0,65.43,100.0,20.0,60.0,65.0,20.0,1,1,Comune di Prata Camportaccio,SO,Lombardia
c_i162,,Comune di San Siro,5,265.0,65.43,100.0,20.0,60.0,65.0,20.0,1,1,Comune di San Siro,CO,Lombardia
c_d416,,Comune di Erba,6,265.0,65.43,100.0,20.0,60.0,65.0,20.0,1,1,Comune di Erba,CO,Lombardia
c_h314,,Comune di Ripalta Arpina,7,265.0,65.43,100.0,20.0,60.0,65.0,20.0,1,1,Comune di Ripalta Arpina,CR,Lombardia
c_g686,,Comune di Pioltello,2,265.0,65.43,100.0,20.0,60.0,65.0,20.0,1,1,Comune di Pioltello,MI,Lombardia
c_d151,,Comune di Cremosano,8,265.0,65.43,100.0,20.0,60.0,65.0,20.0,1,1,Comune di Cremosano,CR,Lombardia
c_e743,,COMUNE DI Lunano,11,264.09,65.21,100.0,20.0,49.09,75.0,20.0,1,1,Comune di Lunano,PU,Marche
c_g551,,COMUNE DI Piandimeleto,11,264.09,65.21,100.0,20.0,49.09,75.0,20.0,1,1,Comune di Piandimeleto,PU,Marche
c_f467,,COMUNE DI Monte Cerignone,11,264.09,65.21,100.0,20.0,49.09,75.0,20.0,1,1,Comune di Monte Cerignone,PU,Marche
c_d807,,Comune di Frontino,11,264.09,65.21,100.0,20.0,49.09,75.0,20.0,1,1,Comune di Frontino,PU,Marche
c_g627,,Comune di Pietrarubbia,11,264.09,65.21,100.0,20.0,49.09,75.0,20.0,1,1,Comune di Pietrarubbia,PU,Marche
c_e388,,Comune di Jesi,16,263.75,65.12,100.0,25.0,43.75,75.0,20.0,1,1,Comune di Jesi,AN,Marche
cmvs8,,Comunità Montana di Valle Sabbia,29,263.28,65.01,100.0,20.0,56.55,66.72,20.0,1,1,Comunita' Montana Valle Sabbia,BS,Lombardia
c_i566,,Comune di Sedriano,10,263.0,64.94,100.0,20.0,58.0,65.0,20.0,1,1,Comune di Sedriano,MI,Lombardia
c_g416,,Comune di Peglio,10,263.0,64.94,100.0,20.0,48.0,75.0,20.0,1,1,Comune di Peglio,PU,Marche
c_d458,,Comune di Faenza,3,261.67,64.61,100.0,20.0,46.67,75.0,20.0,1,1,Comune di Faenza,RA,Emilia-Romagna
c_i787,,Comune di Solarolo,3,261.67,64.61,100.0,20.0,46.67,75.0,20.0,1,1,Comune di Solarolo,RA,Emilia-Romagna
c_b982,,Comune di Casola Valsenio,3,261.67,64.61,100.0,20.0,46.67,75.0,20.0,1,1,Comune di Casola Valsenio,RA,Emilia-Romagna
c_c065,,Comune di Castel Bolognese,3,261.67,64.61,100.0,20.0,46.67,75.0,20.0,1,1,Comune di Castel Bolognese,RA,Emilia-Romagna
c_l528,,Comune di Vado Ligure,3,261.67,64.61,100.0,46.67,30.0,65.0,20.0,1,1,Comune di Vado Ligure,SV,Liguria
udcb_ra,,Unione della Romagna Faentina,3,261.67,64.61,100.0,20.0,46.67,75.0,20.0,1,1,Unione della Romagna Faentina,RA,Emilia-Romagna
c_b188,,Comune di Brisighella,3,261.67,64.61,100.0,20.0,46.67,75.0,20.0,1,1,Comune di Brisighella,RA,Emilia-Romagna
comune di cortina d'ampezzo,,Comune di Cortina d'Ampezzo,3,261.67,64.61,100.0,20.0,46.67,75.0,20.0,1,0,,,
comune di santa giustina,,Comune di Santa Giustina,4,260.0,64.2,100.0,20.0,45.0,75.0,20.0,1,0,,,
aisg_052,,ATO Toscana Sud,2,260.0,64.2,100.0,20.0,45.0,75.0,20.0,1,1,Autorita' per Il Servizio di Gestione Integrata Dei Rifiuti Urbani Ato Toscana Sud,SI,Toscana
c_g479,,Comune di Pesaro,20,258.0,63.7,100.0,20.0,43.0,75.0,20.0,1,1,Comune di Pesaro,PU,Marche
c_e122,,COMUNE DI Gradara,17,256.18,63.25,100.0,20.0,41.18,75.0,20.0,1,1,Comune di Gradara,PU,Marche
arpav,,ARPAV,111,256.08,63.23,100.0,20.0,41.08,75.0,20.0,1,0,,,
comune di auronzo di cadore,,Comune di Auronzo di Cadore,3,255.0,62.96,100.0,20.0,40.0,75.0,20.0,1,0,,,
comune di selva di cadore,,Comune di Selva Di Cadore,3,255.0,62.96,100.0,20.0,40.0,75.0,20.0,1,0,,,
comune di san pietro di cadore,,Comune di San Pietro di Cadore,3,255.0,62.96,100.0,20.0,40.0,75.0,20.0,1,0,,,
comune di livinallongo del col di lana,,Comune di Livinallongo Del Col Di Lana,3,255.0,62.96,100.0,20.0,40.0,75.0,20.0,1,0,,,
comune di cibiana di cadore,,Comune di Cibiana di Cadore,2,255.0,62.96,100.0,20.0,40.0,75.0,20.0,1,0,,,
comune di pieve di cadore,,Comune di Pieve Di Cadore,3,255.0,62.96,100.0,20.0,40.0,75.0,20.0,1,0,,,
comune di sovramonte,,Comune di Sovramonte,3,255.0,62.96,100.0,20.0,40.0,75.0,20.0,1,0,,,
comune di san nicolo' di comelico,,Comune di San Nicolo' Di Comelico,3,255.0,62.96,100.0,20.0,40.0,75.0,20.0,1,0,,,
comune di sospirolo,,Comune di Sospirolo,3,255.0,62.96,100.0,20.0,40.0,75.0,20.0,1,0,,,
comune di perarolo di cadore,,Comune di Perarolo Di Cadore,3,255.0,62.96,100.0,20.0,40.0,75.0,20.0,1,0,,,
comune di sedico,,Comune di Sedico,3,255.0,62.96,100.0,20.0,40.0,75.0,20.0,1,0,,,
comune di colle santa lucia,,Comune di Colle Santa Lucia,2,255.0,62.96,100.0,20.0,40.0,75.0,20.0,1,0,,,
02863660359,,Amiat - Azienda Multiservizi Igiene Ambientale Torino S.p.A.,8,255.0,62.96,100.0,20.0,40.0,75.0,20.0,1,0,,,
comune di vodo di cadore,,Comune di Vodo Di Cadore,2,255.0,62.96,100.0,20.0,40.0,75.0,20.0,1,0,,,
comune di soverzene,,Comune di Soverzene,3,255.0,62.96,100.0,20.0,40.0,75.0,20.0,1,0,,,
comune di val di zoldo,,Comune di Val Di Zoldo,2,255.0,62.96,100.0,20.0,40.0,75.0,20.0,1,0,,,
comune di cencenighe agordino,,Comune di Cencenighe Agordino,3,255.0,62.96,100.0,20.0,40.0,75.0,20.0,1,0,,,
comune di longarone,,Comune di Longarone,3,255.0,62.96,100.0,20.0,40.0,75.0,20.0,1,0,,,
comune di seren del grappa,,Comune di Seren Del Grappa,3,255.0,62.96,100.0,20.0,40.0,75.0,20.0,1,0,,,
comune di vallada agordina,,Comune di Vallada Agordina,3,255.0,62.96,100.0,20.0,40.0,75.0,20.0,1,0,,,
comune di rocca pietore,,Comune di Rocca Pietore,3,255.0,62.96,100.0,20.0,40.0,75.0,20.0,1,0,,,
comune di gosaldo,,Comune di Gosaldo,2,255.0,62.96,100.0,20.0,40.0,75.0,20.0,1,0,,,
comune di quero vas,,Comune di Quero Vas,9,255.0,62.96,100.0,20.0,40.0,75.0,20.0,1,0,,,
comune di san tomaso agordino,,Comune di San Tomaso Agordino,3,255.0,62.96,100.0,20.0,40.0,75.0,20.0,1,0,,,
c_d836,,COMUNE DI Gabicce Mare,16,255.0,62.96,100.0,20.0,40.0,75.0,20.0,1,1,Comune di Gabicce Mare,PU,Marche
tmp_sunshine,,Consorzio Sunshine,1,255.0,62.96,100.0,20.0,40.0,75.0,20.0,1,0,,,
comune di voltago agordino,,Comune di Voltago Agordino,2,255.0,62.96,100.0,20.0,40.0,75.0,20.0,1,0,,,
comune di alleghe,,Comune di Alleghe,3,255.0,62.96,100.0,20.0,40.0,75.0,20.0,1,0,,,
comune di limana,,Comune di Limana,2,255.0,62.96,100.0,20.0,40.0,75.0,20.0,1,0,,,
comune di tambre,,Comune di Tambre,3,255.0,62.96,100.0,20.0,40.0,75.0,20.0,1,0,,,
comune di lentiai,,Comune di Lentiai,3,255.0,62.96,100.0,20.0,40.0,75.0,20.0,1,0,,,
comune di domegge di cadore,,Comune di Domegge di Cadore,2,255.0,62.96,100.0,20.0,40.0,75.0,20.0,1,0,,,
comune di zoppé di cadore,,Comune di Zoppé Di Cadore,2,255.0,62.96,100.0,20.0,40.0,75.0,20.0,1,0,,,
comune di san vito di cadore,,Comune di San Vito Di Cadore,3,255.0,62.96,100.0,20.0,40.0,75.0,20.0,1,0,,,
comune di lozzo di cadore,,Comune di Lozzo di Cadore,3,255.0,62.96,100.0,20.0,40.0,75.0,20.0,1,0,,,
comune di cesiomaggiore,,Comune di Cesiomaggiore,3,255.0,62.96,100.0,20.0,40.0,75.0,20.0,1,0,,,
comune di calalzo di cadore,,Comune di Calalzo di Cadore,3,255.0,62.96,100.0,20.0,40.0,75.0,20.0,1,0,,,
000000000,,Osservatorio Culturale del Piemonte,8,255.0,62.96,100.0,20.0,40.0,75.0,20.0,1,0,,,
comune di borca di cadore,,Comune di Borca di Cadore,3,255.0,62.96,100.0,20.0,40.0,75.0,20.0,1,0,,,
comune di belluno,,Comune di Belluno,3,255.0,62.96,100.0,20.0,40.0,75.0,20.0,1,0,,,
comune di pedavena,,Comune di Pedavena,3,255.0,62.96,100.0,20.0,40.0,75.0,20.0,1,0,,,
comune di castellavazzo,,Comune di Castellavazzo,3,255.0,62.96,100.0,20.0,40.0,75.0,20.0,1,0,,,
comune di canale d'agordo,,Comune di Canale d'Agordo,3,255.0,62.96,100.0,20.0,40.0,75.0,20.0,1,0,,,
comune di rivamonte agordino,,Comune di Rivamonte Agordino,3,255.0,62.96,100.0,20.0,40.0,75.0,20.0,1,0,,,
comune di taibon agordino,,Comune di Taibon Agordino,3,255.0,62.96,100.0,20.0,40.0,75.0,20.0,1,0,,,
comune di alano di piave,,Comune di Alano di Piave,2,255.0,62.96,100.0,20.0,40.0,75.0,20.0,1,0,,,
comune di lorenzago di cadore,,Comune di Lorenzago Di Cadore,3,255.0,62.96,100.0,20.0,40.0,75.0,20.0,1,0,,,
10735431008,,Roma Servizi per la Mobilità,1,255.0,62.96,100.0,20.0,40.0,75.0,20.0,1,0,,,
comune di danta di cadore,,Comune di Danta di Cadore,2,255.0,62.96,100.0,20.0,40.0,75.0,20.0,1,0,,,
comune di agordo,,Comune di Agordo,2,255.0,62.96,100.0,20.0,40.0,75.0,20.0,1,0,,,
comune di santo stefano di cadore,,Comune di Santo Stefano di Cadore,3,255.0,62.96,100.0,20.0,40.0,75.0,20.0,1,0,,,
comune di comelico superiore,,Comune di Comelico Superiore,2,255.0,62.96,100.0,20.0,40.0,75.0,20.0,1,0,,,
comune di falcade,,Comune di Falcade,2,255.0,62.96,100.0,20.0,40.0,75.0,20.0,1,0,,,
comune di san gregorio nelle alpi,,Comune di San Gregorio Nelle Alpi,3,255.0,62.96,100.0,20.0,40.0,75.0,20.0,1,0,,,
c_d548,,Comune di Ferrara,275,239.25,59.07,100.0,25.42,18.84,75.0,20.0,1,1,Comune di Ferrara,FE,Emilia-Romagna
