data,livello,chiave,slug,etichetta,n_dataset,media,mediana,min,max,rating
2026-08-03,holder,iacp_ba,iacp_ba,Arca - Puglia Centrale,4,395.0,,,,Excellent
2026-08-03,holder,asl_vvta,asl_vvta,ASL TARANTO,15,386.33,,,,Excellent
2026-08-03,holder,c_f916,c_f916,Comune di Nociglia,3,385.0,,,,Excellent
2026-08-03,holder,asl_br,asl_br,ASL BRINDISI,1,385.0,,,,Excellent
2026-08-03,holder,c_d223,c_d223,Comune di Cursi,4,385.0,,,,Excellent
2026-08-03,holder,c_l172,c_l172,Comune di Santa Cesarea Terme,4,385.0,,,,Excellent
2026-08-03,holder,c_f221,c_f221,Comune di Minervino di Lecce,5,385.0,,,,Excellent
2026-08-03,holder,c_m187,c_m187,Comune di Zollino,3,385.0,,,,Excellent
2026-08-03,holder,c_l010,c_l010,Comune di Surano,3,385.0,,,,Excellent
2026-08-03,holder,c_f117,c_f117,Comune di Melpignano,8,385.0,,,,Excellent
2026-08-03,holder,arltl_0,arltl_0,ARTI Puglia,13,385.0,,,,Excellent
2026-08-03,holder,asset,asset,ASSET Puglia,28,385.0,,,,Excellent
2026-08-03,holder,c_b584,c_b584,Comune di Candela,4,385.0,,,,Excellent
2026-08-03,holder,c_l115,c_l115,Comune di San Pietro in Lama,3,385.0,,,,Excellent
2026-08-03,holder,c_e882,c_e882,Comune di Manduria,5,385.0,,,,Excellent
2026-08-03,holder,c_f194,c_f194,Comune di Miggiano,3,385.0,,,,Excellent
2026-08-03,holder,c_g291,c_g291,Comune Palo Del Colle,5,385.0,,,,Excellent
2026-08-03,holder,c_h096,c_h096,Città di Putignano,3,385.0,,,,Excellent
2026-08-03,holder,c_e053,c_e053,Comune di Giuggianello,4,385.0,,,,Excellent
2026-08-03,holder,c_l008,c_l008,Comune di Supersano,3,385.0,,,,Excellent
2026-08-03,holder,c_l887,c_l887,Comune di Specchia,4,385.0,,,,Excellent
2026-08-03,holder,pusv,pusv,Puglia Sviluppo SpA,8,385.0,,,,Excellent
2026-08-03,holder,adisu,adisu,Adisu,12,385.0,,,,Excellent
2026-08-03,holder,ipres,ipres,IPRES,51,385.0,,,,Excellent
2026-08-03,holder,c_a281,c_a281,Comune di Andrano,3,385.0,,,,Excellent
2026-08-03,holder,c_e038,c_e038,Comune di Gioia del Colle,5,385.0,,,,Excellent
2026-08-03,holder,c_f881,c_f881,Comune di Neviano,3,385.0,,,,Excellent
2026-08-03,holder,c_b690,c_b690,Comune di Caprarica di Lecce,3,385.0,,,,Excellent
2026-08-03,holder,crpuglia,crpuglia,Consiglio Regionale della Puglia,1,385.0,,,,Excellent
2026-08-03,holder,c_b822,c_b822,Comune di Carpignano Salentino,4,385.0,,,,Excellent
2026-08-03,holder,c_f027,c_f027,Comune di Massafra,38,384.21,,,,Excellent
2026-08-03,holder,artpp,artpp,ARET - Pugliapromozione,23,384.13,,,,Excellent
2026-08-03,holder,r_puglia,r_puglia,Regione Puglia,247,383.66,,,,Excellent
2026-08-03,holder,arlpa,arlpa,ARPAL,6,381.67,,,,Excellent
2026-08-03,holder,c_d863,c_d863,Comune di Galatone,39,379.1,,,,Excellent
2026-08-03,holder,c_l328,c_l328,Città di Trani,5,379.0,,,,Excellent
2026-08-03,holder,ato_pu,ato_pu,Autorità idrica Pugliese (AIP),13,375.77,,,,Excellent
2026-08-03,holder,c_c978,c_c978,Comune di Copertino,16,375.0,,,,Excellent
2026-08-03,holder,c_a874,c_a874,Comune di Binetto,3,375.0,,,,Excellent
2026-08-03,holder,arpap,arpap,ARPA Puglia ,21,372.62,,,,Excellent
2026-08-03,holder,c_h985,c_h985,Comune di San Marco in Lamis,10,368.53,,,,Excellent
2026-08-03,holder,arsls,arsls,Agenzia Regionale Strategica per la Salute ed il Sociale,75,366.87,,,,Excellent
2026-08-03,holder,c_g251,c_g251,Comune di Palagianello,3,358.33,,,,Excellent
2026-08-03,holder,05487980723,05487980723,AMIU,8,355.0,,,,Excellent
2026-08-03,holder,c_a662,c_a662,Comune di Bari,158,351.96,,,,Excellent
2026-08-03,holder,c_e506,c_e506,Comune di Lecce,505,350.35,,,,Good
2026-08-03,holder,c_e986,c_e986,Comune di Martina Franca,32,349.38,,,,Good
2026-08-03,holder,c_g098,c_g098,Comune di Oria,21,347.86,,,,Good
2026-08-03,holder,cciaa_le,cciaa_le,Camera di Commercio di Lecce,447,346.81,,,,Good
2026-08-03,holder,c_d171,c_d171,Comune di Crispiano,36,324.44,,,,Good
2026-08-03,holder,c_e471,c_e471,Comune di Latiano,9,320.56,,,,Good
2026-08-03,holder,c_f816,c_f816,Comune di Muro Leccese,12,315.0,,,,Good
2026-08-03,holder,c_a893,c_a893,Comune di Bitonto,55,310.82,,,,Good
2026-08-03,holder,c_f563,c_f563,Comune di Montemesola,40,305.0,,,,Good
2026-08-03,holder,c_i950,c_i950,Comune di Sternatia,3,305.0,,,,Good
2026-08-04,holder,iacp_ba,iacp_ba,Arca - Puglia Centrale,4,395.0,,,,Excellent
2026-08-04,holder,asl_vvta,asl_vvta,ASL TARANTO,15,386.33,,,,Excellent
2026-08-04,holder,c_f916,c_f916,Comune di Nociglia,3,385.0,,,,Excellent
2026-08-04,holder,asl_br,asl_br,ASL BRINDISI,1,385.0,,,,Excellent
2026-08-04,holder,c_d223,c_d223,Comune di Cursi,4,385.0,,,,Excellent
2026-08-04,holder,c_l172,c_l172,Comune di Santa Cesarea Terme,4,385.0,,,,Excellent
2026-08-04,holder,c_f221,c_f221,Comune di Minervino di Lecce,5,385.0,,,,Excellent
2026-08-04,holder,c_m187,c_m187,Comune di Zollino,3,385.0,,,,Excellent
2026-08-04,holder,c_l010,c_l010,Comune di Surano,3,385.0,,,,Excellent
2026-08-04,holder,c_f117,c_f117,Comune di Melpignano,8,385.0,,,,Excellent
2026-08-04,holder,arltl_0,arltl_0,ARTI Puglia,13,385.0,,,,Excellent
2026-08-04,holder,asset,asset,ASSET Puglia,28,385.0,,,,Excellent
2026-08-04,holder,c_b584,c_b584,Comune di Candela,4,385.0,,,,Excellent
2026-08-04,holder,c_l115,c_l115,Comune di San Pietro in Lama,3,385.0,,,,Excellent
2026-08-04,holder,c_e882,c_e882,Comune di Manduria,5,385.0,,,,Excellent
2026-08-04,holder,c_f194,c_f194,Comune di Miggiano,3,385.0,,,,Excellent
2026-08-04,holder,c_g291,c_g291,Comune Palo Del Colle,5,385.0,,,,Excellent
2026-08-04,holder,c_h096,c_h096,Città di Putignano,3,385.0,,,,Excellent
2026-08-04,holder,c_e053,c_e053,Comune di Giuggianello,4,385.0,,,,Excellent
2026-08-04,holder,c_l008,c_l008,Comune di Supersano,3,385.0,,,,Excellent
2026-08-04,holder,c_l887,c_l887,Comune di Specchia,4,385.0,,,,Excellent
2026-08-04,holder,pusv,pusv,Puglia Sviluppo SpA,8,385.0,,,,Excellent
2026-08-04,holder,adisu,adisu,Adisu,12,385.0,,,,Excellent
2026-08-04,holder,ipres,ipres,IPRES,51,385.0,,,,Excellent
2026-08-04,holder,c_a281,c_a281,Comune di Andrano,3,385.0,,,,Excellent
2026-08-04,holder,c_e038,c_e038,Comune di Gioia del Colle,5,385.0,,,,Excellent
2026-08-04,holder,c_f881,c_f881,Comune di Neviano,3,385.0,,,,Excellent
2026-08-04,holder,c_b690,c_b690,Comune di Caprarica di Lecce,3,385.0,,,,Excellent
2026-08-04,holder,crpuglia,crpuglia,Consiglio Regionale della Puglia,1,385.0,,,,Excellent
2026-08-04,holder,c_b822,c_b822,Comune di Carpignano Salentino,4,385.0,,,,Excellent
2026-08-04,holder,c_f027,c_f027,Comune di Massafra,38,384.21,,,,Excellent
2026-08-04,holder,artpp,artpp,ARET - Pugliapromozione,23,384.13,,,,Excellent
2026-08-04,holder,r_puglia,r_puglia,Regione Puglia,247,383.66,,,,Excellent
2026-08-04,holder,arlpa,arlpa,ARPAL,6,381.67,,,,Excellent
2026-08-04,holder,c_d863,c_d863,Comune di Galatone,39,379.1,,,,Excellent
2026-08-04,holder,c_l328,c_l328,Città di Trani,5,379.0,,,,Excellent
2026-08-04,holder,ato_pu,ato_pu,Autorità idrica Pugliese (AIP),13,375.77,,,,Excellent
2026-08-04,holder,c_c978,c_c978,Comune di Copertino,16,375.0,,,,Excellent
2026-08-04,holder,c_a874,c_a874,Comune di Binetto,3,375.0,,,,Excellent
2026-08-04,holder,arpap,arpap,ARPA Puglia ,21,372.62,,,,Excellent
2026-08-04,holder,c_h985,c_h985,Comune di San Marco in Lamis,10,368.53,,,,Excellent
2026-08-04,holder,arsls,arsls,Agenzia Regionale Strategica per la Salute ed il Sociale,75,366.87,,,,Excellent
2026-08-04,holder,c_g251,c_g251,Comune di Palagianello,3,358.33,,,,Excellent
2026-08-04,holder,05487980723,05487980723,AMIU,8,355.0,,,,Excellent
2026-08-04,holder,c_a662,c_a662,Comune di Bari,158,351.96,,,,Excellent
2026-08-04,holder,c_e506,c_e506,Comune di Lecce,505,350.35,,,,Good
2026-08-04,holder,c_e986,c_e986,Comune di Martina Franca,32,349.38,,,,Good
2026-08-04,holder,c_g098,c_g098,Comune di Oria,21,347.86,,,,Good
2026-08-04,holder,cciaa_le,cciaa_le,Camera di Commercio di Lecce,447,346.81,,,,Good
2026-08-04,holder,c_d171,c_d171,Comune di Crispiano,36,324.44,,,,Good
2026-08-04,holder,c_e471,c_e471,Comune di Latiano,9,320.56,,,,Good
2026-08-04,holder,c_f816,c_f816,Comune di Muro Leccese,12,315.0,,,,Good
2026-08-04,holder,c_a893,c_a893,Comune di Bitonto,55,310.82,,,,Good
2026-08-04,holder,c_f563,c_f563,Comune di Montemesola,40,305.0,,,,Good
2026-08-04,holder,c_i950,c_i950,Comune di Sternatia,3,305.0,,,,Good
2026-08-05,holder,iacp_ba,iacp_ba,Arca - Puglia Centrale,4,395.0,,,,Excellent
2026-08-05,holder,asl_vvta,asl_vvta,ASL TARANTO,15,386.33,,,,Excellent
2026-08-05,holder,c_f916,c_f916,Comune di Nociglia,3,385.0,,,,Excellent
2026-08-05,holder,asl_br,asl_br,ASL BRINDISI,1,385.0,,,,Excellent
2026-08-05,holder,c_d223,c_d223,Comune di Cursi,4,385.0,,,,Excellent
2026-08-05,holder,c_l172,c_l172,Comune di Santa Cesarea Terme,4,385.0,,,,Excellent
2026-08-05,holder,c_f221,c_f221,Comune di Minervino di Lecce,5,385.0,,,,Excellent
2026-08-05,holder,c_m187,c_m187,Comune di Zollino,3,385.0,,,,Excellent
2026-08-05,holder,c_l010,c_l010,Comune di Surano,3,385.0,,,,Excellent
2026-08-05,holder,c_f117,c_f117,Comune di Melpignano,8,385.0,,,,Excellent
2026-08-05,holder,arltl_0,arltl_0,ARTI Puglia,13,385.0,,,,Excellent
2026-08-05,holder,asset,asset,ASSET Puglia,28,385.0,,,,Excellent
2026-08-05,holder,c_b584,c_b584,Comune di Candela,4,385.0,,,,Excellent
2026-08-05,holder,c_l115,c_l115,Comune di San Pietro in Lama,3,385.0,,,,Excellent
2026-08-05,holder,c_e882,c_e882,Comune di Manduria,5,385.0,,,,Excellent
2026-08-05,holder,c_f194,c_f194,Comune di Miggiano,3,385.0,,,,Excellent
2026-08-05,holder,c_g291,c_g291,Comune Palo Del Colle,5,385.0,,,,Excellent
2026-08-05,holder,c_h096,c_h096,Città di Putignano,3,385.0,,,,Excellent
2026-08-05,holder,c_e053,c_e053,Comune di Giuggianello,4,385.0,,,,Excellent
2026-08-05,holder,c_l008,c_l008,Comune di Supersano,3,385.0,,,,Excellent
2026-08-05,holder,c_l887,c_l887,Comune di Specchia,4,385.0,,,,Excellent
2026-08-05,holder,pusv,pusv,Puglia Sviluppo SpA,8,385.0,,,,Excellent
2026-08-05,holder,adisu,adisu,Adisu,12,385.0,,,,Excellent
2026-08-05,holder,ipres,ipres,IPRES,51,385.0,,,,Excellent
2026-08-05,holder,c_a281,c_a281,Comune di Andrano,3,385.0,,,,Excellent
2026-08-05,holder,c_e038,c_e038,Comune di Gioia del Colle,5,385.0,,,,Excellent
2026-08-05,holder,c_f881,c_f881,Comune di Neviano,3,385.0,,,,Excellent
2026-08-05,holder,c_b690,c_b690,Comune di Caprarica di Lecce,3,385.0,,,,Excellent
2026-08-05,holder,crpuglia,crpuglia,Consiglio Regionale della Puglia,1,385.0,,,,Excellent
2026-08-05,holder,c_b822,c_b822,Comune di Carpignano Salentino,4,385.0,,,,Excellent
2026-08-05,holder,c_f027,c_f027,Comune di Massafra,38,384.21,,,,Excellent
2026-08-05,holder,artpp,artpp,ARET - Pugliapromozione,23,384.13,,,,Excellent
2026-08-05,holder,r_puglia,r_puglia,Regione Puglia,247,383.66,,,,Excellent
2026-08-05,holder,arlpa,arlpa,ARPAL,6,381.67,,,,Excellent
2026-08-05,holder,c_d863,c_d863,Comune di Galatone,39,379.1,,,,Excellent
2026-08-05,holder,c_l328,c_l328,Città di Trani,5,379.0,,,,Excellent
2026-08-05,holder,ato_pu,ato_pu,Autorità idrica Pugliese (AIP),13,375.77,,,,Excellent
2026-08-05,holder,c_c978,c_c978,Comune di Copertino,16,375.0,,,,Excellent
2026-08-05,holder,c_a874,c_a874,Comune di Binetto,3,375.0,,,,Excellent
2026-08-05,holder,arpap,arpap,ARPA Puglia ,21,372.62,,,,Excellent
2026-08-05,holder,c_h985,c_h985,Comune di San Marco in Lamis,10,368.53,,,,Excellent
2026-08-05,holder,arsls,arsls,Agenzia Regionale Strategica per la Salute ed il Sociale,75,366.87,,,,Excellent
2026-08-05,holder,c_g251,c_g251,Comune di Palagianello,3,358.33,,,,Excellent
2026-08-05,holder,05487980723,05487980723,AMIU,8,355.0,,,,Excellent
2026-08-05,holder,c_a662,c_a662,Comune di Bari,158,351.96,,,,Excellent
2026-08-05,holder,c_e506,c_e506,Comune di Lecce,505,350.35,,,,Good
2026-08-05,holder,c_e986,c_e986,Comune di Martina Franca,32,349.38,,,,Good
2026-08-05,holder,c_g098,c_g098,Comune di Oria,21,347.86,,,,Good
2026-08-05,holder,cciaa_le,cciaa_le,Camera di Commercio di Lecce,447,346.81,,,,Good
2026-08-05,holder,c_d171,c_d171,Comune di Crispiano,36,324.44,,,,Good
2026-08-05,holder,c_e471,c_e471,Comune di Latiano,9,320.56,,,,Good
2026-08-05,holder,c_f816,c_f816,Comune di Muro Leccese,12,315.0,,,,Good
2026-08-05,holder,c_a893,c_a893,Comune di Bitonto,55,310.82,,,,Good
2026-08-05,holder,c_f563,c_f563,Comune di Montemesola,40,305.0,,,,Good
2026-08-05,holder,c_i950,c_i950,Comune di Sternatia,3,305.0,,,,Good
2026-08-06,holder,iacp_ba,iacp_ba,Arca - Puglia Centrale,4,395.0,,,,Excellent
2026-08-06,holder,asl_vvta,asl_vvta,ASL TARANTO,15,386.33,,,,Excellent
2026-08-06,holder,c_f916,c_f916,Comune di Nociglia,3,385.0,,,,Excellent
2026-08-06,holder,asl_br,asl_br,ASL BRINDISI,1,385.0,,,,Excellent
2026-08-06,holder,c_d223,c_d223,Comune di Cursi,4,385.0,,,,Excellent
2026-08-06,holder,c_l172,c_l172,Comune di Santa Cesarea Terme,4,385.0,,,,Excellent
2026-08-06,holder,c_f221,c_f221,Comune di Minervino di Lecce,5,385.0,,,,Excellent
2026-08-06,holder,c_m187,c_m187,Comune di Zollino,3,385.0,,,,Excellent
2026-08-06,holder,c_l010,c_l010,Comune di Surano,3,385.0,,,,Excellent
2026-08-06,holder,c_f117,c_f117,Comune di Melpignano,8,385.0,,,,Excellent
2026-08-06,holder,arltl_0,arltl_0,ARTI Puglia,13,385.0,,,,Excellent
2026-08-06,holder,asset,asset,ASSET Puglia,28,385.0,,,,Excellent
2026-08-06,holder,c_b584,c_b584,Comune di Candela,4,385.0,,,,Excellent
2026-08-06,holder,c_l115,c_l115,Comune di San Pietro in Lama,3,385.0,,,,Excellent
2026-08-06,holder,c_e882,c_e882,Comune di Manduria,5,385.0,,,,Excellent
2026-08-06,holder,c_f194,c_f194,Comune di Miggiano,3,385.0,,,,Excellent
2026-08-06,holder,c_g291,c_g291,Comune Palo Del Colle,5,385.0,,,,Excellent
2026-08-06,holder,c_h096,c_h096,Città di Putignano,3,385.0,,,,Excellent
2026-08-06,holder,c_e053,c_e053,Comune di Giuggianello,4,385.0,,,,Excellent
2026-08-06,holder,c_l008,c_l008,Comune di Supersano,3,385.0,,,,Excellent
2026-08-06,holder,c_l887,c_l887,Comune di Specchia,4,385.0,,,,Excellent
2026-08-06,holder,pusv,pusv,Puglia Sviluppo SpA,8,385.0,,,,Excellent
2026-08-06,holder,adisu,adisu,Adisu,12,385.0,,,,Excellent
2026-08-06,holder,ipres,ipres,IPRES,51,385.0,,,,Excellent
2026-08-06,holder,c_a281,c_a281,Comune di Andrano,3,385.0,,,,Excellent
2026-08-06,holder,c_e038,c_e038,Comune di Gioia del Colle,5,385.0,,,,Excellent
2026-08-06,holder,c_f881,c_f881,Comune di Neviano,3,385.0,,,,Excellent
2026-08-06,holder,c_b690,c_b690,Comune di Caprarica di Lecce,3,385.0,,,,Excellent
2026-08-06,holder,crpuglia,crpuglia,Consiglio Regionale della Puglia,1,385.0,,,,Excellent
2026-08-06,holder,c_b822,c_b822,Comune di Carpignano Salentino,4,385.0,,,,Excellent
2026-08-06,holder,c_f027,c_f027,Comune di Massafra,38,384.21,,,,Excellent
2026-08-06,holder,artpp,artpp,ARET - Pugliapromozione,23,384.13,,,,Excellent
2026-08-06,holder,r_puglia,r_puglia,Regione Puglia,247,383.66,,,,Excellent
2026-08-06,holder,arlpa,arlpa,ARPAL,6,381.67,,,,Excellent
2026-08-06,holder,c_d863,c_d863,Comune di Galatone,39,379.1,,,,Excellent
2026-08-06,holder,c_l328,c_l328,Città di Trani,5,379.0,,,,Excellent
2026-08-06,holder,ato_pu,ato_pu,Autorità idrica Pugliese (AIP),13,375.77,,,,Excellent
2026-08-06,holder,c_c978,c_c978,Comune di Copertino,16,375.0,,,,Excellent
2026-08-06,holder,c_a874,c_a874,Comune di Binetto,3,375.0,,,,Excellent
2026-08-06,holder,arpap,arpap,ARPA Puglia ,21,372.62,,,,Excellent
2026-08-06,holder,c_h985,c_h985,Comune di San Marco in Lamis,10,368.53,,,,Excellent
2026-08-06,holder,arsls,arsls,Agenzia Regionale Strategica per la Salute ed il Sociale,75,366.87,,,,Excellent
2026-08-06,holder,c_g251,c_g251,Comune di Palagianello,3,358.33,,,,Excellent
2026-08-06,holder,05487980723,05487980723,AMIU,8,355.0,,,,Excellent
2026-08-06,holder,c_a662,c_a662,Comune di Bari,158,351.96,,,,Excellent
2026-08-06,holder,c_e506,c_e506,Comune di Lecce,505,350.35,,,,Good
2026-08-06,holder,c_e986,c_e986,Comune di Martina Franca,32,349.38,,,,Good
2026-08-06,holder,c_g098,c_g098,Comune di Oria,21,347.86,,,,Good
2026-08-06,holder,cciaa_le,cciaa_le,Camera di Commercio di Lecce,447,346.81,,,,Good
2026-08-06,holder,c_d171,c_d171,Comune di Crispiano,36,324.44,,,,Good
2026-08-06,holder,c_e471,c_e471,Comune di Latiano,9,320.56,,,,Good
2026-08-06,holder,c_f816,c_f816,Comune di Muro Leccese,12,315.0,,,,Good
2026-08-06,holder,c_a893,c_a893,Comune di Bitonto,55,310.82,,,,Good
2026-08-06,holder,c_f563,c_f563,Comune di Montemesola,40,305.0,,,,Good
2026-08-06,holder,c_i950,c_i950,Comune di Sternatia,3,305.0,,,,Good
2026-08-07,holder,iacp_ba,iacp_ba,Arca - Puglia Centrale,4,395.0,,,,Excellent
2026-08-07,holder,asl_vvta,asl_vvta,ASL TARANTO,15,386.33,,,,Excellent
2026-08-07,holder,c_f916,c_f916,Comune di Nociglia,3,385.0,,,,Excellent
2026-08-07,holder,asl_br,asl_br,ASL BRINDISI,1,385.0,,,,Excellent
2026-08-07,holder,c_d223,c_d223,Comune di Cursi,4,385.0,,,,Excellent
2026-08-07,holder,c_l172,c_l172,Comune di Santa Cesarea Terme,4,385.0,,,,Excellent
2026-08-07,holder,c_f221,c_f221,Comune di Minervino di Lecce,5,385.0,,,,Excellent
2026-08-07,holder,c_m187,c_m187,Comune di Zollino,3,385.0,,,,Excellent
2026-08-07,holder,c_l010,c_l010,Comune di Surano,3,385.0,,,,Excellent
2026-08-07,holder,c_f117,c_f117,Comune di Melpignano,8,385.0,,,,Excellent
2026-08-07,holder,arltl_0,arltl_0,ARTI Puglia,13,385.0,,,,Excellent
2026-08-07,holder,asset,asset,ASSET Puglia,28,385.0,,,,Excellent
2026-08-07,holder,c_b584,c_b584,Comune di Candela,4,385.0,,,,Excellent
2026-08-07,holder,c_l115,c_l115,Comune di San Pietro in Lama,3,385.0,,,,Excellent
2026-08-07,holder,c_e882,c_e882,Comune di Manduria,5,385.0,,,,Excellent
2026-08-07,holder,c_f194,c_f194,Comune di Miggiano,3,385.0,,,,Excellent
2026-08-07,holder,c_g291,c_g291,Comune Palo Del Colle,5,385.0,,,,Excellent
2026-08-07,holder,c_h096,c_h096,Città di Putignano,3,385.0,,,,Excellent
2026-08-07,holder,c_e053,c_e053,Comune di Giuggianello,4,385.0,,,,Excellent
2026-08-07,holder,c_l008,c_l008,Comune di Supersano,3,385.0,,,,Excellent
2026-08-07,holder,c_l887,c_l887,Comune di Specchia,4,385.0,,,,Excellent
2026-08-07,holder,pusv,pusv,Puglia Sviluppo SpA,8,385.0,,,,Excellent
2026-08-07,holder,adisu,adisu,Adisu,12,385.0,,,,Excellent
2026-08-07,holder,ipres,ipres,IPRES,51,385.0,,,,Excellent
2026-08-07,holder,c_a281,c_a281,Comune di Andrano,3,385.0,,,,Excellent
2026-08-07,holder,c_e038,c_e038,Comune di Gioia del Colle,5,385.0,,,,Excellent
2026-08-07,holder,c_f881,c_f881,Comune di Neviano,3,385.0,,,,Excellent
2026-08-07,holder,c_b690,c_b690,Comune di Caprarica di Lecce,3,385.0,,,,Excellent
2026-08-07,holder,crpuglia,crpuglia,Consiglio Regionale della Puglia,1,385.0,,,,Excellent
2026-08-07,holder,c_b822,c_b822,Comune di Carpignano Salentino,4,385.0,,,,Excellent
2026-08-07,holder,c_f027,c_f027,Comune di Massafra,38,384.21,,,,Excellent
2026-08-07,holder,artpp,artpp,ARET - Pugliapromozione,23,384.13,,,,Excellent
2026-08-07,holder,r_puglia,r_puglia,Regione Puglia,247,383.66,,,,Excellent
2026-08-07,holder,arlpa,arlpa,ARPAL,6,381.67,,,,Excellent
2026-08-07,holder,c_d863,c_d863,Comune di Galatone,39,379.1,,,,Excellent
2026-08-07,holder,c_l328,c_l328,Città di Trani,5,379.0,,,,Excellent
2026-08-07,holder,ato_pu,ato_pu,Autorità idrica Pugliese (AIP),13,375.77,,,,Excellent
2026-08-07,holder,c_c978,c_c978,Comune di Copertino,16,375.0,,,,Excellent
2026-08-07,holder,c_a874,c_a874,Comune di Binetto,3,375.0,,,,Excellent
2026-08-07,holder,arpap,arpap,ARPA Puglia ,21,372.62,,,,Excellent
2026-08-07,holder,c_h985,c_h985,Comune di San Marco in Lamis,10,368.53,,,,Excellent
2026-08-07,holder,arsls,arsls,Agenzia Regionale Strategica per la Salute ed il Sociale,75,366.87,,,,Excellent
2026-08-07,holder,c_g251,c_g251,Comune di Palagianello,3,358.33,,,,Excellent
2026-08-07,holder,05487980723,05487980723,AMIU,8,355.0,,,,Excellent
2026-08-07,holder,c_a662,c_a662,Comune di Bari,158,351.96,,,,Excellent
2026-08-07,holder,c_e506,c_e506,Comune di Lecce,505,350.35,,,,Good
2026-08-07,holder,c_e986,c_e986,Comune di Martina Franca,32,349.38,,,,Good
2026-08-07,holder,c_g098,c_g098,Comune di Oria,21,347.86,,,,Good
2026-08-07,holder,cciaa_le,cciaa_le,Camera di Commercio di Lecce,447,346.81,,,,Good
2026-08-07,holder,c_d171,c_d171,Comune di Crispiano,36,324.44,,,,Good
2026-08-07,holder,c_e471,c_e471,Comune di Latiano,9,320.56,,,,Good
2026-08-07,holder,c_f816,c_f816,Comune di Muro Leccese,12,315.0,,,,Good
2026-08-07,holder,c_a893,c_a893,Comune di Bitonto,55,310.82,,,,Good
2026-08-07,holder,c_f563,c_f563,Comune di Montemesola,40,305.0,,,,Good
2026-08-07,holder,c_i950,c_i950,Comune di Sternatia,3,305.0,,,,Good
2026-08-08,holder,iacp_ba,iacp_ba,Arca - Puglia Centrale,4,395.0,,,,Excellent
2026-08-08,holder,asl_vvta,asl_vvta,ASL TARANTO,15,386.33,,,,Excellent
2026-08-08,holder,c_f916,c_f916,Comune di Nociglia,3,385.0,,,,Excellent
2026-08-08,holder,asl_br,asl_br,ASL BRINDISI,1,385.0,,,,Excellent
2026-08-08,holder,c_d223,c_d223,Comune di Cursi,4,385.0,,,,Excellent
2026-08-08,holder,c_l172,c_l172,Comune di Santa Cesarea Terme,4,385.0,,,,Excellent
2026-08-08,holder,c_f221,c_f221,Comune di Minervino di Lecce,5,385.0,,,,Excellent
2026-08-08,holder,c_m187,c_m187,Comune di Zollino,3,385.0,,,,Excellent
2026-08-08,holder,c_l010,c_l010,Comune di Surano,3,385.0,,,,Excellent
2026-08-08,holder,c_f117,c_f117,Comune di Melpignano,8,385.0,,,,Excellent
2026-08-08,holder,arltl_0,arltl_0,ARTI Puglia,13,385.0,,,,Excellent
2026-08-08,holder,asset,asset,ASSET Puglia,28,385.0,,,,Excellent
2026-08-08,holder,c_b584,c_b584,Comune di Candela,4,385.0,,,,Excellent
2026-08-08,holder,c_l115,c_l115,Comune di San Pietro in Lama,3,385.0,,,,Excellent
2026-08-08,holder,c_e882,c_e882,Comune di Manduria,5,385.0,,,,Excellent
2026-08-08,holder,c_f194,c_f194,Comune di Miggiano,3,385.0,,,,Excellent
2026-08-08,holder,c_g291,c_g291,Comune Palo Del Colle,5,385.0,,,,Excellent
2026-08-08,holder,c_h096,c_h096,Città di Putignano,3,385.0,,,,Excellent
2026-08-08,holder,c_e053,c_e053,Comune di Giuggianello,4,385.0,,,,Excellent
2026-08-08,holder,c_l008,c_l008,Comune di Supersano,3,385.0,,,,Excellent
2026-08-08,holder,c_l887,c_l887,Comune di Specchia,4,385.0,,,,Excellent
2026-08-08,holder,pusv,pusv,Puglia Sviluppo SpA,8,385.0,,,,Excellent
2026-08-08,holder,adisu,adisu,Adisu,12,385.0,,,,Excellent
2026-08-08,holder,ipres,ipres,IPRES,51,385.0,,,,Excellent
2026-08-08,holder,c_a281,c_a281,Comune di Andrano,3,385.0,,,,Excellent
2026-08-08,holder,c_e038,c_e038,Comune di Gioia del Colle,5,385.0,,,,Excellent
2026-08-08,holder,c_f881,c_f881,Comune di Neviano,3,385.0,,,,Excellent
2026-08-08,holder,c_b690,c_b690,Comune di Caprarica di Lecce,3,385.0,,,,Excellent
2026-08-08,holder,crpuglia,crpuglia,Consiglio Regionale della Puglia,1,385.0,,,,Excellent
2026-08-08,holder,c_b822,c_b822,Comune di Carpignano Salentino,4,385.0,,,,Excellent
2026-08-08,holder,c_f027,c_f027,Comune di Massafra,38,384.21,,,,Excellent
2026-08-08,holder,artpp,artpp,ARET - Pugliapromozione,23,384.13,,,,Excellent
2026-08-08,holder,r_puglia,r_puglia,Regione Puglia,247,383.66,,,,Excellent
2026-08-08,holder,arlpa,arlpa,ARPAL,6,381.67,,,,Excellent
2026-08-08,holder,c_d863,c_d863,Comune di Galatone,39,379.1,,,,Excellent
2026-08-08,holder,c_l328,c_l328,Città di Trani,5,379.0,,,,Excellent
2026-08-08,holder,ato_pu,ato_pu,Autorità idrica Pugliese (AIP),13,375.77,,,,Excellent
2026-08-08,holder,c_c978,c_c978,Comune di Copertino,16,375.0,,,,Excellent
2026-08-08,holder,c_a874,c_a874,Comune di Binetto,3,375.0,,,,Excellent
2026-08-08,holder,arpap,arpap,ARPA Puglia ,21,372.62,,,,Excellent
2026-08-08,holder,c_h985,c_h985,Comune di San Marco in Lamis,10,368.53,,,,Excellent
2026-08-08,holder,arsls,arsls,Agenzia Regionale Strategica per la Salute ed il Sociale,75,366.87,,,,Excellent
2026-08-08,holder,c_g251,c_g251,Comune di Palagianello,3,358.33,,,,Excellent
2026-08-08,holder,05487980723,05487980723,AMIU,8,355.0,,,,Excellent
2026-08-08,holder,c_a662,c_a662,Comune di Bari,158,351.96,,,,Excellent
2026-08-08,holder,c_e506,c_e506,Comune di Lecce,505,350.35,,,,Good
2026-08-08,holder,c_e986,c_e986,Comune di Martina Franca,32,349.38,,,,Good
2026-08-08,holder,c_g098,c_g098,Comune di Oria,21,347.86,,,,Good
2026-08-08,holder,cciaa_le,cciaa_le,Camera di Commercio di Lecce,447,346.81,,,,Good
2026-08-08,holder,c_d171,c_d171,Comune di Crispiano,36,324.44,,,,Good
2026-08-08,holder,c_e471,c_e471,Comune di Latiano,9,320.56,,,,Good
2026-08-08,holder,c_f816,c_f816,Comune di Muro Leccese,12,315.0,,,,Good
2026-08-08,holder,c_a893,c_a893,Comune di Bitonto,55,310.82,,,,Good
2026-08-08,holder,c_f563,c_f563,Comune di Montemesola,40,305.0,,,,Good
2026-08-08,holder,c_i950,c_i950,Comune di Sternatia,3,305.0,,,,Good
2026-08-09,holder,iacp_ba,iacp_ba,Arca - Puglia Centrale,4,395.0,,,,Excellent
2026-08-09,holder,asl_vvta,asl_vvta,ASL TARANTO,15,386.33,,,,Excellent
2026-08-09,holder,arlpa,arlpa,ARPAL,6,385.0,,,,Excellent
2026-08-09,holder,c_f916,c_f916,Comune di Nociglia,3,385.0,,,,Excellent
2026-08-09,holder,asl_br,asl_br,ASL BRINDISI,1,385.0,,,,Excellent
2026-08-09,holder,c_d223,c_d223,Comune di Cursi,4,385.0,,,,Excellent
2026-08-09,holder,c_l172,c_l172,Comune di Santa Cesarea Terme,4,385.0,,,,Excellent
2026-08-09,holder,c_f221,c_f221,Comune di Minervino di Lecce,5,385.0,,,,Excellent
2026-08-09,holder,c_m187,c_m187,Comune di Zollino,3,385.0,,,,Excellent
2026-08-09,holder,c_l010,c_l010,Comune di Surano,3,385.0,,,,Excellent
2026-08-09,holder,c_f117,c_f117,Comune di Melpignano,8,385.0,,,,Excellent
2026-08-09,holder,arltl_0,arltl_0,ARTI Puglia,13,385.0,,,,Excellent
2026-08-09,holder,asset,asset,ASSET Puglia,28,385.0,,,,Excellent
2026-08-09,holder,c_b584,c_b584,Comune di Candela,4,385.0,,,,Excellent
2026-08-09,holder,c_l115,c_l115,Comune di San Pietro in Lama,3,385.0,,,,Excellent
2026-08-09,holder,c_e882,c_e882,Comune di Manduria,5,385.0,,,,Excellent
2026-08-09,holder,c_f194,c_f194,Comune di Miggiano,3,385.0,,,,Excellent
2026-08-09,holder,c_g291,c_g291,Comune Palo Del Colle,5,385.0,,,,Excellent
2026-08-09,holder,c_h096,c_h096,Città di Putignano,3,385.0,,,,Excellent
2026-08-09,holder,c_e053,c_e053,Comune di Giuggianello,4,385.0,,,,Excellent
2026-08-09,holder,c_l008,c_l008,Comune di Supersano,3,385.0,,,,Excellent
2026-08-09,holder,pusv,pusv,Puglia Sviluppo SpA,8,385.0,,,,Excellent
2026-08-09,holder,adisu,adisu,Adisu,12,385.0,,,,Excellent
2026-08-09,holder,ipres,ipres,IPRES,51,385.0,,,,Excellent
2026-08-09,holder,c_a281,c_a281,Comune di Andrano,3,385.0,,,,Excellent
2026-08-09,holder,c_e038,c_e038,Comune di Gioia del Colle,5,385.0,,,,Excellent
2026-08-09,holder,c_f881,c_f881,Comune di Neviano,3,385.0,,,,Excellent
2026-08-09,holder,c_b690,c_b690,Comune di Caprarica di Lecce,3,385.0,,,,Excellent
2026-08-09,holder,crpuglia,crpuglia,Consiglio Regionale della Puglia,1,385.0,,,,Excellent
2026-08-09,holder,c_b822,c_b822,Comune di Carpignano Salentino,4,385.0,,,,Excellent
2026-08-09,holder,c_f027,c_f027,Comune di Massafra,38,384.21,,,,Excellent
2026-08-09,holder,artpp,artpp,ARET - Pugliapromozione,23,384.13,,,,Excellent
2026-08-09,holder,r_puglia,r_puglia,Regione Puglia,247,383.91,,,,Excellent
2026-08-09,holder,c_d863,c_d863,Comune di Galatone,39,379.62,,,,Excellent
2026-08-09,holder,c_l328,c_l328,Città di Trani,5,379.0,,,,Excellent
2026-08-09,holder,ato_pu,ato_pu,Autorità idrica Pugliese (AIP),13,375.77,,,,Excellent
2026-08-09,holder,c_c978,c_c978,Comune di Copertino,16,375.0,,,,Excellent
2026-08-09,holder,c_a874,c_a874,Comune di Binetto,3,375.0,,,,Excellent
2026-08-09,holder,arpap,arpap,ARPA Puglia ,21,371.67,,,,Excellent
2026-08-09,holder,arsls,arsls,Agenzia Regionale Strategica per la Salute ed il Sociale,75,366.87,,,,Excellent
2026-08-09,holder,c_h985,c_h985,Comune di San Marco in Lamis,10,363.0,,,,Excellent
2026-08-09,holder,c_l887,c_l887,Comune di Specchia,6,358.33,,,,Excellent
2026-08-09,holder,c_g251,c_g251,Comune di Palagianello,3,358.33,,,,Excellent
2026-08-09,holder,05487980723,05487980723,AMIU,8,355.0,,,,Excellent
2026-08-09,holder,cciaa_le,cciaa_le,Camera di Commercio di Lecce,450,353.51,,,,Excellent
2026-08-09,holder,c_e506,c_e506,Comune di Lecce,505,353.22,,,,Excellent
2026-08-09,holder,c_a662,c_a662,Comune di Bari,158,351.96,,,,Excellent
2026-08-09,holder,c_e986,c_e986,Comune di Martina Franca,32,349.38,,,,Good
2026-08-09,holder,c_g098,c_g098,Comune di Oria,21,347.86,,,,Good
2026-08-09,holder,c_e471,c_e471,Comune di Latiano,9,338.33,,,,Good
2026-08-09,holder,c_d171,c_d171,Comune di Crispiano,36,335.56,,,,Good
2026-08-09,holder,c_f816,c_f816,Comune di Muro Leccese,12,335.0,,,,Good
2026-08-09,holder,c_a893,c_a893,Comune di Bitonto,55,326.82,,,,Good
2026-08-09,holder,c_f563,c_f563,Comune di Montemesola,40,305.0,,,,Good
2026-08-09,holder,c_i950,c_i950,Comune di Sternatia,3,305.0,,,,Good
2026-08-10,holder,iacp_ba,iacp_ba,Arca - Puglia Centrale,4,395.0,,,,Excellent
2026-08-10,holder,asl_vvta,asl_vvta,ASL TARANTO,15,386.33,,,,Excellent
2026-08-10,holder,arlpa,arlpa,ARPAL,6,385.0,,,,Excellent
2026-08-10,holder,c_f916,c_f916,Comune di Nociglia,3,385.0,,,,Excellent
2026-08-10,holder,asl_br,asl_br,ASL BRINDISI,1,385.0,,,,Excellent
2026-08-10,holder,c_d223,c_d223,Comune di Cursi,4,385.0,,,,Excellent
2026-08-10,holder,c_l172,c_l172,Comune di Santa Cesarea Terme,4,385.0,,,,Excellent
2026-08-10,holder,c_f221,c_f221,Comune di Minervino di Lecce,5,385.0,,,,Excellent
2026-08-10,holder,c_m187,c_m187,Comune di Zollino,3,385.0,,,,Excellent
2026-08-10,holder,c_l010,c_l010,Comune di Surano,3,385.0,,,,Excellent
2026-08-10,holder,c_f117,c_f117,Comune di Melpignano,8,385.0,,,,Excellent
2026-08-10,holder,arltl_0,arltl_0,ARTI Puglia,13,385.0,,,,Excellent
2026-08-10,holder,asset,asset,ASSET Puglia,28,385.0,,,,Excellent
2026-08-10,holder,c_b584,c_b584,Comune di Candela,4,385.0,,,,Excellent
2026-08-10,holder,c_l115,c_l115,Comune di San Pietro in Lama,3,385.0,,,,Excellent
2026-08-10,holder,c_e882,c_e882,Comune di Manduria,5,385.0,,,,Excellent
2026-08-10,holder,c_f194,c_f194,Comune di Miggiano,3,385.0,,,,Excellent
2026-08-10,holder,c_g291,c_g291,Comune Palo Del Colle,5,385.0,,,,Excellent
2026-08-10,holder,c_h096,c_h096,Città di Putignano,3,385.0,,,,Excellent
2026-08-10,holder,c_e053,c_e053,Comune di Giuggianello,4,385.0,,,,Excellent
2026-08-10,holder,c_l008,c_l008,Comune di Supersano,3,385.0,,,,Excellent
2026-08-10,holder,c_l887,c_l887,Comune di Specchia,6,385.0,,,,Excellent
2026-08-10,holder,pusv,pusv,Puglia Sviluppo SpA,8,385.0,,,,Excellent
2026-08-10,holder,adisu,adisu,Adisu,12,385.0,,,,Excellent
2026-08-10,holder,ipres,ipres,IPRES,51,385.0,,,,Excellent
2026-08-10,holder,c_a281,c_a281,Comune di Andrano,3,385.0,,,,Excellent
2026-08-10,holder,c_e038,c_e038,Comune di Gioia del Colle,5,385.0,,,,Excellent
2026-08-10,holder,c_f881,c_f881,Comune di Neviano,3,385.0,,,,Excellent
2026-08-10,holder,c_b690,c_b690,Comune di Caprarica di Lecce,3,385.0,,,,Excellent
2026-08-10,holder,crpuglia,crpuglia,Consiglio Regionale della Puglia,1,385.0,,,,Excellent
2026-08-10,holder,c_b822,c_b822,Comune di Carpignano Salentino,4,385.0,,,,Excellent
2026-08-10,holder,c_f027,c_f027,Comune di Massafra,38,384.21,,,,Excellent
2026-08-10,holder,artpp,artpp,ARET - Pugliapromozione,23,384.13,,,,Excellent
2026-08-10,holder,r_puglia,r_puglia,Regione Puglia,247,383.91,,,,Excellent
2026-08-10,holder,c_d863,c_d863,Comune di Galatone,39,379.62,,,,Excellent
2026-08-10,holder,c_l328,c_l328,Città di Trani,5,379.0,,,,Excellent
2026-08-10,holder,ato_pu,ato_pu,Autorità idrica Pugliese (AIP),13,375.77,,,,Excellent
2026-08-10,holder,c_c978,c_c978,Comune di Copertino,16,375.0,,,,Excellent
2026-08-10,holder,c_a874,c_a874,Comune di Binetto,3,375.0,,,,Excellent
2026-08-10,holder,arpap,arpap,ARPA Puglia ,21,371.67,,,,Excellent
2026-08-10,holder,arsls,arsls,Agenzia Regionale Strategica per la Salute ed il Sociale,75,366.87,,,,Excellent
2026-08-10,holder,c_h985,c_h985,Comune di San Marco in Lamis,10,363.0,,,,Excellent
2026-08-10,holder,c_g251,c_g251,Comune di Palagianello,3,358.33,,,,Excellent
2026-08-10,holder,05487980723,05487980723,AMIU,8,355.0,,,,Excellent
2026-08-10,holder,cciaa_le,cciaa_le,Camera di Commercio di Lecce,450,353.51,,,,Excellent
2026-08-10,holder,c_a662,c_a662,Comune di Bari,158,351.96,,,,Excellent
2026-08-10,holder,c_e506,c_e506,Comune di Lecce,474,351.6,,,,Excellent
2026-08-10,holder,c_e986,c_e986,Comune di Martina Franca,32,349.38,,,,Good
2026-08-10,holder,c_g098,c_g098,Comune di Oria,21,347.86,,,,Good
2026-08-10,holder,c_e471,c_e471,Comune di Latiano,9,338.33,,,,Good
2026-08-10,holder,c_d171,c_d171,Comune di Crispiano,36,335.56,,,,Good
2026-08-10,holder,c_f816,c_f816,Comune di Muro Leccese,12,335.0,,,,Good
2026-08-10,holder,c_a893,c_a893,Comune di Bitonto,55,326.82,,,,Good
2026-08-10,holder,c_f563,c_f563,Comune di Montemesola,40,305.0,,,,Good
2026-08-10,holder,c_i950,c_i950,Comune di Sternatia,3,305.0,,,,Good
2026-08-11,holder,iacp_ba,iacp_ba,Arca - Puglia Centrale,4,395.0,,,,Excellent
2026-08-11,holder,asl_vvta,asl_vvta,ASL TARANTO,15,386.33,,,,Excellent
2026-08-11,holder,arlpa,arlpa,ARPAL,6,385.0,,,,Excellent
2026-08-11,holder,c_f916,c_f916,Comune di Nociglia,3,385.0,,,,Excellent
2026-08-11,holder,asl_br,asl_br,ASL BRINDISI,1,385.0,,,,Excellent
2026-08-11,holder,c_d223,c_d223,Comune di Cursi,4,385.0,,,,Excellent
2026-08-11,holder,c_l172,c_l172,Comune di Santa Cesarea Terme,4,385.0,,,,Excellent
2026-08-11,holder,c_f221,c_f221,Comune di Minervino di Lecce,5,385.0,,,,Excellent
2026-08-11,holder,c_m187,c_m187,Comune di Zollino,3,385.0,,,,Excellent
2026-08-11,holder,c_l010,c_l010,Comune di Surano,3,385.0,,,,Excellent
2026-08-11,holder,c_f117,c_f117,Comune di Melpignano,8,385.0,,,,Excellent
2026-08-11,holder,arltl_0,arltl_0,ARTI Puglia,13,385.0,,,,Excellent
2026-08-11,holder,asset,asset,ASSET Puglia,28,385.0,,,,Excellent
2026-08-11,holder,c_b584,c_b584,Comune di Candela,4,385.0,,,,Excellent
2026-08-11,holder,c_l115,c_l115,Comune di San Pietro in Lama,3,385.0,,,,Excellent
2026-08-11,holder,c_e882,c_e882,Comune di Manduria,5,385.0,,,,Excellent
2026-08-11,holder,c_f194,c_f194,Comune di Miggiano,3,385.0,,,,Excellent
2026-08-11,holder,c_g291,c_g291,Comune Palo Del Colle,5,385.0,,,,Excellent
2026-08-11,holder,c_h096,c_h096,Città di Putignano,3,385.0,,,,Excellent
2026-08-11,holder,c_e053,c_e053,Comune di Giuggianello,4,385.0,,,,Excellent
2026-08-11,holder,c_l008,c_l008,Comune di Supersano,3,385.0,,,,Excellent
2026-08-11,holder,c_l887,c_l887,Comune di Specchia,6,385.0,,,,Excellent
2026-08-11,holder,pusv,pusv,Puglia Sviluppo SpA,8,385.0,,,,Excellent
2026-08-11,holder,adisu,adisu,Adisu,12,385.0,,,,Excellent
2026-08-11,holder,ipres,ipres,IPRES,51,385.0,,,,Excellent
2026-08-11,holder,c_a281,c_a281,Comune di Andrano,3,385.0,,,,Excellent
2026-08-11,holder,c_e038,c_e038,Comune di Gioia del Colle,5,385.0,,,,Excellent
2026-08-11,holder,c_f881,c_f881,Comune di Neviano,3,385.0,,,,Excellent
2026-08-11,holder,c_b690,c_b690,Comune di Caprarica di Lecce,3,385.0,,,,Excellent
2026-08-11,holder,crpuglia,crpuglia,Consiglio Regionale della Puglia,1,385.0,,,,Excellent
2026-08-11,holder,c_b822,c_b822,Comune di Carpignano Salentino,4,385.0,,,,Excellent
2026-08-11,holder,c_f027,c_f027,Comune di Massafra,38,384.21,,,,Excellent
2026-08-11,holder,artpp,artpp,ARET - Pugliapromozione,23,384.13,,,,Excellent
2026-08-11,holder,r_puglia,r_puglia,Regione Puglia,247,383.91,,,,Excellent
2026-08-11,holder,c_d863,c_d863,Comune di Galatone,39,379.62,,,,Excellent
2026-08-11,holder,c_l328,c_l328,Città di Trani,5,379.0,,,,Excellent
2026-08-11,holder,ato_pu,ato_pu,Autorità idrica Pugliese (AIP),13,375.77,,,,Excellent
2026-08-11,holder,c_c978,c_c978,Comune di Copertino,16,375.0,,,,Excellent
2026-08-11,holder,c_a874,c_a874,Comune di Binetto,3,375.0,,,,Excellent
2026-08-11,holder,arpap,arpap,ARPA Puglia ,21,371.67,,,,Excellent
2026-08-11,holder,arsls,arsls,Agenzia Regionale Strategica per la Salute ed il Sociale,75,366.87,,,,Excellent
2026-08-11,holder,c_h985,c_h985,Comune di San Marco in Lamis,10,363.0,,,,Excellent
2026-08-11,holder,c_g251,c_g251,Comune di Palagianello,3,358.33,,,,Excellent
2026-08-11,holder,05487980723,05487980723,AMIU,8,355.0,,,,Excellent
2026-08-11,holder,cciaa_le,cciaa_le,Camera di Commercio di Lecce,450,353.51,,,,Excellent
2026-08-11,holder,c_a662,c_a662,Comune di Bari,158,351.96,,,,Excellent
2026-08-11,holder,c_e506,c_e506,Comune di Lecce,474,351.6,,,,Excellent
2026-08-11,holder,c_e986,c_e986,Comune di Martina Franca,32,349.38,,,,Good
2026-08-11,holder,c_g098,c_g098,Comune di Oria,21,347.86,,,,Good
2026-08-11,holder,c_e471,c_e471,Comune di Latiano,9,338.33,,,,Good
2026-08-11,holder,c_d171,c_d171,Comune di Crispiano,36,335.56,,,,Good
2026-08-11,holder,c_f816,c_f816,Comune di Muro Leccese,12,335.0,,,,Good
2026-08-11,holder,c_a893,c_a893,Comune di Bitonto,55,326.82,,,,Good
2026-08-11,holder,c_f563,c_f563,Comune di Montemesola,40,305.0,,,,Good
2026-08-11,holder,c_i950,c_i950,Comune di Sternatia,3,305.0,,,,Good
2026-08-12,holder,iacp_ba,iacp_ba,Arca - Puglia Centrale,4,395.0,,,,Excellent
2026-08-12,holder,asl_vvta,asl_vvta,ASL TARANTO,15,386.33,,,,Excellent
2026-08-12,holder,arlpa,arlpa,ARPAL,6,385.0,,,,Excellent
2026-08-12,holder,c_f916,c_f916,Comune di Nociglia,3,385.0,,,,Excellent
2026-08-12,holder,asl_br,asl_br,ASL BRINDISI,1,385.0,,,,Excellent
2026-08-12,holder,c_d223,c_d223,Comune di Cursi,4,385.0,,,,Excellent
2026-08-12,holder,c_l172,c_l172,Comune di Santa Cesarea Terme,4,385.0,,,,Excellent
2026-08-12,holder,c_f221,c_f221,Comune di Minervino di Lecce,5,385.0,,,,Excellent
2026-08-12,holder,c_m187,c_m187,Comune di Zollino,3,385.0,,,,Excellent
2026-08-12,holder,c_l010,c_l010,Comune di Surano,3,385.0,,,,Excellent
2026-08-12,holder,c_f117,c_f117,Comune di Melpignano,8,385.0,,,,Excellent
2026-08-12,holder,arltl_0,arltl_0,ARTI Puglia,13,385.0,,,,Excellent
2026-08-12,holder,asset,asset,ASSET Puglia,28,385.0,,,,Excellent
2026-08-12,holder,c_b584,c_b584,Comune di Candela,4,385.0,,,,Excellent
2026-08-12,holder,c_l115,c_l115,Comune di San Pietro in Lama,3,385.0,,,,Excellent
2026-08-12,holder,c_e882,c_e882,Comune di Manduria,5,385.0,,,,Excellent
2026-08-12,holder,c_f194,c_f194,Comune di Miggiano,3,385.0,,,,Excellent
2026-08-12,holder,c_g291,c_g291,Comune Palo Del Colle,5,385.0,,,,Excellent
2026-08-12,holder,c_h096,c_h096,Città di Putignano,3,385.0,,,,Excellent
2026-08-12,holder,c_e053,c_e053,Comune di Giuggianello,4,385.0,,,,Excellent
2026-08-12,holder,c_l008,c_l008,Comune di Supersano,3,385.0,,,,Excellent
2026-08-12,holder,c_l887,c_l887,Comune di Specchia,6,385.0,,,,Excellent
2026-08-12,holder,pusv,pusv,Puglia Sviluppo SpA,8,385.0,,,,Excellent
2026-08-12,holder,adisu,adisu,Adisu,12,385.0,,,,Excellent
2026-08-12,holder,ipres,ipres,IPRES,51,385.0,,,,Excellent
2026-08-12,holder,c_a281,c_a281,Comune di Andrano,3,385.0,,,,Excellent
2026-08-12,holder,c_e038,c_e038,Comune di Gioia del Colle,5,385.0,,,,Excellent
2026-08-12,holder,c_f881,c_f881,Comune di Neviano,3,385.0,,,,Excellent
2026-08-12,holder,c_b690,c_b690,Comune di Caprarica di Lecce,3,385.0,,,,Excellent
2026-08-12,holder,crpuglia,crpuglia,Consiglio Regionale della Puglia,1,385.0,,,,Excellent
2026-08-12,holder,c_b822,c_b822,Comune di Carpignano Salentino,4,385.0,,,,Excellent
2026-08-12,holder,c_f027,c_f027,Comune di Massafra,38,384.21,,,,Excellent
2026-08-12,holder,artpp,artpp,ARET - Pugliapromozione,23,384.13,,,,Excellent
2026-08-12,holder,r_puglia,r_puglia,Regione Puglia,247,383.91,,,,Excellent
2026-08-12,holder,c_d863,c_d863,Comune di Galatone,39,379.62,,,,Excellent
2026-08-12,holder,c_l328,c_l328,Città di Trani,5,379.0,,,,Excellent
2026-08-12,holder,ato_pu,ato_pu,Autorità idrica Pugliese (AIP),13,375.77,,,,Excellent
2026-08-12,holder,c_c978,c_c978,Comune di Copertino,16,375.0,,,,Excellent
2026-08-12,holder,c_a874,c_a874,Comune di Binetto,3,375.0,,,,Excellent
2026-08-12,holder,arpap,arpap,ARPA Puglia ,21,371.67,,,,Excellent
2026-08-12,holder,arsls,arsls,Agenzia Regionale Strategica per la Salute ed il Sociale,75,366.87,,,,Excellent
2026-08-12,holder,c_h985,c_h985,Comune di San Marco in Lamis,10,363.0,,,,Excellent
2026-08-12,holder,c_g251,c_g251,Comune di Palagianello,3,358.33,,,,Excellent
2026-08-12,holder,05487980723,05487980723,AMIU,8,355.0,,,,Excellent
2026-08-12,holder,cciaa_le,cciaa_le,Camera di Commercio di Lecce,450,353.51,,,,Excellent
2026-08-12,holder,c_a662,c_a662,Comune di Bari,158,351.96,,,,Excellent
2026-08-12,holder,c_e506,c_e506,Comune di Lecce,474,351.6,,,,Excellent
2026-08-12,holder,c_e986,c_e986,Comune di Martina Franca,32,349.38,,,,Good
2026-08-12,holder,c_g098,c_g098,Comune di Oria,21,347.86,,,,Good
2026-08-12,holder,c_e471,c_e471,Comune di Latiano,9,338.33,,,,Good
2026-08-12,holder,c_d171,c_d171,Comune di Crispiano,36,335.56,,,,Good
2026-08-12,holder,c_f816,c_f816,Comune di Muro Leccese,12,335.0,,,,Good
2026-08-12,holder,c_a893,c_a893,Comune di Bitonto,55,326.82,,,,Good
2026-08-12,holder,c_f563,c_f563,Comune di Montemesola,40,305.0,,,,Good
2026-08-12,holder,c_i950,c_i950,Comune di Sternatia,3,305.0,,,,Good
2026-08-13,holder,iacp_ba,iacp_ba,Arca - Puglia Centrale,4,395.0,,,,Excellent
2026-08-13,holder,asl_vvta,asl_vvta,ASL TARANTO,15,386.33,,,,Excellent
2026-08-13,holder,arlpa,arlpa,ARPAL,6,385.0,,,,Excellent
2026-08-13,holder,c_f916,c_f916,Comune di Nociglia,3,385.0,,,,Excellent
2026-08-13,holder,asl_br,asl_br,ASL BRINDISI,1,385.0,,,,Excellent
2026-08-13,holder,c_d223,c_d223,Comune di Cursi,4,385.0,,,,Excellent
2026-08-13,holder,c_l172,c_l172,Comune di Santa Cesarea Terme,4,385.0,,,,Excellent
2026-08-13,holder,c_f221,c_f221,Comune di Minervino di Lecce,5,385.0,,,,Excellent
2026-08-13,holder,c_m187,c_m187,Comune di Zollino,3,385.0,,,,Excellent
2026-08-13,holder,c_l010,c_l010,Comune di Surano,3,385.0,,,,Excellent
2026-08-13,holder,c_f117,c_f117,Comune di Melpignano,8,385.0,,,,Excellent
2026-08-13,holder,arltl_0,arltl_0,ARTI Puglia,13,385.0,,,,Excellent
2026-08-13,holder,asset,asset,ASSET Puglia,28,385.0,,,,Excellent
2026-08-13,holder,c_b584,c_b584,Comune di Candela,4,385.0,,,,Excellent
2026-08-13,holder,c_l115,c_l115,Comune di San Pietro in Lama,3,385.0,,,,Excellent
2026-08-13,holder,c_e882,c_e882,Comune di Manduria,5,385.0,,,,Excellent
2026-08-13,holder,c_f194,c_f194,Comune di Miggiano,3,385.0,,,,Excellent
2026-08-13,holder,c_g291,c_g291,Comune Palo Del Colle,5,385.0,,,,Excellent
2026-08-13,holder,c_h096,c_h096,Città di Putignano,3,385.0,,,,Excellent
2026-08-13,holder,c_e053,c_e053,Comune di Giuggianello,4,385.0,,,,Excellent
2026-08-13,holder,c_l008,c_l008,Comune di Supersano,3,385.0,,,,Excellent
2026-08-13,holder,c_l887,c_l887,Comune di Specchia,6,385.0,,,,Excellent
2026-08-13,holder,pusv,pusv,Puglia Sviluppo SpA,8,385.0,,,,Excellent
2026-08-13,holder,adisu,adisu,Adisu,12,385.0,,,,Excellent
2026-08-13,holder,ipres,ipres,IPRES,51,385.0,,,,Excellent
2026-08-13,holder,c_a281,c_a281,Comune di Andrano,3,385.0,,,,Excellent
2026-08-13,holder,c_e038,c_e038,Comune di Gioia del Colle,5,385.0,,,,Excellent
2026-08-13,holder,c_f881,c_f881,Comune di Neviano,3,385.0,,,,Excellent
2026-08-13,holder,c_b690,c_b690,Comune di Caprarica di Lecce,3,385.0,,,,Excellent
2026-08-13,holder,crpuglia,crpuglia,Consiglio Regionale della Puglia,1,385.0,,,,Excellent
2026-08-13,holder,c_b822,c_b822,Comune di Carpignano Salentino,4,385.0,,,,Excellent
2026-08-13,holder,c_f027,c_f027,Comune di Massafra,38,384.21,,,,Excellent
2026-08-13,holder,artpp,artpp,ARET - Pugliapromozione,23,384.13,,,,Excellent
2026-08-13,holder,r_puglia,r_puglia,Regione Puglia,247,383.91,,,,Excellent
2026-08-13,holder,c_d863,c_d863,Comune di Galatone,39,379.62,,,,Excellent
2026-08-13,holder,c_l328,c_l328,Città di Trani,5,379.0,,,,Excellent
2026-08-13,holder,ato_pu,ato_pu,Autorità idrica Pugliese (AIP),13,375.77,,,,Excellent
2026-08-13,holder,c_c978,c_c978,Comune di Copertino,16,375.0,,,,Excellent
2026-08-13,holder,c_a874,c_a874,Comune di Binetto,3,375.0,,,,Excellent
2026-08-13,holder,arpap,arpap,ARPA Puglia ,21,371.67,,,,Excellent
2026-08-13,holder,arsls,arsls,Agenzia Regionale Strategica per la Salute ed il Sociale,75,366.87,,,,Excellent
2026-08-13,holder,c_h985,c_h985,Comune di San Marco in Lamis,10,363.0,,,,Excellent
2026-08-13,holder,c_g251,c_g251,Comune di Palagianello,3,358.33,,,,Excellent
2026-08-13,holder,05487980723,05487980723,AMIU,8,355.0,,,,Excellent
2026-08-13,holder,cciaa_le,cciaa_le,Camera di Commercio di Lecce,450,353.51,,,,Excellent
2026-08-13,holder,c_a662,c_a662,Comune di Bari,158,351.96,,,,Excellent
2026-08-13,holder,c_e506,c_e506,Comune di Lecce,474,351.6,,,,Excellent
2026-08-13,holder,c_e986,c_e986,Comune di Martina Franca,32,349.38,,,,Good
2026-08-13,holder,c_g098,c_g098,Comune di Oria,21,347.86,,,,Good
2026-08-13,holder,c_e471,c_e471,Comune di Latiano,9,338.33,,,,Good
2026-08-13,holder,c_d171,c_d171,Comune di Crispiano,36,335.56,,,,Good
2026-08-13,holder,c_f816,c_f816,Comune di Muro Leccese,12,335.0,,,,Good
2026-08-13,holder,c_a893,c_a893,Comune di Bitonto,55,326.82,,,,Good
2026-08-13,holder,c_f563,c_f563,Comune di Montemesola,40,305.0,,,,Good
2026-08-13,holder,c_i950,c_i950,Comune di Sternatia,3,305.0,,,,Good
2026-08-14,holder,iacp_ba,iacp_ba,Arca - Puglia Centrale,4,395.0,,,,Excellent
2026-08-14,holder,asl_vvta,asl_vvta,ASL TARANTO,15,386.33,,,,Excellent
2026-08-14,holder,arlpa,arlpa,ARPAL,6,385.0,,,,Excellent
2026-08-14,holder,c_f916,c_f916,Comune di Nociglia,3,385.0,,,,Excellent
2026-08-14,holder,asl_br,asl_br,ASL BRINDISI,1,385.0,,,,Excellent
2026-08-14,holder,c_d223,c_d223,Comune di Cursi,4,385.0,,,,Excellent
2026-08-14,holder,c_l172,c_l172,Comune di Santa Cesarea Terme,4,385.0,,,,Excellent
2026-08-14,holder,c_f221,c_f221,Comune di Minervino di Lecce,5,385.0,,,,Excellent
2026-08-14,holder,c_m187,c_m187,Comune di Zollino,3,385.0,,,,Excellent
2026-08-14,holder,c_l010,c_l010,Comune di Surano,3,385.0,,,,Excellent
2026-08-14,holder,c_f117,c_f117,Comune di Melpignano,8,385.0,,,,Excellent
2026-08-14,holder,arltl_0,arltl_0,ARTI Puglia,13,385.0,,,,Excellent
2026-08-14,holder,asset,asset,ASSET Puglia,28,385.0,,,,Excellent
2026-08-14,holder,c_b584,c_b584,Comune di Candela,4,385.0,,,,Excellent
2026-08-14,holder,c_l115,c_l115,Comune di San Pietro in Lama,3,385.0,,,,Excellent
2026-08-14,holder,c_e882,c_e882,Comune di Manduria,5,385.0,,,,Excellent
2026-08-14,holder,c_f194,c_f194,Comune di Miggiano,3,385.0,,,,Excellent
2026-08-14,holder,c_g291,c_g291,Comune Palo Del Colle,5,385.0,,,,Excellent
2026-08-14,holder,c_h096,c_h096,Città di Putignano,3,385.0,,,,Excellent
2026-08-14,holder,c_e053,c_e053,Comune di Giuggianello,4,385.0,,,,Excellent
2026-08-14,holder,c_l008,c_l008,Comune di Supersano,3,385.0,,,,Excellent
2026-08-14,holder,c_l887,c_l887,Comune di Specchia,6,385.0,,,,Excellent
2026-08-14,holder,pusv,pusv,Puglia Sviluppo SpA,8,385.0,,,,Excellent
2026-08-14,holder,adisu,adisu,Adisu,12,385.0,,,,Excellent
2026-08-14,holder,ipres,ipres,IPRES,51,385.0,,,,Excellent
2026-08-14,holder,c_a281,c_a281,Comune di Andrano,3,385.0,,,,Excellent
2026-08-14,holder,c_e038,c_e038,Comune di Gioia del Colle,5,385.0,,,,Excellent
2026-08-14,holder,c_f881,c_f881,Comune di Neviano,3,385.0,,,,Excellent
2026-08-14,holder,c_b690,c_b690,Comune di Caprarica di Lecce,3,385.0,,,,Excellent
2026-08-14,holder,crpuglia,crpuglia,Consiglio Regionale della Puglia,1,385.0,,,,Excellent
2026-08-14,holder,c_b822,c_b822,Comune di Carpignano Salentino,4,385.0,,,,Excellent
2026-08-14,holder,c_f027,c_f027,Comune di Massafra,38,384.21,,,,Excellent
2026-08-14,holder,artpp,artpp,ARET - Pugliapromozione,23,384.13,,,,Excellent
2026-08-14,holder,r_puglia,r_puglia,Regione Puglia,247,383.91,,,,Excellent
2026-08-14,holder,c_d863,c_d863,Comune di Galatone,39,379.62,,,,Excellent
2026-08-14,holder,c_l328,c_l328,Città di Trani,5,379.0,,,,Excellent
2026-08-14,holder,ato_pu,ato_pu,Autorità idrica Pugliese (AIP),13,375.77,,,,Excellent
2026-08-14,holder,c_c978,c_c978,Comune di Copertino,16,375.0,,,,Excellent
2026-08-14,holder,c_a874,c_a874,Comune di Binetto,3,375.0,,,,Excellent
2026-08-14,holder,arpap,arpap,ARPA Puglia ,21,371.67,,,,Excellent
2026-08-14,holder,arsls,arsls,Agenzia Regionale Strategica per la Salute ed il Sociale,75,366.87,,,,Excellent
2026-08-14,holder,c_h985,c_h985,Comune di San Marco in Lamis,10,363.0,,,,Excellent
2026-08-14,holder,c_g251,c_g251,Comune di Palagianello,3,358.33,,,,Excellent
2026-08-14,holder,05487980723,05487980723,AMIU,8,355.0,,,,Excellent
2026-08-14,holder,cciaa_le,cciaa_le,Camera di Commercio di Lecce,450,353.51,,,,Excellent
2026-08-14,holder,c_a662,c_a662,Comune di Bari,158,351.96,,,,Excellent
2026-08-14,holder,c_e506,c_e506,Comune di Lecce,474,351.6,,,,Excellent
2026-08-14,holder,c_e986,c_e986,Comune di Martina Franca,32,349.38,,,,Good
2026-08-14,holder,c_g098,c_g098,Comune di Oria,21,347.86,,,,Good
2026-08-14,holder,c_e471,c_e471,Comune di Latiano,9,338.33,,,,Good
2026-08-14,holder,c_d171,c_d171,Comune di Crispiano,36,335.56,,,,Good
2026-08-14,holder,c_f816,c_f816,Comune di Muro Leccese,12,335.0,,,,Good
2026-08-14,holder,c_a893,c_a893,Comune di Bitonto,55,326.82,,,,Good
2026-08-14,holder,c_f563,c_f563,Comune di Montemesola,40,305.0,,,,Good
2026-08-14,holder,c_i950,c_i950,Comune di Sternatia,3,305.0,,,,Good
2026-08-15,holder,iacp_ba,iacp_ba,Arca - Puglia Centrale,4,395.0,,,,Excellent
2026-08-15,holder,asl_vvta,asl_vvta,ASL TARANTO,15,386.33,,,,Excellent
2026-08-15,holder,arlpa,arlpa,ARPAL,6,385.0,,,,Excellent
2026-08-15,holder,c_f916,c_f916,Comune di Nociglia,3,385.0,,,,Excellent
2026-08-15,holder,asl_br,asl_br,ASL BRINDISI,1,385.0,,,,Excellent
2026-08-15,holder,c_d223,c_d223,Comune di Cursi,4,385.0,,,,Excellent
2026-08-15,holder,c_l172,c_l172,Comune di Santa Cesarea Terme,4,385.0,,,,Excellent
2026-08-15,holder,c_f221,c_f221,Comune di Minervino di Lecce,5,385.0,,,,Excellent
2026-08-15,holder,c_m187,c_m187,Comune di Zollino,3,385.0,,,,Excellent
2026-08-15,holder,c_l010,c_l010,Comune di Surano,3,385.0,,,,Excellent
2026-08-15,holder,c_f117,c_f117,Comune di Melpignano,8,385.0,,,,Excellent
2026-08-15,holder,arltl_0,arltl_0,ARTI Puglia,13,385.0,,,,Excellent
2026-08-15,holder,asset,asset,ASSET Puglia,28,385.0,,,,Excellent
2026-08-15,holder,c_b584,c_b584,Comune di Candela,4,385.0,,,,Excellent
2026-08-15,holder,c_l115,c_l115,Comune di San Pietro in Lama,3,385.0,,,,Excellent
2026-08-15,holder,c_e882,c_e882,Comune di Manduria,5,385.0,,,,Excellent
2026-08-15,holder,c_f194,c_f194,Comune di Miggiano,3,385.0,,,,Excellent
2026-08-15,holder,c_g291,c_g291,Comune Palo Del Colle,5,385.0,,,,Excellent
2026-08-15,holder,c_h096,c_h096,Città di Putignano,3,385.0,,,,Excellent
2026-08-15,holder,c_e053,c_e053,Comune di Giuggianello,4,385.0,,,,Excellent
2026-08-15,holder,c_l008,c_l008,Comune di Supersano,3,385.0,,,,Excellent
2026-08-15,holder,c_l887,c_l887,Comune di Specchia,6,385.0,,,,Excellent
2026-08-15,holder,pusv,pusv,Puglia Sviluppo SpA,8,385.0,,,,Excellent
2026-08-15,holder,adisu,adisu,Adisu,12,385.0,,,,Excellent
2026-08-15,holder,ipres,ipres,IPRES,51,385.0,,,,Excellent
2026-08-15,holder,c_a281,c_a281,Comune di Andrano,3,385.0,,,,Excellent
2026-08-15,holder,c_e038,c_e038,Comune di Gioia del Colle,5,385.0,,,,Excellent
2026-08-15,holder,c_f881,c_f881,Comune di Neviano,3,385.0,,,,Excellent
2026-08-15,holder,c_b690,c_b690,Comune di Caprarica di Lecce,3,385.0,,,,Excellent
2026-08-15,holder,crpuglia,crpuglia,Consiglio Regionale della Puglia,1,385.0,,,,Excellent
2026-08-15,holder,c_b822,c_b822,Comune di Carpignano Salentino,4,385.0,,,,Excellent
2026-08-15,holder,c_f027,c_f027,Comune di Massafra,38,384.21,,,,Excellent
2026-08-15,holder,artpp,artpp,ARET - Pugliapromozione,23,384.13,,,,Excellent
2026-08-15,holder,r_puglia,r_puglia,Regione Puglia,247,383.91,,,,Excellent
2026-08-15,holder,c_d863,c_d863,Comune di Galatone,39,379.62,,,,Excellent
2026-08-15,holder,c_l328,c_l328,Città di Trani,5,379.0,,,,Excellent
2026-08-15,holder,ato_pu,ato_pu,Autorità idrica Pugliese (AIP),13,375.77,,,,Excellent
2026-08-15,holder,c_c978,c_c978,Comune di Copertino,16,375.0,,,,Excellent
2026-08-15,holder,c_a874,c_a874,Comune di Binetto,3,375.0,,,,Excellent
2026-08-15,holder,arpap,arpap,ARPA Puglia ,21,371.67,,,,Excellent
2026-08-15,holder,arsls,arsls,Agenzia Regionale Strategica per la Salute ed il Sociale,75,366.87,,,,Excellent
2026-08-15,holder,c_h985,c_h985,Comune di San Marco in Lamis,10,363.0,,,,Excellent
2026-08-15,holder,c_g251,c_g251,Comune di Palagianello,3,358.33,,,,Excellent
2026-08-15,holder,05487980723,05487980723,AMIU,8,355.0,,,,Excellent
2026-08-15,holder,cciaa_le,cciaa_le,Camera di Commercio di Lecce,450,353.51,,,,Excellent
2026-08-15,holder,c_a662,c_a662,Comune di Bari,158,351.96,,,,Excellent
2026-08-15,holder,c_e506,c_e506,Comune di Lecce,474,351.6,,,,Excellent
2026-08-15,holder,c_e986,c_e986,Comune di Martina Franca,32,349.38,,,,Good
2026-08-15,holder,c_g098,c_g098,Comune di Oria,21,347.86,,,,Good
2026-08-15,holder,c_e471,c_e471,Comune di Latiano,9,338.33,,,,Good
2026-08-15,holder,c_d171,c_d171,Comune di Crispiano,36,335.56,,,,Good
2026-08-15,holder,c_f816,c_f816,Comune di Muro Leccese,12,335.0,,,,Good
2026-08-15,holder,c_a893,c_a893,Comune di Bitonto,55,326.82,,,,Good
2026-08-15,holder,c_f563,c_f563,Comune di Montemesola,40,305.0,,,,Good
2026-08-15,holder,c_i950,c_i950,Comune di Sternatia,3,305.0,,,,Good
2026-08-16,holder,iacp_ba,iacp_ba,Arca - Puglia Centrale,4,395.0,,,,Excellent
2026-08-16,holder,asl_vvta,asl_vvta,ASL TARANTO,15,386.33,,,,Excellent
2026-08-16,holder,arlpa,arlpa,ARPAL,6,385.0,,,,Excellent
2026-08-16,holder,c_f916,c_f916,Comune di Nociglia,3,385.0,,,,Excellent
2026-08-16,holder,asl_br,asl_br,ASL BRINDISI,1,385.0,,,,Excellent
2026-08-16,holder,c_d223,c_d223,Comune di Cursi,4,385.0,,,,Excellent
2026-08-16,holder,c_l172,c_l172,Comune di Santa Cesarea Terme,4,385.0,,,,Excellent
2026-08-16,holder,c_f221,c_f221,Comune di Minervino di Lecce,5,385.0,,,,Excellent
2026-08-16,holder,c_m187,c_m187,Comune di Zollino,3,385.0,,,,Excellent
2026-08-16,holder,c_l010,c_l010,Comune di Surano,3,385.0,,,,Excellent
2026-08-16,holder,c_f117,c_f117,Comune di Melpignano,8,385.0,,,,Excellent
2026-08-16,holder,arltl_0,arltl_0,ARTI Puglia,13,385.0,,,,Excellent
2026-08-16,holder,asset,asset,ASSET Puglia,28,385.0,,,,Excellent
2026-08-16,holder,c_b584,c_b584,Comune di Candela,4,385.0,,,,Excellent
2026-08-16,holder,c_l115,c_l115,Comune di San Pietro in Lama,3,385.0,,,,Excellent
2026-08-16,holder,c_e882,c_e882,Comune di Manduria,5,385.0,,,,Excellent
2026-08-16,holder,c_f194,c_f194,Comune di Miggiano,3,385.0,,,,Excellent
2026-08-16,holder,c_g291,c_g291,Comune Palo Del Colle,5,385.0,,,,Excellent
2026-08-16,holder,c_h096,c_h096,Città di Putignano,3,385.0,,,,Excellent
2026-08-16,holder,c_e053,c_e053,Comune di Giuggianello,4,385.0,,,,Excellent
2026-08-16,holder,c_l008,c_l008,Comune di Supersano,3,385.0,,,,Excellent
2026-08-16,holder,c_l887,c_l887,Comune di Specchia,6,385.0,,,,Excellent
2026-08-16,holder,pusv,pusv,Puglia Sviluppo SpA,8,385.0,,,,Excellent
2026-08-16,holder,adisu,adisu,Adisu,12,385.0,,,,Excellent
2026-08-16,holder,ipres,ipres,IPRES,51,385.0,,,,Excellent
2026-08-16,holder,c_a281,c_a281,Comune di Andrano,3,385.0,,,,Excellent
2026-08-16,holder,c_e038,c_e038,Comune di Gioia del Colle,5,385.0,,,,Excellent
2026-08-16,holder,c_f881,c_f881,Comune di Neviano,3,385.0,,,,Excellent
2026-08-16,holder,c_b690,c_b690,Comune di Caprarica di Lecce,3,385.0,,,,Excellent
2026-08-16,holder,crpuglia,crpuglia,Consiglio Regionale della Puglia,1,385.0,,,,Excellent
2026-08-16,holder,c_b822,c_b822,Comune di Carpignano Salentino,4,385.0,,,,Excellent
2026-08-16,holder,c_f027,c_f027,Comune di Massafra,38,384.21,,,,Excellent
2026-08-16,holder,artpp,artpp,ARET - Pugliapromozione,23,384.13,,,,Excellent
2026-08-16,holder,r_puglia,r_puglia,Regione Puglia,247,383.91,,,,Excellent
2026-08-16,holder,c_a893,c_a893,Comune di Bitonto,55,383.55,,,,Excellent
2026-08-16,holder,c_d863,c_d863,Comune di Galatone,39,379.62,,,,Excellent
2026-08-16,holder,c_l328,c_l328,Città di Trani,5,379.0,,,,Excellent
2026-08-16,holder,ato_pu,ato_pu,Autorità idrica Pugliese (AIP),13,375.77,,,,Excellent
2026-08-16,holder,c_a874,c_a874,Comune di Binetto,3,375.0,,,,Excellent
2026-08-16,holder,arpap,arpap,ARPA Puglia ,21,372.62,,,,Excellent
2026-08-16,holder,c_c978,c_c978,Comune di Copertino,16,371.88,,,,Excellent
2026-08-16,holder,arsls,arsls,Agenzia Regionale Strategica per la Salute ed il Sociale,75,366.87,,,,Excellent
2026-08-16,holder,c_h985,c_h985,Comune di San Marco in Lamis,10,363.0,,,,Excellent
2026-08-16,holder,c_g251,c_g251,Comune di Palagianello,3,358.33,,,,Excellent
2026-08-16,holder,cciaa_le,cciaa_le,Camera di Commercio di Lecce,450,354.4,,,,Excellent
2026-08-16,holder,c_e506,c_e506,Comune di Lecce,474,352.57,,,,Excellent
2026-08-16,holder,c_e986,c_e986,Comune di Martina Franca,32,349.38,,,,Good
2026-08-16,holder,c_g098,c_g098,Comune di Oria,21,347.86,,,,Good
2026-08-16,holder,c_e471,c_e471,Comune di Latiano,9,338.33,,,,Good
2026-08-16,holder,c_d171,c_d171,Comune di Crispiano,36,335.56,,,,Good
2026-08-16,holder,c_f816,c_f816,Comune di Muro Leccese,12,335.0,,,,Good
2026-08-16,holder,c_f563,c_f563,Comune di Montemesola,40,305.0,,,,Good
2026-08-16,holder,c_i950,c_i950,Comune di Sternatia,3,305.0,,,,Good
2026-08-16,holder,c_a662,c_a662,Comune di Bari,167,305.0,,,,Good
2026-08-17,holder,iacp_ba,iacp_ba,Arca - Puglia Centrale,4,395.0,,,,Excellent
2026-08-17,holder,asl_vvta,asl_vvta,ASL TARANTO,15,386.33,,,,Excellent
2026-08-17,holder,arlpa,arlpa,ARPAL,6,385.0,,,,Excellent
2026-08-17,holder,c_f916,c_f916,Comune di Nociglia,3,385.0,,,,Excellent
2026-08-17,holder,asl_br,asl_br,ASL BRINDISI,1,385.0,,,,Excellent
2026-08-17,holder,c_d223,c_d223,Comune di Cursi,4,385.0,,,,Excellent
2026-08-17,holder,c_l172,c_l172,Comune di Santa Cesarea Terme,4,385.0,,,,Excellent
2026-08-17,holder,c_f221,c_f221,Comune di Minervino di Lecce,5,385.0,,,,Excellent
2026-08-17,holder,c_m187,c_m187,Comune di Zollino,3,385.0,,,,Excellent
2026-08-17,holder,c_l010,c_l010,Comune di Surano,3,385.0,,,,Excellent
2026-08-17,holder,c_f117,c_f117,Comune di Melpignano,8,385.0,,,,Excellent
2026-08-17,holder,arltl_0,arltl_0,ARTI Puglia,13,385.0,,,,Excellent
2026-08-17,holder,asset,asset,ASSET Puglia,28,385.0,,,,Excellent
2026-08-17,holder,c_b584,c_b584,Comune di Candela,4,385.0,,,,Excellent
2026-08-17,holder,c_l115,c_l115,Comune di San Pietro in Lama,3,385.0,,,,Excellent
2026-08-17,holder,c_e882,c_e882,Comune di Manduria,5,385.0,,,,Excellent
2026-08-17,holder,c_f194,c_f194,Comune di Miggiano,3,385.0,,,,Excellent
2026-08-17,holder,c_g291,c_g291,Comune Palo Del Colle,5,385.0,,,,Excellent
2026-08-17,holder,c_h096,c_h096,Città di Putignano,3,385.0,,,,Excellent
2026-08-17,holder,c_e053,c_e053,Comune di Giuggianello,4,385.0,,,,Excellent
2026-08-17,holder,c_l008,c_l008,Comune di Supersano,3,385.0,,,,Excellent
2026-08-17,holder,c_l887,c_l887,Comune di Specchia,6,385.0,,,,Excellent
2026-08-17,holder,pusv,pusv,Puglia Sviluppo SpA,8,385.0,,,,Excellent
2026-08-17,holder,adisu,adisu,Adisu,12,385.0,,,,Excellent
2026-08-17,holder,ipres,ipres,IPRES,51,385.0,,,,Excellent
2026-08-17,holder,c_a281,c_a281,Comune di Andrano,3,385.0,,,,Excellent
2026-08-17,holder,c_e038,c_e038,Comune di Gioia del Colle,5,385.0,,,,Excellent
2026-08-17,holder,c_f881,c_f881,Comune di Neviano,3,385.0,,,,Excellent
2026-08-17,holder,c_b690,c_b690,Comune di Caprarica di Lecce,3,385.0,,,,Excellent
2026-08-17,holder,crpuglia,crpuglia,Consiglio Regionale della Puglia,1,385.0,,,,Excellent
2026-08-17,holder,c_b822,c_b822,Comune di Carpignano Salentino,4,385.0,,,,Excellent
2026-08-17,holder,c_f027,c_f027,Comune di Massafra,38,384.21,,,,Excellent
2026-08-17,holder,artpp,artpp,ARET - Pugliapromozione,23,384.13,,,,Excellent
2026-08-17,holder,r_puglia,r_puglia,Regione Puglia,247,383.91,,,,Excellent
2026-08-17,holder,c_a893,c_a893,Comune di Bitonto,55,383.55,,,,Excellent
2026-08-17,holder,c_d863,c_d863,Comune di Galatone,39,379.62,,,,Excellent
2026-08-17,holder,c_l328,c_l328,Città di Trani,5,379.0,,,,Excellent
2026-08-17,holder,ato_pu,ato_pu,Autorità idrica Pugliese (AIP),13,375.77,,,,Excellent
2026-08-17,holder,c_a874,c_a874,Comune di Binetto,3,375.0,,,,Excellent
2026-08-17,holder,arpap,arpap,ARPA Puglia ,21,372.62,,,,Excellent
2026-08-17,holder,c_c978,c_c978,Comune di Copertino,16,371.88,,,,Excellent
2026-08-17,holder,arsls,arsls,Agenzia Regionale Strategica per la Salute ed il Sociale,75,366.87,,,,Excellent
2026-08-17,holder,c_h985,c_h985,Comune di San Marco in Lamis,10,363.0,,,,Excellent
2026-08-17,holder,c_g251,c_g251,Comune di Palagianello,3,358.33,,,,Excellent
2026-08-17,holder,cciaa_le,cciaa_le,Camera di Commercio di Lecce,450,354.4,,,,Excellent
2026-08-17,holder,c_e506,c_e506,Comune di Lecce,474,352.57,,,,Excellent
2026-08-17,holder,c_e986,c_e986,Comune di Martina Franca,32,349.38,,,,Good
2026-08-17,holder,c_g098,c_g098,Comune di Oria,21,347.86,,,,Good
2026-08-17,holder,c_e471,c_e471,Comune di Latiano,9,338.33,,,,Good
2026-08-17,holder,c_d171,c_d171,Comune di Crispiano,36,335.56,,,,Good
2026-08-17,holder,c_f816,c_f816,Comune di Muro Leccese,12,335.0,,,,Good
2026-08-17,holder,c_f563,c_f563,Comune di Montemesola,40,305.0,,,,Good
2026-08-17,holder,c_i950,c_i950,Comune di Sternatia,3,305.0,,,,Good
2026-08-17,holder,c_a662,c_a662,Comune di Bari,167,305.0,,,,Good
2026-08-18,holder,iacp_ba,iacp_ba,Arca - Puglia Centrale,4,395.0,,,,Excellent
2026-08-18,holder,asl_vvta,asl_vvta,ASL TARANTO,15,386.33,,,,Excellent
2026-08-18,holder,arlpa,arlpa,ARPAL,6,385.0,,,,Excellent
2026-08-18,holder,c_f916,c_f916,Comune di Nociglia,3,385.0,,,,Excellent
2026-08-18,holder,asl_br,asl_br,ASL BRINDISI,1,385.0,,,,Excellent
2026-08-18,holder,c_d223,c_d223,Comune di Cursi,4,385.0,,,,Excellent
2026-08-18,holder,c_l172,c_l172,Comune di Santa Cesarea Terme,4,385.0,,,,Excellent
2026-08-18,holder,c_f221,c_f221,Comune di Minervino di Lecce,5,385.0,,,,Excellent
2026-08-18,holder,c_m187,c_m187,Comune di Zollino,3,385.0,,,,Excellent
2026-08-18,holder,c_l010,c_l010,Comune di Surano,3,385.0,,,,Excellent
2026-08-18,holder,c_f117,c_f117,Comune di Melpignano,8,385.0,,,,Excellent
2026-08-18,holder,arltl_0,arltl_0,ARTI Puglia,13,385.0,,,,Excellent
2026-08-18,holder,asset,asset,ASSET Puglia,28,385.0,,,,Excellent
2026-08-18,holder,c_b584,c_b584,Comune di Candela,4,385.0,,,,Excellent
2026-08-18,holder,c_l115,c_l115,Comune di San Pietro in Lama,3,385.0,,,,Excellent
2026-08-18,holder,c_e882,c_e882,Comune di Manduria,5,385.0,,,,Excellent
2026-08-18,holder,c_f194,c_f194,Comune di Miggiano,3,385.0,,,,Excellent
2026-08-18,holder,c_g291,c_g291,Comune Palo Del Colle,5,385.0,,,,Excellent
2026-08-18,holder,c_h096,c_h096,Città di Putignano,3,385.0,,,,Excellent
2026-08-18,holder,c_e053,c_e053,Comune di Giuggianello,4,385.0,,,,Excellent
2026-08-18,holder,c_l008,c_l008,Comune di Supersano,3,385.0,,,,Excellent
2026-08-18,holder,c_l887,c_l887,Comune di Specchia,6,385.0,,,,Excellent
2026-08-18,holder,pusv,pusv,Puglia Sviluppo SpA,8,385.0,,,,Excellent
2026-08-18,holder,adisu,adisu,Adisu,12,385.0,,,,Excellent
2026-08-18,holder,ipres,ipres,IPRES,51,385.0,,,,Excellent
2026-08-18,holder,c_a281,c_a281,Comune di Andrano,3,385.0,,,,Excellent
2026-08-18,holder,c_e038,c_e038,Comune di Gioia del Colle,5,385.0,,,,Excellent
2026-08-18,holder,c_f881,c_f881,Comune di Neviano,3,385.0,,,,Excellent
2026-08-18,holder,c_b690,c_b690,Comune di Caprarica di Lecce,3,385.0,,,,Excellent
2026-08-18,holder,crpuglia,crpuglia,Consiglio Regionale della Puglia,1,385.0,,,,Excellent
2026-08-18,holder,c_b822,c_b822,Comune di Carpignano Salentino,4,385.0,,,,Excellent
2026-08-18,holder,c_f027,c_f027,Comune di Massafra,38,384.21,,,,Excellent
2026-08-18,holder,artpp,artpp,ARET - Pugliapromozione,23,384.13,,,,Excellent
2026-08-18,holder,r_puglia,r_puglia,Regione Puglia,247,383.91,,,,Excellent
2026-08-18,holder,c_a893,c_a893,Comune di Bitonto,55,383.55,,,,Excellent
2026-08-18,holder,c_d863,c_d863,Comune di Galatone,39,379.62,,,,Excellent
2026-08-18,holder,c_l328,c_l328,Città di Trani,5,379.0,,,,Excellent
2026-08-18,holder,ato_pu,ato_pu,Autorità idrica Pugliese (AIP),13,375.77,,,,Excellent
2026-08-18,holder,c_a874,c_a874,Comune di Binetto,3,375.0,,,,Excellent
2026-08-18,holder,arpap,arpap,ARPA Puglia ,21,372.62,,,,Excellent
2026-08-18,holder,c_c978,c_c978,Comune di Copertino,16,371.88,,,,Excellent
2026-08-18,holder,arsls,arsls,Agenzia Regionale Strategica per la Salute ed il Sociale,75,366.87,,,,Excellent
2026-08-18,holder,c_h985,c_h985,Comune di San Marco in Lamis,10,363.0,,,,Excellent
2026-08-18,holder,c_g251,c_g251,Comune di Palagianello,3,358.33,,,,Excellent
2026-08-18,holder,cciaa_le,cciaa_le,Camera di Commercio di Lecce,450,354.4,,,,Excellent
2026-08-18,holder,c_e506,c_e506,Comune di Lecce,474,352.57,,,,Excellent
2026-08-18,holder,c_e986,c_e986,Comune di Martina Franca,32,349.38,,,,Good
2026-08-18,holder,c_g098,c_g098,Comune di Oria,21,347.86,,,,Good
2026-08-18,holder,c_e471,c_e471,Comune di Latiano,9,338.33,,,,Good
2026-08-18,holder,c_d171,c_d171,Comune di Crispiano,36,335.56,,,,Good
2026-08-18,holder,c_f816,c_f816,Comune di Muro Leccese,12,335.0,,,,Good
2026-08-18,holder,c_f563,c_f563,Comune di Montemesola,40,305.0,,,,Good
2026-08-18,holder,c_i950,c_i950,Comune di Sternatia,3,305.0,,,,Good
2026-08-18,holder,c_a662,c_a662,Comune di Bari,167,305.0,,,,Good
2026-08-19,holder,iacp_ba,iacp_ba,Arca - Puglia Centrale,4,395.0,,,,Excellent
2026-08-19,holder,asl_vvta,asl_vvta,ASL TARANTO,15,386.33,,,,Excellent
2026-08-19,holder,arlpa,arlpa,ARPAL,6,385.0,,,,Excellent
2026-08-19,holder,c_f916,c_f916,Comune di Nociglia,3,385.0,,,,Excellent
2026-08-19,holder,asl_br,asl_br,ASL BRINDISI,1,385.0,,,,Excellent
2026-08-19,holder,c_d223,c_d223,Comune di Cursi,4,385.0,,,,Excellent
2026-08-19,holder,c_l172,c_l172,Comune di Santa Cesarea Terme,4,385.0,,,,Excellent
2026-08-19,holder,c_f221,c_f221,Comune di Minervino di Lecce,5,385.0,,,,Excellent
2026-08-19,holder,c_m187,c_m187,Comune di Zollino,3,385.0,,,,Excellent
2026-08-19,holder,c_l010,c_l010,Comune di Surano,3,385.0,,,,Excellent
2026-08-19,holder,c_f117,c_f117,Comune di Melpignano,8,385.0,,,,Excellent
2026-08-19,holder,arltl_0,arltl_0,ARTI Puglia,13,385.0,,,,Excellent
2026-08-19,holder,asset,asset,ASSET Puglia,28,385.0,,,,Excellent
2026-08-19,holder,c_b584,c_b584,Comune di Candela,4,385.0,,,,Excellent
2026-08-19,holder,c_l115,c_l115,Comune di San Pietro in Lama,3,385.0,,,,Excellent
2026-08-19,holder,c_e882,c_e882,Comune di Manduria,5,385.0,,,,Excellent
2026-08-19,holder,c_f194,c_f194,Comune di Miggiano,3,385.0,,,,Excellent
2026-08-19,holder,c_g291,c_g291,Comune Palo Del Colle,5,385.0,,,,Excellent
2026-08-19,holder,c_h096,c_h096,Città di Putignano,3,385.0,,,,Excellent
2026-08-19,holder,c_e053,c_e053,Comune di Giuggianello,4,385.0,,,,Excellent
2026-08-19,holder,c_l008,c_l008,Comune di Supersano,3,385.0,,,,Excellent
2026-08-19,holder,c_l887,c_l887,Comune di Specchia,6,385.0,,,,Excellent
2026-08-19,holder,pusv,pusv,Puglia Sviluppo SpA,8,385.0,,,,Excellent
2026-08-19,holder,adisu,adisu,Adisu,12,385.0,,,,Excellent
2026-08-19,holder,ipres,ipres,IPRES,51,385.0,,,,Excellent
2026-08-19,holder,c_a281,c_a281,Comune di Andrano,3,385.0,,,,Excellent
2026-08-19,holder,c_e038,c_e038,Comune di Gioia del Colle,5,385.0,,,,Excellent
2026-08-19,holder,c_f881,c_f881,Comune di Neviano,3,385.0,,,,Excellent
2026-08-19,holder,c_b690,c_b690,Comune di Caprarica di Lecce,3,385.0,,,,Excellent
2026-08-19,holder,crpuglia,crpuglia,Consiglio Regionale della Puglia,1,385.0,,,,Excellent
2026-08-19,holder,c_b822,c_b822,Comune di Carpignano Salentino,4,385.0,,,,Excellent
2026-08-19,holder,c_f027,c_f027,Comune di Massafra,38,384.21,,,,Excellent
2026-08-19,holder,artpp,artpp,ARET - Pugliapromozione,23,384.13,,,,Excellent
2026-08-19,holder,r_puglia,r_puglia,Regione Puglia,247,383.91,,,,Excellent
2026-08-19,holder,c_a893,c_a893,Comune di Bitonto,55,383.55,,,,Excellent
2026-08-19,holder,c_d863,c_d863,Comune di Galatone,39,379.62,,,,Excellent
2026-08-19,holder,c_l328,c_l328,Città di Trani,5,379.0,,,,Excellent
2026-08-19,holder,ato_pu,ato_pu,Autorità idrica Pugliese (AIP),13,375.77,,,,Excellent
2026-08-19,holder,c_a874,c_a874,Comune di Binetto,3,375.0,,,,Excellent
2026-08-19,holder,arpap,arpap,ARPA Puglia ,21,372.62,,,,Excellent
2026-08-19,holder,c_c978,c_c978,Comune di Copertino,16,371.88,,,,Excellent
2026-08-19,holder,arsls,arsls,Agenzia Regionale Strategica per la Salute ed il Sociale,75,366.87,,,,Excellent
2026-08-19,holder,c_h985,c_h985,Comune di San Marco in Lamis,10,363.0,,,,Excellent
2026-08-19,holder,c_g251,c_g251,Comune di Palagianello,3,358.33,,,,Excellent
2026-08-19,holder,cciaa_le,cciaa_le,Camera di Commercio di Lecce,450,354.4,,,,Excellent
2026-08-19,holder,c_e506,c_e506,Comune di Lecce,474,352.57,,,,Excellent
2026-08-19,holder,c_e986,c_e986,Comune di Martina Franca,32,349.38,,,,Good
2026-08-19,holder,c_g098,c_g098,Comune di Oria,21,347.86,,,,Good
2026-08-19,holder,c_e471,c_e471,Comune di Latiano,9,338.33,,,,Good
2026-08-19,holder,c_d171,c_d171,Comune di Crispiano,36,335.56,,,,Good
2026-08-19,holder,c_f816,c_f816,Comune di Muro Leccese,12,335.0,,,,Good
2026-08-19,holder,c_f563,c_f563,Comune di Montemesola,40,305.0,,,,Good
2026-08-19,holder,c_i950,c_i950,Comune di Sternatia,3,305.0,,,,Good
2026-08-19,holder,c_a662,c_a662,Comune di Bari,167,305.0,,,,Good
2026-08-20,holder,iacp_ba,iacp_ba,Arca - Puglia Centrale,4,395.0,,,,Excellent
2026-08-20,holder,asl_vvta,asl_vvta,ASL TARANTO,15,386.33,,,,Excellent
2026-08-20,holder,arlpa,arlpa,ARPAL,6,385.0,,,,Excellent
2026-08-20,holder,c_f916,c_f916,Comune di Nociglia,3,385.0,,,,Excellent
2026-08-20,holder,asl_br,asl_br,ASL BRINDISI,1,385.0,,,,Excellent
2026-08-20,holder,c_d223,c_d223,Comune di Cursi,4,385.0,,,,Excellent
2026-08-20,holder,c_l172,c_l172,Comune di Santa Cesarea Terme,4,385.0,,,,Excellent
2026-08-20,holder,c_f221,c_f221,Comune di Minervino di Lecce,5,385.0,,,,Excellent
2026-08-20,holder,c_m187,c_m187,Comune di Zollino,3,385.0,,,,Excellent
2026-08-20,holder,c_l010,c_l010,Comune di Surano,3,385.0,,,,Excellent
2026-08-20,holder,c_f117,c_f117,Comune di Melpignano,8,385.0,,,,Excellent
2026-08-20,holder,arltl_0,arltl_0,ARTI Puglia,13,385.0,,,,Excellent
2026-08-20,holder,asset,asset,ASSET Puglia,28,385.0,,,,Excellent
2026-08-20,holder,c_b584,c_b584,Comune di Candela,4,385.0,,,,Excellent
2026-08-20,holder,c_l115,c_l115,Comune di San Pietro in Lama,3,385.0,,,,Excellent
2026-08-20,holder,c_e882,c_e882,Comune di Manduria,5,385.0,,,,Excellent
2026-08-20,holder,c_f194,c_f194,Comune di Miggiano,3,385.0,,,,Excellent
2026-08-20,holder,c_g291,c_g291,Comune Palo Del Colle,5,385.0,,,,Excellent
2026-08-20,holder,c_h096,c_h096,Città di Putignano,3,385.0,,,,Excellent
2026-08-20,holder,c_e053,c_e053,Comune di Giuggianello,4,385.0,,,,Excellent
2026-08-20,holder,c_l008,c_l008,Comune di Supersano,3,385.0,,,,Excellent
2026-08-20,holder,c_l887,c_l887,Comune di Specchia,6,385.0,,,,Excellent
2026-08-20,holder,pusv,pusv,Puglia Sviluppo SpA,8,385.0,,,,Excellent
2026-08-20,holder,adisu,adisu,Adisu,12,385.0,,,,Excellent
2026-08-20,holder,ipres,ipres,IPRES,51,385.0,,,,Excellent
2026-08-20,holder,c_a281,c_a281,Comune di Andrano,3,385.0,,,,Excellent
2026-08-20,holder,c_e038,c_e038,Comune di Gioia del Colle,5,385.0,,,,Excellent
2026-08-20,holder,c_f881,c_f881,Comune di Neviano,3,385.0,,,,Excellent
2026-08-20,holder,c_b690,c_b690,Comune di Caprarica di Lecce,3,385.0,,,,Excellent
2026-08-20,holder,crpuglia,crpuglia,Consiglio Regionale della Puglia,1,385.0,,,,Excellent
2026-08-20,holder,c_b822,c_b822,Comune di Carpignano Salentino,4,385.0,,,,Excellent
2026-08-20,holder,c_f027,c_f027,Comune di Massafra,38,384.21,,,,Excellent
2026-08-20,holder,artpp,artpp,ARET - Pugliapromozione,23,384.13,,,,Excellent
2026-08-20,holder,r_puglia,r_puglia,Regione Puglia,247,383.91,,,,Excellent
2026-08-20,holder,c_a893,c_a893,Comune di Bitonto,55,383.55,,,,Excellent
2026-08-20,holder,c_d863,c_d863,Comune di Galatone,39,379.62,,,,Excellent
2026-08-20,holder,c_l328,c_l328,Città di Trani,5,379.0,,,,Excellent
2026-08-20,holder,ato_pu,ato_pu,Autorità idrica Pugliese (AIP),13,375.77,,,,Excellent
2026-08-20,holder,c_a874,c_a874,Comune di Binetto,3,375.0,,,,Excellent
2026-08-20,holder,arpap,arpap,ARPA Puglia ,21,372.62,,,,Excellent
2026-08-20,holder,c_c978,c_c978,Comune di Copertino,16,371.88,,,,Excellent
2026-08-20,holder,arsls,arsls,Agenzia Regionale Strategica per la Salute ed il Sociale,75,366.87,,,,Excellent
2026-08-20,holder,c_h985,c_h985,Comune di San Marco in Lamis,10,363.0,,,,Excellent
2026-08-20,holder,c_g251,c_g251,Comune di Palagianello,3,358.33,,,,Excellent
2026-08-20,holder,cciaa_le,cciaa_le,Camera di Commercio di Lecce,450,354.4,,,,Excellent
2026-08-20,holder,c_e506,c_e506,Comune di Lecce,474,352.57,,,,Excellent
2026-08-20,holder,c_e986,c_e986,Comune di Martina Franca,32,349.38,,,,Good
2026-08-20,holder,c_g098,c_g098,Comune di Oria,21,347.86,,,,Good
2026-08-20,holder,c_e471,c_e471,Comune di Latiano,9,338.33,,,,Good
2026-08-20,holder,c_d171,c_d171,Comune di Crispiano,36,335.56,,,,Good
2026-08-20,holder,c_f816,c_f816,Comune di Muro Leccese,12,335.0,,,,Good
2026-08-20,holder,c_f563,c_f563,Comune di Montemesola,40,305.0,,,,Good
2026-08-20,holder,c_i950,c_i950,Comune di Sternatia,3,305.0,,,,Good
2026-08-20,holder,c_a662,c_a662,Comune di Bari,167,305.0,,,,Good
2026-08-21,holder,iacp_ba,iacp_ba,Arca - Puglia Centrale,4,395.0,,,,Excellent
2026-08-21,holder,asl_vvta,asl_vvta,ASL TARANTO,15,386.33,,,,Excellent
2026-08-21,holder,arlpa,arlpa,ARPAL,6,385.0,,,,Excellent
2026-08-21,holder,c_f916,c_f916,Comune di Nociglia,3,385.0,,,,Excellent
2026-08-21,holder,asl_br,asl_br,ASL BRINDISI,1,385.0,,,,Excellent
2026-08-21,holder,c_d223,c_d223,Comune di Cursi,4,385.0,,,,Excellent
2026-08-21,holder,c_l172,c_l172,Comune di Santa Cesarea Terme,4,385.0,,,,Excellent
2026-08-21,holder,c_f221,c_f221,Comune di Minervino di Lecce,5,385.0,,,,Excellent
2026-08-21,holder,c_m187,c_m187,Comune di Zollino,3,385.0,,,,Excellent
2026-08-21,holder,c_l010,c_l010,Comune di Surano,3,385.0,,,,Excellent
2026-08-21,holder,c_f117,c_f117,Comune di Melpignano,8,385.0,,,,Excellent
2026-08-21,holder,arltl_0,arltl_0,ARTI Puglia,13,385.0,,,,Excellent
2026-08-21,holder,asset,asset,ASSET Puglia,28,385.0,,,,Excellent
2026-08-21,holder,c_b584,c_b584,Comune di Candela,4,385.0,,,,Excellent
2026-08-21,holder,c_l115,c_l115,Comune di San Pietro in Lama,3,385.0,,,,Excellent
2026-08-21,holder,c_e882,c_e882,Comune di Manduria,5,385.0,,,,Excellent
2026-08-21,holder,c_f194,c_f194,Comune di Miggiano,3,385.0,,,,Excellent
2026-08-21,holder,c_g291,c_g291,Comune Palo Del Colle,5,385.0,,,,Excellent
2026-08-21,holder,c_h096,c_h096,Città di Putignano,3,385.0,,,,Excellent
2026-08-21,holder,c_e053,c_e053,Comune di Giuggianello,4,385.0,,,,Excellent
2026-08-21,holder,c_l008,c_l008,Comune di Supersano,3,385.0,,,,Excellent
2026-08-21,holder,c_l887,c_l887,Comune di Specchia,6,385.0,,,,Excellent
2026-08-21,holder,pusv,pusv,Puglia Sviluppo SpA,8,385.0,,,,Excellent
2026-08-21,holder,adisu,adisu,Adisu,12,385.0,,,,Excellent
2026-08-21,holder,ipres,ipres,IPRES,51,385.0,,,,Excellent
2026-08-21,holder,c_a281,c_a281,Comune di Andrano,3,385.0,,,,Excellent
2026-08-21,holder,c_e038,c_e038,Comune di Gioia del Colle,5,385.0,,,,Excellent
2026-08-21,holder,c_f881,c_f881,Comune di Neviano,3,385.0,,,,Excellent
2026-08-21,holder,c_b690,c_b690,Comune di Caprarica di Lecce,3,385.0,,,,Excellent
2026-08-21,holder,crpuglia,crpuglia,Consiglio Regionale della Puglia,1,385.0,,,,Excellent
2026-08-21,holder,c_b822,c_b822,Comune di Carpignano Salentino,4,385.0,,,,Excellent
2026-08-21,holder,c_f027,c_f027,Comune di Massafra,38,384.21,,,,Excellent
2026-08-21,holder,artpp,artpp,ARET - Pugliapromozione,23,384.13,,,,Excellent
2026-08-21,holder,r_puglia,r_puglia,Regione Puglia,247,383.91,,,,Excellent
2026-08-21,holder,c_a893,c_a893,Comune di Bitonto,55,383.55,,,,Excellent
2026-08-21,holder,c_d863,c_d863,Comune di Galatone,39,379.62,,,,Excellent
2026-08-21,holder,c_l328,c_l328,Città di Trani,5,379.0,,,,Excellent
2026-08-21,holder,ato_pu,ato_pu,Autorità idrica Pugliese (AIP),13,375.77,,,,Excellent
2026-08-21,holder,c_a874,c_a874,Comune di Binetto,3,375.0,,,,Excellent
2026-08-21,holder,arpap,arpap,ARPA Puglia ,21,372.62,,,,Excellent
2026-08-21,holder,c_c978,c_c978,Comune di Copertino,16,371.88,,,,Excellent
2026-08-21,holder,arsls,arsls,Agenzia Regionale Strategica per la Salute ed il Sociale,75,366.87,,,,Excellent
2026-08-21,holder,c_h985,c_h985,Comune di San Marco in Lamis,10,363.0,,,,Excellent
2026-08-21,holder,c_g251,c_g251,Comune di Palagianello,3,358.33,,,,Excellent
2026-08-21,holder,cciaa_le,cciaa_le,Camera di Commercio di Lecce,450,354.4,,,,Excellent
2026-08-21,holder,c_e506,c_e506,Comune di Lecce,474,352.57,,,,Excellent
2026-08-21,holder,c_e986,c_e986,Comune di Martina Franca,32,349.38,,,,Good
2026-08-21,holder,c_g098,c_g098,Comune di Oria,21,347.86,,,,Good
2026-08-21,holder,c_e471,c_e471,Comune di Latiano,9,338.33,,,,Good
2026-08-21,holder,c_d171,c_d171,Comune di Crispiano,36,335.56,,,,Good
2026-08-21,holder,c_f816,c_f816,Comune di Muro Leccese,12,335.0,,,,Good
2026-08-21,holder,c_f563,c_f563,Comune di Montemesola,40,305.0,,,,Good
2026-08-21,holder,c_i950,c_i950,Comune di Sternatia,3,305.0,,,,Good
2026-08-21,holder,c_a662,c_a662,Comune di Bari,167,305.0,,,,Good
2026-08-22,holder,iacp_ba,iacp_ba,Arca - Puglia Centrale,4,395.0,,,,Excellent
2026-08-22,holder,asl_vvta,asl_vvta,ASL TARANTO,15,386.33,,,,Excellent
2026-08-22,holder,arlpa,arlpa,ARPAL,6,385.0,,,,Excellent
2026-08-22,holder,c_f916,c_f916,Comune di Nociglia,3,385.0,,,,Excellent
2026-08-22,holder,asl_br,asl_br,ASL BRINDISI,1,385.0,,,,Excellent
2026-08-22,holder,c_d223,c_d223,Comune di Cursi,4,385.0,,,,Excellent
2026-08-22,holder,c_l172,c_l172,Comune di Santa Cesarea Terme,4,385.0,,,,Excellent
2026-08-22,holder,c_f221,c_f221,Comune di Minervino di Lecce,5,385.0,,,,Excellent
2026-08-22,holder,c_m187,c_m187,Comune di Zollino,3,385.0,,,,Excellent
2026-08-22,holder,c_l010,c_l010,Comune di Surano,3,385.0,,,,Excellent
2026-08-22,holder,c_f117,c_f117,Comune di Melpignano,8,385.0,,,,Excellent
2026-08-22,holder,arltl_0,arltl_0,ARTI Puglia,13,385.0,,,,Excellent
2026-08-22,holder,asset,asset,ASSET Puglia,28,385.0,,,,Excellent
2026-08-22,holder,c_b584,c_b584,Comune di Candela,4,385.0,,,,Excellent
2026-08-22,holder,c_l115,c_l115,Comune di San Pietro in Lama,3,385.0,,,,Excellent
2026-08-22,holder,c_e882,c_e882,Comune di Manduria,5,385.0,,,,Excellent
2026-08-22,holder,c_f194,c_f194,Comune di Miggiano,3,385.0,,,,Excellent
2026-08-22,holder,c_g291,c_g291,Comune Palo Del Colle,5,385.0,,,,Excellent
2026-08-22,holder,c_h096,c_h096,Città di Putignano,3,385.0,,,,Excellent
2026-08-22,holder,c_e053,c_e053,Comune di Giuggianello,4,385.0,,,,Excellent
2026-08-22,holder,c_l008,c_l008,Comune di Supersano,3,385.0,,,,Excellent
2026-08-22,holder,c_l887,c_l887,Comune di Specchia,6,385.0,,,,Excellent
2026-08-22,holder,pusv,pusv,Puglia Sviluppo SpA,8,385.0,,,,Excellent
2026-08-22,holder,adisu,adisu,Adisu,12,385.0,,,,Excellent
2026-08-22,holder,ipres,ipres,IPRES,51,385.0,,,,Excellent
2026-08-22,holder,c_a281,c_a281,Comune di Andrano,3,385.0,,,,Excellent
2026-08-22,holder,c_e038,c_e038,Comune di Gioia del Colle,5,385.0,,,,Excellent
2026-08-22,holder,c_f881,c_f881,Comune di Neviano,3,385.0,,,,Excellent
2026-08-22,holder,c_b690,c_b690,Comune di Caprarica di Lecce,3,385.0,,,,Excellent
2026-08-22,holder,crpuglia,crpuglia,Consiglio Regionale della Puglia,1,385.0,,,,Excellent
2026-08-22,holder,c_b822,c_b822,Comune di Carpignano Salentino,4,385.0,,,,Excellent
2026-08-22,holder,c_f027,c_f027,Comune di Massafra,38,384.21,,,,Excellent
2026-08-22,holder,artpp,artpp,ARET - Pugliapromozione,23,384.13,,,,Excellent
2026-08-22,holder,r_puglia,r_puglia,Regione Puglia,247,383.91,,,,Excellent
2026-08-22,holder,c_a893,c_a893,Comune di Bitonto,55,383.55,,,,Excellent
2026-08-22,holder,c_d863,c_d863,Comune di Galatone,39,379.62,,,,Excellent
2026-08-22,holder,c_l328,c_l328,Città di Trani,5,379.0,,,,Excellent
2026-08-22,holder,ato_pu,ato_pu,Autorità idrica Pugliese (AIP),13,375.77,,,,Excellent
2026-08-22,holder,c_a874,c_a874,Comune di Binetto,3,375.0,,,,Excellent
2026-08-22,holder,arpap,arpap,ARPA Puglia ,21,372.62,,,,Excellent
2026-08-22,holder,c_c978,c_c978,Comune di Copertino,16,371.88,,,,Excellent
2026-08-22,holder,arsls,arsls,Agenzia Regionale Strategica per la Salute ed il Sociale,75,366.87,,,,Excellent
2026-08-22,holder,c_h985,c_h985,Comune di San Marco in Lamis,10,363.0,,,,Excellent
2026-08-22,holder,c_g251,c_g251,Comune di Palagianello,3,358.33,,,,Excellent
2026-08-22,holder,cciaa_le,cciaa_le,Camera di Commercio di Lecce,450,354.4,,,,Excellent
2026-08-22,holder,c_e506,c_e506,Comune di Lecce,474,352.57,,,,Excellent
2026-08-22,holder,c_e986,c_e986,Comune di Martina Franca,32,349.38,,,,Good
2026-08-22,holder,c_g098,c_g098,Comune di Oria,21,347.86,,,,Good
2026-08-22,holder,c_e471,c_e471,Comune di Latiano,9,338.33,,,,Good
2026-08-22,holder,c_d171,c_d171,Comune di Crispiano,36,335.56,,,,Good
2026-08-22,holder,c_f816,c_f816,Comune di Muro Leccese,12,335.0,,,,Good
2026-08-22,holder,c_f563,c_f563,Comune di Montemesola,40,305.0,,,,Good
2026-08-22,holder,c_i950,c_i950,Comune di Sternatia,3,305.0,,,,Good
2026-08-22,holder,c_a662,c_a662,Comune di Bari,167,304.88,,,,Good
2026-08-23,holder,iacp_ba,iacp_ba,Arca - Puglia Centrale,4,395.0,,,,Excellent
2026-08-23,holder,asl_vvta,asl_vvta,ASL TARANTO,15,386.33,,,,Excellent
2026-08-23,holder,arlpa,arlpa,ARPAL,6,385.0,,,,Excellent
2026-08-23,holder,c_f916,c_f916,Comune di Nociglia,3,385.0,,,,Excellent
2026-08-23,holder,asl_br,asl_br,ASL BRINDISI,1,385.0,,,,Excellent
2026-08-23,holder,c_d223,c_d223,Comune di Cursi,4,385.0,,,,Excellent
2026-08-23,holder,c_l172,c_l172,Comune di Santa Cesarea Terme,4,385.0,,,,Excellent
2026-08-23,holder,c_f221,c_f221,Comune di Minervino di Lecce,5,385.0,,,,Excellent
2026-08-23,holder,c_m187,c_m187,Comune di Zollino,3,385.0,,,,Excellent
2026-08-23,holder,c_l010,c_l010,Comune di Surano,3,385.0,,,,Excellent
2026-08-23,holder,c_f117,c_f117,Comune di Melpignano,8,385.0,,,,Excellent
2026-08-23,holder,arltl_0,arltl_0,ARTI Puglia,13,385.0,,,,Excellent
2026-08-23,holder,asset,asset,ASSET Puglia,28,385.0,,,,Excellent
2026-08-23,holder,c_b584,c_b584,Comune di Candela,4,385.0,,,,Excellent
2026-08-23,holder,c_e882,c_e882,Comune di Manduria,5,385.0,,,,Excellent
2026-08-23,holder,c_f194,c_f194,Comune di Miggiano,3,385.0,,,,Excellent
2026-08-23,holder,c_g291,c_g291,Comune Palo Del Colle,5,385.0,,,,Excellent
2026-08-23,holder,c_h096,c_h096,Città di Putignano,3,385.0,,,,Excellent
2026-08-23,holder,c_e053,c_e053,Comune di Giuggianello,4,385.0,,,,Excellent
2026-08-23,holder,c_l008,c_l008,Comune di Supersano,3,385.0,,,,Excellent
2026-08-23,holder,c_l887,c_l887,Comune di Specchia,6,385.0,,,,Excellent
2026-08-23,holder,pusv,pusv,Puglia Sviluppo SpA,8,385.0,,,,Excellent
2026-08-23,holder,adisu,adisu,Adisu,12,385.0,,,,Excellent
2026-08-23,holder,ipres,ipres,IPRES,51,385.0,,,,Excellent
2026-08-23,holder,c_a281,c_a281,Comune di Andrano,3,385.0,,,,Excellent
2026-08-23,holder,c_e038,c_e038,Comune di Gioia del Colle,5,385.0,,,,Excellent
2026-08-23,holder,c_f881,c_f881,Comune di Neviano,3,385.0,,,,Excellent
2026-08-23,holder,c_b690,c_b690,Comune di Caprarica di Lecce,3,385.0,,,,Excellent
2026-08-23,holder,crpuglia,crpuglia,Consiglio Regionale della Puglia,1,385.0,,,,Excellent
2026-08-23,holder,c_b822,c_b822,Comune di Carpignano Salentino,4,385.0,,,,Excellent
2026-08-23,holder,c_f027,c_f027,Comune di Massafra,38,384.21,,,,Excellent
2026-08-23,holder,artpp,artpp,ARET - Pugliapromozione,23,384.13,,,,Excellent
2026-08-23,holder,r_puglia,r_puglia,Regione Puglia,247,383.91,,,,Excellent
2026-08-23,holder,c_a893,c_a893,Comune di Bitonto,55,383.55,,,,Excellent
2026-08-23,holder,c_d863,c_d863,Comune di Galatone,39,379.62,,,,Excellent
2026-08-23,holder,c_l328,c_l328,Città di Trani,5,379.0,,,,Excellent
2026-08-23,holder,ato_pu,ato_pu,Autorità idrica Pugliese (AIP),13,375.77,,,,Excellent
2026-08-23,holder,c_a874,c_a874,Comune di Binetto,3,375.0,,,,Excellent
2026-08-23,holder,arpap,arpap,ARPA Puglia ,21,372.62,,,,Excellent
2026-08-23,holder,c_c978,c_c978,Comune di Copertino,16,371.88,,,,Excellent
2026-08-23,holder,arsls,arsls,Agenzia Regionale Strategica per la Salute ed il Sociale,75,366.87,,,,Excellent
2026-08-23,holder,c_h985,c_h985,Comune di San Marco in Lamis,10,363.0,,,,Excellent
2026-08-23,holder,c_g251,c_g251,Comune di Palagianello,3,358.33,,,,Excellent
2026-08-23,holder,cciaa_le,cciaa_le,Camera di Commercio di Lecce,450,354.4,,,,Excellent
2026-08-23,holder,c_e506,c_e506,Comune di Lecce,474,352.57,,,,Excellent
2026-08-23,holder,c_e986,c_e986,Comune di Martina Franca,32,349.38,,,,Good
2026-08-23,holder,c_g098,c_g098,Comune di Oria,21,347.86,,,,Good
2026-08-23,holder,c_e471,c_e471,Comune di Latiano,9,338.33,,,,Good
2026-08-23,holder,c_d171,c_d171,Comune di Crispiano,36,335.56,,,,Good
2026-08-23,holder,c_f816,c_f816,Comune di Muro Leccese,12,335.0,,,,Good
2026-08-23,holder,c_f563,c_f563,Comune di Montemesola,40,305.0,,,,Good
2026-08-23,holder,c_i950,c_i950,Comune di Sternatia,3,305.0,,,,Good
2026-08-23,holder,c_a662,c_a662,Comune di Bari,167,305.0,,,,Good
2026-08-24,holder,iacp_ba,iacp_ba,Arca - Puglia Centrale,4,395.0,,,,Excellent
2026-08-24,holder,asl_vvta,asl_vvta,ASL TARANTO,15,386.33,,,,Excellent
2026-08-24,holder,arlpa,arlpa,ARPAL,6,385.0,,,,Excellent
2026-08-24,holder,c_f916,c_f916,Comune di Nociglia,3,385.0,,,,Excellent
2026-08-24,holder,asl_br,asl_br,ASL BRINDISI,1,385.0,,,,Excellent
2026-08-24,holder,c_d223,c_d223,Comune di Cursi,4,385.0,,,,Excellent
2026-08-24,holder,c_l172,c_l172,Comune di Santa Cesarea Terme,4,385.0,,,,Excellent
2026-08-24,holder,c_f221,c_f221,Comune di Minervino di Lecce,5,385.0,,,,Excellent
2026-08-24,holder,c_m187,c_m187,Comune di Zollino,3,385.0,,,,Excellent
2026-08-24,holder,c_l010,c_l010,Comune di Surano,3,385.0,,,,Excellent
2026-08-24,holder,c_f117,c_f117,Comune di Melpignano,8,385.0,,,,Excellent
2026-08-24,holder,arltl_0,arltl_0,ARTI Puglia,13,385.0,,,,Excellent
2026-08-24,holder,asset,asset,ASSET Puglia,28,385.0,,,,Excellent
2026-08-24,holder,c_b584,c_b584,Comune di Candela,4,385.0,,,,Excellent
2026-08-24,holder,c_e882,c_e882,Comune di Manduria,5,385.0,,,,Excellent
2026-08-24,holder,c_f194,c_f194,Comune di Miggiano,3,385.0,,,,Excellent
2026-08-24,holder,c_g291,c_g291,Comune Palo Del Colle,5,385.0,,,,Excellent
2026-08-24,holder,c_h096,c_h096,Città di Putignano,3,385.0,,,,Excellent
2026-08-24,holder,c_e053,c_e053,Comune di Giuggianello,4,385.0,,,,Excellent
2026-08-24,holder,c_l008,c_l008,Comune di Supersano,3,385.0,,,,Excellent
2026-08-24,holder,c_l887,c_l887,Comune di Specchia,6,385.0,,,,Excellent
2026-08-24,holder,pusv,pusv,Puglia Sviluppo SpA,8,385.0,,,,Excellent
2026-08-24,holder,adisu,adisu,Adisu,12,385.0,,,,Excellent
2026-08-24,holder,ipres,ipres,IPRES,51,385.0,,,,Excellent
2026-08-24,holder,c_a281,c_a281,Comune di Andrano,3,385.0,,,,Excellent
2026-08-24,holder,c_e038,c_e038,Comune di Gioia del Colle,5,385.0,,,,Excellent
2026-08-24,holder,c_f881,c_f881,Comune di Neviano,3,385.0,,,,Excellent
2026-08-24,holder,c_b690,c_b690,Comune di Caprarica di Lecce,3,385.0,,,,Excellent
2026-08-24,holder,crpuglia,crpuglia,Consiglio Regionale della Puglia,1,385.0,,,,Excellent
2026-08-24,holder,c_b822,c_b822,Comune di Carpignano Salentino,4,385.0,,,,Excellent
2026-08-24,holder,c_f027,c_f027,Comune di Massafra,38,384.21,,,,Excellent
2026-08-24,holder,artpp,artpp,ARET - Pugliapromozione,23,384.13,,,,Excellent
2026-08-24,holder,r_puglia,r_puglia,Regione Puglia,247,383.91,,,,Excellent
2026-08-24,holder,c_a893,c_a893,Comune di Bitonto,55,383.55,,,,Excellent
2026-08-24,holder,c_d863,c_d863,Comune di Galatone,39,379.62,,,,Excellent
2026-08-24,holder,c_l328,c_l328,Città di Trani,5,379.0,,,,Excellent
2026-08-24,holder,ato_pu,ato_pu,Autorità idrica Pugliese (AIP),13,375.77,,,,Excellent
2026-08-24,holder,c_a874,c_a874,Comune di Binetto,3,375.0,,,,Excellent
2026-08-24,holder,arpap,arpap,ARPA Puglia ,21,372.62,,,,Excellent
2026-08-24,holder,c_c978,c_c978,Comune di Copertino,16,371.88,,,,Excellent
2026-08-24,holder,arsls,arsls,Agenzia Regionale Strategica per la Salute ed il Sociale,75,366.87,,,,Excellent
2026-08-24,holder,c_h985,c_h985,Comune di San Marco in Lamis,10,363.0,,,,Excellent
2026-08-24,holder,c_g251,c_g251,Comune di Palagianello,3,358.33,,,,Excellent
2026-08-24,holder,cciaa_le,cciaa_le,Camera di Commercio di Lecce,450,354.4,,,,Excellent
2026-08-24,holder,c_e506,c_e506,Comune di Lecce,474,352.57,,,,Excellent
2026-08-24,holder,c_e986,c_e986,Comune di Martina Franca,32,349.38,,,,Good
2026-08-24,holder,c_g098,c_g098,Comune di Oria,21,347.86,,,,Good
2026-08-24,holder,c_e471,c_e471,Comune di Latiano,9,338.33,,,,Good
2026-08-24,holder,c_d171,c_d171,Comune di Crispiano,36,335.56,,,,Good
2026-08-24,holder,c_f816,c_f816,Comune di Muro Leccese,12,335.0,,,,Good
2026-08-24,holder,c_f563,c_f563,Comune di Montemesola,40,305.0,,,,Good
2026-08-24,holder,c_i950,c_i950,Comune di Sternatia,3,305.0,,,,Good
2026-08-24,holder,c_a662,c_a662,Comune di Bari,167,305.0,,,,Good
2026-08-25,holder,iacp_ba,iacp_ba,Arca - Puglia Centrale,4,395.0,,,,Excellent
2026-08-25,holder,asl_vvta,asl_vvta,ASL TARANTO,15,386.33,,,,Excellent
2026-08-25,holder,arlpa,arlpa,ARPAL,6,385.0,,,,Excellent
2026-08-25,holder,c_f916,c_f916,Comune di Nociglia,3,385.0,,,,Excellent
2026-08-25,holder,asl_br,asl_br,ASL BRINDISI,1,385.0,,,,Excellent
2026-08-25,holder,c_d223,c_d223,Comune di Cursi,4,385.0,,,,Excellent
2026-08-25,holder,c_l172,c_l172,Comune di Santa Cesarea Terme,4,385.0,,,,Excellent
2026-08-25,holder,c_f221,c_f221,Comune di Minervino di Lecce,5,385.0,,,,Excellent
2026-08-25,holder,c_m187,c_m187,Comune di Zollino,3,385.0,,,,Excellent
2026-08-25,holder,c_l010,c_l010,Comune di Surano,3,385.0,,,,Excellent
2026-08-25,holder,c_f117,c_f117,Comune di Melpignano,8,385.0,,,,Excellent
2026-08-25,holder,arltl_0,arltl_0,ARTI Puglia,13,385.0,,,,Excellent
2026-08-25,holder,asset,asset,ASSET Puglia,28,385.0,,,,Excellent
2026-08-25,holder,c_b584,c_b584,Comune di Candela,4,385.0,,,,Excellent
2026-08-25,holder,c_e882,c_e882,Comune di Manduria,5,385.0,,,,Excellent
2026-08-25,holder,c_f194,c_f194,Comune di Miggiano,3,385.0,,,,Excellent
2026-08-25,holder,c_g291,c_g291,Comune Palo Del Colle,5,385.0,,,,Excellent
2026-08-25,holder,c_h096,c_h096,Città di Putignano,3,385.0,,,,Excellent
2026-08-25,holder,c_e053,c_e053,Comune di Giuggianello,4,385.0,,,,Excellent
2026-08-25,holder,c_l008,c_l008,Comune di Supersano,3,385.0,,,,Excellent
2026-08-25,holder,c_l887,c_l887,Comune di Specchia,6,385.0,,,,Excellent
2026-08-25,holder,pusv,pusv,Puglia Sviluppo SpA,8,385.0,,,,Excellent
2026-08-25,holder,adisu,adisu,Adisu,12,385.0,,,,Excellent
2026-08-25,holder,ipres,ipres,IPRES,51,385.0,,,,Excellent
2026-08-25,holder,c_a281,c_a281,Comune di Andrano,3,385.0,,,,Excellent
2026-08-25,holder,c_e038,c_e038,Comune di Gioia del Colle,5,385.0,,,,Excellent
2026-08-25,holder,c_f881,c_f881,Comune di Neviano,3,385.0,,,,Excellent
2026-08-25,holder,c_b690,c_b690,Comune di Caprarica di Lecce,3,385.0,,,,Excellent
2026-08-25,holder,crpuglia,crpuglia,Consiglio Regionale della Puglia,1,385.0,,,,Excellent
2026-08-25,holder,c_b822,c_b822,Comune di Carpignano Salentino,4,385.0,,,,Excellent
2026-08-25,holder,c_f027,c_f027,Comune di Massafra,38,384.21,,,,Excellent
2026-08-25,holder,artpp,artpp,ARET - Pugliapromozione,23,384.13,,,,Excellent
2026-08-25,holder,r_puglia,r_puglia,Regione Puglia,247,383.91,,,,Excellent
2026-08-25,holder,c_a893,c_a893,Comune di Bitonto,55,383.55,,,,Excellent
2026-08-25,holder,c_d863,c_d863,Comune di Galatone,39,379.62,,,,Excellent
2026-08-25,holder,c_l328,c_l328,Città di Trani,5,379.0,,,,Excellent
2026-08-25,holder,ato_pu,ato_pu,Autorità idrica Pugliese (AIP),13,375.77,,,,Excellent
2026-08-25,holder,c_a874,c_a874,Comune di Binetto,3,375.0,,,,Excellent
2026-08-25,holder,arpap,arpap,ARPA Puglia ,21,372.62,,,,Excellent
2026-08-25,holder,c_c978,c_c978,Comune di Copertino,16,371.88,,,,Excellent
2026-08-25,holder,arsls,arsls,Agenzia Regionale Strategica per la Salute ed il Sociale,75,366.87,,,,Excellent
2026-08-25,holder,c_h985,c_h985,Comune di San Marco in Lamis,10,363.0,,,,Excellent
2026-08-25,holder,c_g251,c_g251,Comune di Palagianello,3,358.33,,,,Excellent
2026-08-25,holder,cciaa_le,cciaa_le,Camera di Commercio di Lecce,450,354.4,,,,Excellent
2026-08-25,holder,c_e506,c_e506,Comune di Lecce,474,352.57,,,,Excellent
2026-08-25,holder,c_e986,c_e986,Comune di Martina Franca,32,349.38,,,,Good
2026-08-25,holder,c_g098,c_g098,Comune di Oria,21,347.86,,,,Good
2026-08-25,holder,c_e471,c_e471,Comune di Latiano,9,338.33,,,,Good
2026-08-25,holder,c_d171,c_d171,Comune di Crispiano,36,335.56,,,,Good
2026-08-25,holder,c_f816,c_f816,Comune di Muro Leccese,12,335.0,,,,Good
2026-08-25,holder,c_f563,c_f563,Comune di Montemesola,40,305.0,,,,Good
2026-08-25,holder,c_i950,c_i950,Comune di Sternatia,3,305.0,,,,Good
2026-08-25,holder,c_a662,c_a662,Comune di Bari,167,305.0,,,,Good
2026-08-26,holder,iacp_ba,iacp_ba,Arca - Puglia Centrale,4,395.0,,,,Excellent
2026-08-26,holder,asl_vvta,asl_vvta,ASL TARANTO,15,386.33,,,,Excellent
2026-08-26,holder,arlpa,arlpa,ARPAL,6,385.0,,,,Excellent
2026-08-26,holder,c_f916,c_f916,Comune di Nociglia,3,385.0,,,,Excellent
2026-08-26,holder,asl_br,asl_br,ASL BRINDISI,1,385.0,,,,Excellent
2026-08-26,holder,c_d223,c_d223,Comune di Cursi,4,385.0,,,,Excellent
2026-08-26,holder,c_l172,c_l172,Comune di Santa Cesarea Terme,4,385.0,,,,Excellent
2026-08-26,holder,c_f221,c_f221,Comune di Minervino di Lecce,5,385.0,,,,Excellent
2026-08-26,holder,c_m187,c_m187,Comune di Zollino,3,385.0,,,,Excellent
2026-08-26,holder,c_l010,c_l010,Comune di Surano,3,385.0,,,,Excellent
2026-08-26,holder,c_f117,c_f117,Comune di Melpignano,8,385.0,,,,Excellent
2026-08-26,holder,arltl_0,arltl_0,ARTI Puglia,13,385.0,,,,Excellent
2026-08-26,holder,asset,asset,ASSET Puglia,28,385.0,,,,Excellent
2026-08-26,holder,c_b584,c_b584,Comune di Candela,4,385.0,,,,Excellent
2026-08-26,holder,c_e882,c_e882,Comune di Manduria,5,385.0,,,,Excellent
2026-08-26,holder,c_f194,c_f194,Comune di Miggiano,3,385.0,,,,Excellent
2026-08-26,holder,c_g291,c_g291,Comune Palo Del Colle,5,385.0,,,,Excellent
2026-08-26,holder,c_h096,c_h096,Città di Putignano,3,385.0,,,,Excellent
2026-08-26,holder,c_e053,c_e053,Comune di Giuggianello,4,385.0,,,,Excellent
2026-08-26,holder,c_l008,c_l008,Comune di Supersano,3,385.0,,,,Excellent
2026-08-26,holder,c_l887,c_l887,Comune di Specchia,6,385.0,,,,Excellent
2026-08-26,holder,pusv,pusv,Puglia Sviluppo SpA,8,385.0,,,,Excellent
2026-08-26,holder,adisu,adisu,Adisu,12,385.0,,,,Excellent
2026-08-26,holder,ipres,ipres,IPRES,51,385.0,,,,Excellent
2026-08-26,holder,c_a281,c_a281,Comune di Andrano,3,385.0,,,,Excellent
2026-08-26,holder,c_e038,c_e038,Comune di Gioia del Colle,5,385.0,,,,Excellent
2026-08-26,holder,c_f881,c_f881,Comune di Neviano,3,385.0,,,,Excellent
2026-08-26,holder,c_b690,c_b690,Comune di Caprarica di Lecce,3,385.0,,,,Excellent
2026-08-26,holder,crpuglia,crpuglia,Consiglio Regionale della Puglia,1,385.0,,,,Excellent
2026-08-26,holder,c_b822,c_b822,Comune di Carpignano Salentino,4,385.0,,,,Excellent
2026-08-26,holder,c_f027,c_f027,Comune di Massafra,38,384.21,,,,Excellent
2026-08-26,holder,artpp,artpp,ARET - Pugliapromozione,23,384.13,,,,Excellent
2026-08-26,holder,r_puglia,r_puglia,Regione Puglia,247,383.91,,,,Excellent
2026-08-26,holder,c_a893,c_a893,Comune di Bitonto,55,383.55,,,,Excellent
2026-08-26,holder,c_d863,c_d863,Comune di Galatone,39,379.62,,,,Excellent
2026-08-26,holder,c_l328,c_l328,Città di Trani,5,379.0,,,,Excellent
2026-08-26,holder,ato_pu,ato_pu,Autorità idrica Pugliese (AIP),13,375.77,,,,Excellent
2026-08-26,holder,c_a874,c_a874,Comune di Binetto,3,375.0,,,,Excellent
2026-08-26,holder,arpap,arpap,ARPA Puglia ,21,372.62,,,,Excellent
2026-08-26,holder,c_c978,c_c978,Comune di Copertino,16,371.88,,,,Excellent
2026-08-26,holder,arsls,arsls,Agenzia Regionale Strategica per la Salute ed il Sociale,75,366.87,,,,Excellent
2026-08-26,holder,c_h985,c_h985,Comune di San Marco in Lamis,10,363.0,,,,Excellent
2026-08-26,holder,c_g251,c_g251,Comune di Palagianello,3,358.33,,,,Excellent
2026-08-26,holder,cciaa_le,cciaa_le,Camera di Commercio di Lecce,450,354.4,,,,Excellent
2026-08-26,holder,c_e506,c_e506,Comune di Lecce,474,352.57,,,,Excellent
2026-08-26,holder,c_e986,c_e986,Comune di Martina Franca,32,349.38,,,,Good
2026-08-26,holder,c_g098,c_g098,Comune di Oria,21,347.86,,,,Good
2026-08-26,holder,c_e471,c_e471,Comune di Latiano,9,338.33,,,,Good
2026-08-26,holder,c_d171,c_d171,Comune di Crispiano,36,335.56,,,,Good
2026-08-26,holder,c_f816,c_f816,Comune di Muro Leccese,12,335.0,,,,Good
2026-08-26,holder,c_f563,c_f563,Comune di Montemesola,40,305.0,,,,Good
2026-08-26,holder,c_i950,c_i950,Comune di Sternatia,3,305.0,,,,Good
2026-08-26,holder,c_a662,c_a662,Comune di Bari,167,305.0,,,,Good
2026-08-27,holder,iacp_ba,iacp_ba,Arca - Puglia Centrale,4,395.0,,,,Excellent
2026-08-27,holder,asl_vvta,asl_vvta,ASL TARANTO,15,386.33,,,,Excellent
2026-08-27,holder,arlpa,arlpa,ARPAL,6,385.0,,,,Excellent
2026-08-27,holder,c_f916,c_f916,Comune di Nociglia,3,385.0,,,,Excellent
2026-08-27,holder,asl_br,asl_br,ASL BRINDISI,1,385.0,,,,Excellent
2026-08-27,holder,c_d223,c_d223,Comune di Cursi,4,385.0,,,,Excellent
2026-08-27,holder,c_l172,c_l172,Comune di Santa Cesarea Terme,4,385.0,,,,Excellent
2026-08-27,holder,c_f221,c_f221,Comune di Minervino di Lecce,5,385.0,,,,Excellent
2026-08-27,holder,c_m187,c_m187,Comune di Zollino,3,385.0,,,,Excellent
2026-08-27,holder,c_l010,c_l010,Comune di Surano,3,385.0,,,,Excellent
2026-08-27,holder,c_f117,c_f117,Comune di Melpignano,8,385.0,,,,Excellent
2026-08-27,holder,arltl_0,arltl_0,ARTI Puglia,13,385.0,,,,Excellent
2026-08-27,holder,asset,asset,ASSET Puglia,28,385.0,,,,Excellent
2026-08-27,holder,c_b584,c_b584,Comune di Candela,4,385.0,,,,Excellent
2026-08-27,holder,c_e882,c_e882,Comune di Manduria,5,385.0,,,,Excellent
2026-08-27,holder,c_f194,c_f194,Comune di Miggiano,3,385.0,,,,Excellent
2026-08-27,holder,c_g291,c_g291,Comune Palo Del Colle,5,385.0,,,,Excellent
2026-08-27,holder,c_h096,c_h096,Città di Putignano,3,385.0,,,,Excellent
2026-08-27,holder,c_e053,c_e053,Comune di Giuggianello,4,385.0,,,,Excellent
2026-08-27,holder,c_l008,c_l008,Comune di Supersano,3,385.0,,,,Excellent
2026-08-27,holder,c_l887,c_l887,Comune di Specchia,6,385.0,,,,Excellent
2026-08-27,holder,pusv,pusv,Puglia Sviluppo SpA,8,385.0,,,,Excellent
2026-08-27,holder,adisu,adisu,Adisu,12,385.0,,,,Excellent
2026-08-27,holder,ipres,ipres,IPRES,51,385.0,,,,Excellent
2026-08-27,holder,c_a281,c_a281,Comune di Andrano,3,385.0,,,,Excellent
2026-08-27,holder,c_e038,c_e038,Comune di Gioia del Colle,5,385.0,,,,Excellent
2026-08-27,holder,c_f881,c_f881,Comune di Neviano,3,385.0,,,,Excellent
2026-08-27,holder,c_b690,c_b690,Comune di Caprarica di Lecce,3,385.0,,,,Excellent
2026-08-27,holder,crpuglia,crpuglia,Consiglio Regionale della Puglia,1,385.0,,,,Excellent
2026-08-27,holder,c_b822,c_b822,Comune di Carpignano Salentino,4,385.0,,,,Excellent
2026-08-27,holder,c_f027,c_f027,Comune di Massafra,38,384.21,,,,Excellent
2026-08-27,holder,artpp,artpp,ARET - Pugliapromozione,23,384.13,,,,Excellent
2026-08-27,holder,r_puglia,r_puglia,Regione Puglia,247,383.91,,,,Excellent
2026-08-27,holder,c_a893,c_a893,Comune di Bitonto,55,383.55,,,,Excellent
2026-08-27,holder,c_d863,c_d863,Comune di Galatone,39,379.62,,,,Excellent
2026-08-27,holder,c_l328,c_l328,Città di Trani,5,379.0,,,,Excellent
2026-08-27,holder,ato_pu,ato_pu,Autorità idrica Pugliese (AIP),13,375.77,,,,Excellent
2026-08-27,holder,c_a874,c_a874,Comune di Binetto,3,375.0,,,,Excellent
2026-08-27,holder,arpap,arpap,ARPA Puglia ,21,372.62,,,,Excellent
2026-08-27,holder,c_c978,c_c978,Comune di Copertino,16,371.88,,,,Excellent
2026-08-27,holder,arsls,arsls,Agenzia Regionale Strategica per la Salute ed il Sociale,75,366.87,,,,Excellent
2026-08-27,holder,c_h985,c_h985,Comune di San Marco in Lamis,10,363.0,,,,Excellent
2026-08-27,holder,c_g251,c_g251,Comune di Palagianello,3,358.33,,,,Excellent
2026-08-27,holder,cciaa_le,cciaa_le,Camera di Commercio di Lecce,450,354.4,,,,Excellent
2026-08-27,holder,c_e506,c_e506,Comune di Lecce,474,352.57,,,,Excellent
2026-08-27,holder,c_e986,c_e986,Comune di Martina Franca,32,349.38,,,,Good
2026-08-27,holder,c_g098,c_g098,Comune di Oria,21,347.86,,,,Good
2026-08-27,holder,c_e471,c_e471,Comune di Latiano,9,338.33,,,,Good
2026-08-27,holder,c_d171,c_d171,Comune di Crispiano,36,335.56,,,,Good
2026-08-27,holder,c_f816,c_f816,Comune di Muro Leccese,12,335.0,,,,Good
2026-08-27,holder,c_f563,c_f563,Comune di Montemesola,40,305.0,,,,Good
2026-08-27,holder,c_i950,c_i950,Comune di Sternatia,3,305.0,,,,Good
2026-08-27,holder,c_a662,c_a662,Comune di Bari,167,305.0,,,,Good
2026-08-28,holder,iacp_ba,iacp_ba,Arca - Puglia Centrale,4,395.0,,,,Excellent
2026-08-28,holder,asl_vvta,asl_vvta,ASL TARANTO,15,386.33,,,,Excellent
2026-08-28,holder,arlpa,arlpa,ARPAL,6,385.0,,,,Excellent
2026-08-28,holder,c_f916,c_f916,Comune di Nociglia,3,385.0,,,,Excellent
2026-08-28,holder,asl_br,asl_br,ASL BRINDISI,1,385.0,,,,Excellent
2026-08-28,holder,c_d223,c_d223,Comune di Cursi,4,385.0,,,,Excellent
2026-08-28,holder,c_l172,c_l172,Comune di Santa Cesarea Terme,4,385.0,,,,Excellent
2026-08-28,holder,c_f221,c_f221,Comune di Minervino di Lecce,5,385.0,,,,Excellent
2026-08-28,holder,c_m187,c_m187,Comune di Zollino,3,385.0,,,,Excellent
2026-08-28,holder,c_l010,c_l010,Comune di Surano,3,385.0,,,,Excellent
2026-08-28,holder,c_f117,c_f117,Comune di Melpignano,8,385.0,,,,Excellent
2026-08-28,holder,arltl_0,arltl_0,ARTI Puglia,13,385.0,,,,Excellent
2026-08-28,holder,asset,asset,ASSET Puglia,28,385.0,,,,Excellent
2026-08-28,holder,c_b584,c_b584,Comune di Candela,4,385.0,,,,Excellent
2026-08-28,holder,c_e882,c_e882,Comune di Manduria,5,385.0,,,,Excellent
2026-08-28,holder,c_f194,c_f194,Comune di Miggiano,3,385.0,,,,Excellent
2026-08-28,holder,c_g291,c_g291,Comune Palo Del Colle,5,385.0,,,,Excellent
2026-08-28,holder,c_h096,c_h096,Città di Putignano,3,385.0,,,,Excellent
2026-08-28,holder,c_e053,c_e053,Comune di Giuggianello,4,385.0,,,,Excellent
2026-08-28,holder,c_l008,c_l008,Comune di Supersano,3,385.0,,,,Excellent
2026-08-28,holder,c_l887,c_l887,Comune di Specchia,6,385.0,,,,Excellent
2026-08-28,holder,pusv,pusv,Puglia Sviluppo SpA,8,385.0,,,,Excellent
2026-08-28,holder,adisu,adisu,Adisu,12,385.0,,,,Excellent
2026-08-28,holder,ipres,ipres,IPRES,51,385.0,,,,Excellent
2026-08-28,holder,c_a281,c_a281,Comune di Andrano,3,385.0,,,,Excellent
2026-08-28,holder,c_e038,c_e038,Comune di Gioia del Colle,5,385.0,,,,Excellent
2026-08-28,holder,c_f881,c_f881,Comune di Neviano,3,385.0,,,,Excellent
2026-08-28,holder,c_b690,c_b690,Comune di Caprarica di Lecce,3,385.0,,,,Excellent
2026-08-28,holder,crpuglia,crpuglia,Consiglio Regionale della Puglia,1,385.0,,,,Excellent
2026-08-28,holder,c_b822,c_b822,Comune di Carpignano Salentino,4,385.0,,,,Excellent
2026-08-28,holder,c_f027,c_f027,Comune di Massafra,38,384.21,,,,Excellent
2026-08-28,holder,artpp,artpp,ARET - Pugliapromozione,23,384.13,,,,Excellent
2026-08-28,holder,r_puglia,r_puglia,Regione Puglia,247,383.91,,,,Excellent
2026-08-28,holder,c_a893,c_a893,Comune di Bitonto,55,383.55,,,,Excellent
2026-08-28,holder,c_d863,c_d863,Comune di Galatone,39,379.62,,,,Excellent
2026-08-28,holder,c_l328,c_l328,Città di Trani,5,379.0,,,,Excellent
2026-08-28,holder,ato_pu,ato_pu,Autorità idrica Pugliese (AIP),13,375.77,,,,Excellent
2026-08-28,holder,c_a874,c_a874,Comune di Binetto,3,375.0,,,,Excellent
2026-08-28,holder,arpap,arpap,ARPA Puglia ,21,372.62,,,,Excellent
2026-08-28,holder,c_c978,c_c978,Comune di Copertino,16,371.88,,,,Excellent
2026-08-28,holder,arsls,arsls,Agenzia Regionale Strategica per la Salute ed il Sociale,75,366.87,,,,Excellent
2026-08-28,holder,c_h985,c_h985,Comune di San Marco in Lamis,10,363.0,,,,Excellent
2026-08-28,holder,c_g251,c_g251,Comune di Palagianello,3,358.33,,,,Excellent
2026-08-28,holder,cciaa_le,cciaa_le,Camera di Commercio di Lecce,450,354.4,,,,Excellent
2026-08-28,holder,c_e506,c_e506,Comune di Lecce,474,352.57,,,,Excellent
2026-08-28,holder,c_e986,c_e986,Comune di Martina Franca,32,349.38,,,,Good
2026-08-28,holder,c_g098,c_g098,Comune di Oria,21,347.86,,,,Good
2026-08-28,holder,c_e471,c_e471,Comune di Latiano,9,338.33,,,,Good
2026-08-28,holder,c_d171,c_d171,Comune di Crispiano,36,335.56,,,,Good
2026-08-28,holder,c_f816,c_f816,Comune di Muro Leccese,12,335.0,,,,Good
2026-08-28,holder,c_f563,c_f563,Comune di Montemesola,40,305.0,,,,Good
2026-08-28,holder,c_i950,c_i950,Comune di Sternatia,3,305.0,,,,Good
2026-08-28,holder,c_a662,c_a662,Comune di Bari,167,305.0,,,,Good
2026-08-29,holder,iacp_ba,iacp_ba,Arca - Puglia Centrale,4,395.0,,,,Excellent
2026-08-29,holder,asl_vvta,asl_vvta,ASL TARANTO,15,386.33,,,,Excellent
2026-08-29,holder,arlpa,arlpa,ARPAL,6,385.0,,,,Excellent
2026-08-29,holder,c_f916,c_f916,Comune di Nociglia,3,385.0,,,,Excellent
2026-08-29,holder,asl_br,asl_br,ASL BRINDISI,1,385.0,,,,Excellent
2026-08-29,holder,c_d223,c_d223,Comune di Cursi,4,385.0,,,,Excellent
2026-08-29,holder,c_l172,c_l172,Comune di Santa Cesarea Terme,4,385.0,,,,Excellent
2026-08-29,holder,c_f221,c_f221,Comune di Minervino di Lecce,5,385.0,,,,Excellent
2026-08-29,holder,c_m187,c_m187,Comune di Zollino,3,385.0,,,,Excellent
2026-08-29,holder,c_l010,c_l010,Comune di Surano,3,385.0,,,,Excellent
2026-08-29,holder,c_f117,c_f117,Comune di Melpignano,8,385.0,,,,Excellent
2026-08-29,holder,arltl_0,arltl_0,ARTI Puglia,13,385.0,,,,Excellent
2026-08-29,holder,asset,asset,ASSET Puglia,28,385.0,,,,Excellent
2026-08-29,holder,c_b584,c_b584,Comune di Candela,4,385.0,,,,Excellent
2026-08-29,holder,c_e882,c_e882,Comune di Manduria,5,385.0,,,,Excellent
2026-08-29,holder,c_f194,c_f194,Comune di Miggiano,3,385.0,,,,Excellent
2026-08-29,holder,c_g291,c_g291,Comune Palo Del Colle,5,385.0,,,,Excellent
2026-08-29,holder,c_h096,c_h096,Città di Putignano,3,385.0,,,,Excellent
2026-08-29,holder,c_e053,c_e053,Comune di Giuggianello,4,385.0,,,,Excellent
2026-08-29,holder,c_l008,c_l008,Comune di Supersano,3,385.0,,,,Excellent
2026-08-29,holder,c_l887,c_l887,Comune di Specchia,6,385.0,,,,Excellent
2026-08-29,holder,pusv,pusv,Puglia Sviluppo SpA,8,385.0,,,,Excellent
2026-08-29,holder,adisu,adisu,Adisu,12,385.0,,,,Excellent
2026-08-29,holder,ipres,ipres,IPRES,51,385.0,,,,Excellent
2026-08-29,holder,c_a281,c_a281,Comune di Andrano,3,385.0,,,,Excellent
2026-08-29,holder,c_e038,c_e038,Comune di Gioia del Colle,5,385.0,,,,Excellent
2026-08-29,holder,c_f881,c_f881,Comune di Neviano,3,385.0,,,,Excellent
2026-08-29,holder,c_b690,c_b690,Comune di Caprarica di Lecce,3,385.0,,,,Excellent
2026-08-29,holder,crpuglia,crpuglia,Consiglio Regionale della Puglia,1,385.0,,,,Excellent
2026-08-29,holder,c_b822,c_b822,Comune di Carpignano Salentino,4,385.0,,,,Excellent
2026-08-29,holder,c_f027,c_f027,Comune di Massafra,38,384.21,,,,Excellent
2026-08-29,holder,artpp,artpp,ARET - Pugliapromozione,23,384.13,,,,Excellent
2026-08-29,holder,r_puglia,r_puglia,Regione Puglia,247,383.91,,,,Excellent
2026-08-29,holder,c_a893,c_a893,Comune di Bitonto,55,383.55,,,,Excellent
2026-08-29,holder,c_d863,c_d863,Comune di Galatone,39,379.62,,,,Excellent
2026-08-29,holder,c_l328,c_l328,Città di Trani,5,379.0,,,,Excellent
2026-08-29,holder,ato_pu,ato_pu,Autorità idrica Pugliese (AIP),13,375.77,,,,Excellent
2026-08-29,holder,c_a874,c_a874,Comune di Binetto,3,375.0,,,,Excellent
2026-08-29,holder,arpap,arpap,ARPA Puglia ,21,372.62,,,,Excellent
2026-08-29,holder,c_c978,c_c978,Comune di Copertino,16,371.88,,,,Excellent
2026-08-29,holder,arsls,arsls,Agenzia Regionale Strategica per la Salute ed il Sociale,75,366.87,,,,Excellent
2026-08-29,holder,c_h985,c_h985,Comune di San Marco in Lamis,10,363.0,,,,Excellent
2026-08-29,holder,c_g251,c_g251,Comune di Palagianello,3,358.33,,,,Excellent
2026-08-29,holder,cciaa_le,cciaa_le,Camera di Commercio di Lecce,450,354.4,,,,Excellent
2026-08-29,holder,c_e506,c_e506,Comune di Lecce,474,352.57,,,,Excellent
2026-08-29,holder,c_e986,c_e986,Comune di Martina Franca,32,349.38,,,,Good
2026-08-29,holder,c_g098,c_g098,Comune di Oria,21,347.86,,,,Good
2026-08-29,holder,c_e471,c_e471,Comune di Latiano,9,338.33,,,,Good
2026-08-29,holder,c_d171,c_d171,Comune di Crispiano,36,335.56,,,,Good
2026-08-29,holder,c_f816,c_f816,Comune di Muro Leccese,12,335.0,,,,Good
2026-08-29,holder,c_f563,c_f563,Comune di Montemesola,40,305.0,,,,Good
2026-08-29,holder,c_i950,c_i950,Comune di Sternatia,3,305.0,,,,Good
2026-08-29,holder,c_a662,c_a662,Comune di Bari,167,305.0,,,,Good
2026-08-30,holder,iacp_ba,iacp_ba,Arca - Puglia Centrale,4,395.0,,,,Excellent
2026-08-30,holder,asl_vvta,asl_vvta,ASL TARANTO,15,386.33,,,,Excellent
2026-08-30,holder,arlpa,arlpa,ARPAL,6,385.0,,,,Excellent
2026-08-30,holder,c_f916,c_f916,Comune di Nociglia,3,385.0,,,,Excellent
2026-08-30,holder,asl_br,asl_br,ASL BRINDISI,1,385.0,,,,Excellent
2026-08-30,holder,c_d223,c_d223,Comune di Cursi,4,385.0,,,,Excellent
2026-08-30,holder,c_l172,c_l172,Comune di Santa Cesarea Terme,4,385.0,,,,Excellent
2026-08-30,holder,c_f221,c_f221,Comune di Minervino di Lecce,5,385.0,,,,Excellent
2026-08-30,holder,c_m187,c_m187,Comune di Zollino,3,385.0,,,,Excellent
2026-08-30,holder,c_l010,c_l010,Comune di Surano,3,385.0,,,,Excellent
2026-08-30,holder,c_f117,c_f117,Comune di Melpignano,8,385.0,,,,Excellent
2026-08-30,holder,arltl_0,arltl_0,ARTI Puglia,13,385.0,,,,Excellent
2026-08-30,holder,asset,asset,ASSET Puglia,28,385.0,,,,Excellent
2026-08-30,holder,c_b584,c_b584,Comune di Candela,4,385.0,,,,Excellent
2026-08-30,holder,c_e882,c_e882,Comune di Manduria,5,385.0,,,,Excellent
2026-08-30,holder,c_f194,c_f194,Comune di Miggiano,3,385.0,,,,Excellent
2026-08-30,holder,c_g291,c_g291,Comune Palo Del Colle,5,385.0,,,,Excellent
2026-08-30,holder,c_h096,c_h096,Città di Putignano,3,385.0,,,,Excellent
2026-08-30,holder,c_e053,c_e053,Comune di Giuggianello,4,385.0,,,,Excellent
2026-08-30,holder,c_l008,c_l008,Comune di Supersano,3,385.0,,,,Excellent
2026-08-30,holder,pusv,pusv,Puglia Sviluppo SpA,8,385.0,,,,Excellent
2026-08-30,holder,adisu,adisu,Adisu,12,385.0,,,,Excellent
2026-08-30,holder,ipres,ipres,IPRES,51,385.0,,,,Excellent
2026-08-30,holder,c_a281,c_a281,Comune di Andrano,3,385.0,,,,Excellent
2026-08-30,holder,c_e038,c_e038,Comune di Gioia del Colle,5,385.0,,,,Excellent
2026-08-30,holder,c_f881,c_f881,Comune di Neviano,3,385.0,,,,Excellent
2026-08-30,holder,c_b690,c_b690,Comune di Caprarica di Lecce,3,385.0,,,,Excellent
2026-08-30,holder,crpuglia,crpuglia,Consiglio Regionale della Puglia,1,385.0,,,,Excellent
2026-08-30,holder,c_b822,c_b822,Comune di Carpignano Salentino,4,385.0,,,,Excellent
2026-08-30,holder,c_f027,c_f027,Comune di Massafra,38,384.21,,,,Excellent
2026-08-30,holder,artpp,artpp,ARET - Pugliapromozione,23,384.13,,,,Excellent
2026-08-30,holder,r_puglia,r_puglia,Regione Puglia,247,383.91,,,,Excellent
2026-08-30,holder,c_d863,c_d863,Comune di Galatone,39,379.1,,,,Excellent
2026-08-30,holder,c_l328,c_l328,Città di Trani,5,379.0,,,,Excellent
2026-08-30,holder,ato_pu,ato_pu,Autorità idrica Pugliese (AIP),13,375.77,,,,Excellent
2026-08-30,holder,c_a874,c_a874,Comune di Binetto,3,375.0,,,,Excellent
2026-08-30,holder,arpap,arpap,ARPA Puglia ,21,372.62,,,,Excellent
2026-08-30,holder,arsls,arsls,Agenzia Regionale Strategica per la Salute ed il Sociale,75,364.73,,,,Excellent
2026-08-30,holder,c_h985,c_h985,Comune di San Marco in Lamis,10,363.0,,,,Excellent
2026-08-30,holder,c_g251,c_g251,Comune di Palagianello,3,358.33,,,,Excellent
2026-08-30,holder,cciaa_le,cciaa_le,Camera di Commercio di Lecce,450,350.84,,,,Good
2026-08-30,holder,c_e506,c_e506,Comune di Lecce,474,349.77,,,,Good
2026-08-30,holder,c_c978,c_c978,Comune di Copertino,16,349.38,,,,Good
2026-08-30,holder,c_g098,c_g098,Comune di Oria,21,347.86,,,,Good
2026-08-30,holder,c_e986,c_e986,Comune di Martina Franca,32,346.88,,,,Good
2026-08-30,holder,c_a662,c_a662,Comune di Bari,167,345.24,,,,Good
2026-08-30,holder,c_a893,c_a893,Comune di Bitonto,55,338.45,,,,Good
2026-08-30,holder,c_d171,c_d171,Comune di Crispiano,36,335.56,,,,Good
2026-08-30,holder,c_f816,c_f816,Comune di Muro Leccese,12,335.0,,,,Good
2026-08-30,holder,c_l887,c_l887,Comune di Specchia,6,331.67,,,,Good
2026-08-30,holder,c_e471,c_e471,Comune di Latiano,9,329.44,,,,Good
2026-08-30,holder,c_f563,c_f563,Comune di Montemesola,40,305.0,,,,Good
2026-08-30,holder,c_i950,c_i950,Comune di Sternatia,3,305.0,,,,Good
2026-08-31,holder,iacp_ba,iacp_ba,Arca - Puglia Centrale,4,395.0,,,,Excellent
2026-08-31,holder,asl_vvta,asl_vvta,ASL TARANTO,15,386.33,,,,Excellent
2026-08-31,holder,arlpa,arlpa,ARPAL,6,385.0,,,,Excellent
2026-08-31,holder,c_f916,c_f916,Comune di Nociglia,3,385.0,,,,Excellent
2026-08-31,holder,asl_br,asl_br,ASL BRINDISI,1,385.0,,,,Excellent
2026-08-31,holder,c_d223,c_d223,Comune di Cursi,4,385.0,,,,Excellent
2026-08-31,holder,c_l172,c_l172,Comune di Santa Cesarea Terme,4,385.0,,,,Excellent
2026-08-31,holder,c_f221,c_f221,Comune di Minervino di Lecce,5,385.0,,,,Excellent
2026-08-31,holder,c_m187,c_m187,Comune di Zollino,3,385.0,,,,Excellent
2026-08-31,holder,c_l010,c_l010,Comune di Surano,3,385.0,,,,Excellent
2026-08-31,holder,c_f117,c_f117,Comune di Melpignano,8,385.0,,,,Excellent
2026-08-31,holder,arltl_0,arltl_0,ARTI Puglia,13,385.0,,,,Excellent
2026-08-31,holder,asset,asset,ASSET Puglia,28,385.0,,,,Excellent
2026-08-31,holder,c_b584,c_b584,Comune di Candela,4,385.0,,,,Excellent
2026-08-31,holder,c_e882,c_e882,Comune di Manduria,5,385.0,,,,Excellent
2026-08-31,holder,c_f194,c_f194,Comune di Miggiano,3,385.0,,,,Excellent
2026-08-31,holder,c_g291,c_g291,Comune Palo Del Colle,5,385.0,,,,Excellent
2026-08-31,holder,c_h096,c_h096,Città di Putignano,3,385.0,,,,Excellent
2026-08-31,holder,c_e053,c_e053,Comune di Giuggianello,4,385.0,,,,Excellent
2026-08-31,holder,c_l008,c_l008,Comune di Supersano,3,385.0,,,,Excellent
2026-08-31,holder,pusv,pusv,Puglia Sviluppo SpA,8,385.0,,,,Excellent
2026-08-31,holder,adisu,adisu,Adisu,12,385.0,,,,Excellent
2026-08-31,holder,ipres,ipres,IPRES,51,385.0,,,,Excellent
2026-08-31,holder,c_a281,c_a281,Comune di Andrano,3,385.0,,,,Excellent
2026-08-31,holder,c_e038,c_e038,Comune di Gioia del Colle,5,385.0,,,,Excellent
2026-08-31,holder,c_f881,c_f881,Comune di Neviano,3,385.0,,,,Excellent
2026-08-31,holder,c_b690,c_b690,Comune di Caprarica di Lecce,3,385.0,,,,Excellent
2026-08-31,holder,crpuglia,crpuglia,Consiglio Regionale della Puglia,1,385.0,,,,Excellent
2026-08-31,holder,c_b822,c_b822,Comune di Carpignano Salentino,4,385.0,,,,Excellent
2026-08-31,holder,c_f027,c_f027,Comune di Massafra,38,384.21,,,,Excellent
2026-08-31,holder,artpp,artpp,ARET - Pugliapromozione,23,384.13,,,,Excellent
2026-08-31,holder,r_puglia,r_puglia,Regione Puglia,247,383.91,,,,Excellent
2026-08-31,holder,c_d863,c_d863,Comune di Galatone,39,379.1,,,,Excellent
2026-08-31,holder,c_l328,c_l328,Città di Trani,5,379.0,,,,Excellent
2026-08-31,holder,ato_pu,ato_pu,Autorità idrica Pugliese (AIP),13,375.77,,,,Excellent
2026-08-31,holder,c_a874,c_a874,Comune di Binetto,3,375.0,,,,Excellent
2026-08-31,holder,arpap,arpap,ARPA Puglia ,21,372.62,,,,Excellent
2026-08-31,holder,arsls,arsls,Agenzia Regionale Strategica per la Salute ed il Sociale,75,364.73,,,,Excellent
2026-08-31,holder,c_h985,c_h985,Comune di San Marco in Lamis,10,363.0,,,,Excellent
2026-08-31,holder,c_g251,c_g251,Comune di Palagianello,3,358.33,,,,Excellent
2026-08-31,holder,cciaa_le,cciaa_le,Camera di Commercio di Lecce,450,350.84,,,,Good
2026-08-31,holder,c_e506,c_e506,Comune di Lecce,474,349.77,,,,Good
2026-08-31,holder,c_c978,c_c978,Comune di Copertino,16,349.38,,,,Good
2026-08-31,holder,c_g098,c_g098,Comune di Oria,21,347.86,,,,Good
2026-08-31,holder,c_e986,c_e986,Comune di Martina Franca,32,346.88,,,,Good
2026-08-31,holder,c_a662,c_a662,Comune di Bari,167,345.24,,,,Good
2026-08-31,holder,c_a893,c_a893,Comune di Bitonto,55,338.45,,,,Good
2026-08-31,holder,c_d171,c_d171,Comune di Crispiano,36,335.56,,,,Good
2026-08-31,holder,c_f816,c_f816,Comune di Muro Leccese,12,335.0,,,,Good
2026-08-31,holder,c_l887,c_l887,Comune di Specchia,6,331.67,,,,Good
2026-08-31,holder,c_e471,c_e471,Comune di Latiano,9,329.44,,,,Good
2026-08-31,holder,c_f563,c_f563,Comune di Montemesola,40,305.0,,,,Good
2026-08-31,holder,c_i950,c_i950,Comune di Sternatia,3,305.0,,,,Good
2026-09-01,holder,iacp_ba,iacp_ba,Arca - Puglia Centrale,4,395.0,,,,Excellent
2026-09-01,holder,asl_vvta,asl_vvta,ASL TARANTO,15,386.33,,,,Excellent
2026-09-01,holder,arlpa,arlpa,ARPAL,6,385.0,,,,Excellent
2026-09-01,holder,c_f916,c_f916,Comune di Nociglia,3,385.0,,,,Excellent
2026-09-01,holder,asl_br,asl_br,ASL BRINDISI,1,385.0,,,,Excellent
2026-09-01,holder,c_d223,c_d223,Comune di Cursi,4,385.0,,,,Excellent
2026-09-01,holder,c_l172,c_l172,Comune di Santa Cesarea Terme,4,385.0,,,,Excellent
2026-09-01,holder,c_f221,c_f221,Comune di Minervino di Lecce,5,385.0,,,,Excellent
2026-09-01,holder,c_m187,c_m187,Comune di Zollino,3,385.0,,,,Excellent
2026-09-01,holder,c_l010,c_l010,Comune di Surano,3,385.0,,,,Excellent
2026-09-01,holder,c_f117,c_f117,Comune di Melpignano,8,385.0,,,,Excellent
2026-09-01,holder,arltl_0,arltl_0,ARTI Puglia,13,385.0,,,,Excellent
2026-09-01,holder,asset,asset,ASSET Puglia,28,385.0,,,,Excellent
2026-09-01,holder,c_b584,c_b584,Comune di Candela,4,385.0,,,,Excellent
2026-09-01,holder,c_e882,c_e882,Comune di Manduria,5,385.0,,,,Excellent
2026-09-01,holder,c_f194,c_f194,Comune di Miggiano,3,385.0,,,,Excellent
2026-09-01,holder,c_g291,c_g291,Comune Palo Del Colle,5,385.0,,,,Excellent
2026-09-01,holder,c_h096,c_h096,Città di Putignano,3,385.0,,,,Excellent
2026-09-01,holder,c_e053,c_e053,Comune di Giuggianello,4,385.0,,,,Excellent
2026-09-01,holder,c_l008,c_l008,Comune di Supersano,3,385.0,,,,Excellent
2026-09-01,holder,pusv,pusv,Puglia Sviluppo SpA,8,385.0,,,,Excellent
2026-09-01,holder,adisu,adisu,Adisu,12,385.0,,,,Excellent
2026-09-01,holder,ipres,ipres,IPRES,51,385.0,,,,Excellent
2026-09-01,holder,c_a281,c_a281,Comune di Andrano,3,385.0,,,,Excellent
2026-09-01,holder,c_e038,c_e038,Comune di Gioia del Colle,5,385.0,,,,Excellent
2026-09-01,holder,c_f881,c_f881,Comune di Neviano,3,385.0,,,,Excellent
2026-09-01,holder,c_b690,c_b690,Comune di Caprarica di Lecce,3,385.0,,,,Excellent
2026-09-01,holder,crpuglia,crpuglia,Consiglio Regionale della Puglia,1,385.0,,,,Excellent
2026-09-01,holder,c_b822,c_b822,Comune di Carpignano Salentino,4,385.0,,,,Excellent
2026-09-01,holder,c_f027,c_f027,Comune di Massafra,38,384.21,,,,Excellent
2026-09-01,holder,artpp,artpp,ARET - Pugliapromozione,23,384.13,,,,Excellent
2026-09-01,holder,r_puglia,r_puglia,Regione Puglia,247,383.91,,,,Excellent
2026-09-01,holder,c_d863,c_d863,Comune di Galatone,39,379.1,,,,Excellent
2026-09-01,holder,c_l328,c_l328,Città di Trani,5,379.0,,,,Excellent
2026-09-01,holder,ato_pu,ato_pu,Autorità idrica Pugliese (AIP),13,375.77,,,,Excellent
2026-09-01,holder,c_a874,c_a874,Comune di Binetto,3,375.0,,,,Excellent
2026-09-01,holder,arpap,arpap,ARPA Puglia ,21,372.62,,,,Excellent
2026-09-01,holder,arsls,arsls,Agenzia Regionale Strategica per la Salute ed il Sociale,75,364.73,,,,Excellent
2026-09-01,holder,c_h985,c_h985,Comune di San Marco in Lamis,10,363.0,,,,Excellent
2026-09-01,holder,c_g251,c_g251,Comune di Palagianello,3,358.33,,,,Excellent
2026-09-01,holder,cciaa_le,cciaa_le,Camera di Commercio di Lecce,450,350.84,,,,Good
2026-09-01,holder,c_e506,c_e506,Comune di Lecce,474,349.77,,,,Good
2026-09-01,holder,c_c978,c_c978,Comune di Copertino,16,349.38,,,,Good
2026-09-01,holder,c_g098,c_g098,Comune di Oria,21,347.86,,,,Good
2026-09-01,holder,c_e986,c_e986,Comune di Martina Franca,32,346.88,,,,Good
2026-09-01,holder,c_a662,c_a662,Comune di Bari,167,345.24,,,,Good
2026-09-01,holder,c_a893,c_a893,Comune di Bitonto,55,338.45,,,,Good
2026-09-01,holder,c_d171,c_d171,Comune di Crispiano,36,335.56,,,,Good
2026-09-01,holder,c_f816,c_f816,Comune di Muro Leccese,12,335.0,,,,Good
2026-09-01,holder,c_l887,c_l887,Comune di Specchia,6,331.67,,,,Good
2026-09-01,holder,c_e471,c_e471,Comune di Latiano,9,329.44,,,,Good
2026-09-01,holder,c_f563,c_f563,Comune di Montemesola,40,305.0,,,,Good
2026-09-01,holder,c_i950,c_i950,Comune di Sternatia,3,305.0,,,,Good
2026-09-02,holder,iacp_ba,iacp_ba,Arca - Puglia Centrale,4,395.0,,,,Excellent
2026-09-02,holder,asl_vvta,asl_vvta,ASL TARANTO,15,386.33,,,,Excellent
2026-09-02,holder,arlpa,arlpa,ARPAL,6,385.0,,,,Excellent
2026-09-02,holder,c_f916,c_f916,Comune di Nociglia,3,385.0,,,,Excellent
2026-09-02,holder,asl_br,asl_br,ASL BRINDISI,1,385.0,,,,Excellent
2026-09-02,holder,c_d223,c_d223,Comune di Cursi,4,385.0,,,,Excellent
2026-09-02,holder,c_l172,c_l172,Comune di Santa Cesarea Terme,4,385.0,,,,Excellent
2026-09-02,holder,c_f221,c_f221,Comune di Minervino di Lecce,5,385.0,,,,Excellent
2026-09-02,holder,c_m187,c_m187,Comune di Zollino,3,385.0,,,,Excellent
2026-09-02,holder,c_l010,c_l010,Comune di Surano,3,385.0,,,,Excellent
2026-09-02,holder,c_f117,c_f117,Comune di Melpignano,8,385.0,,,,Excellent
2026-09-02,holder,arltl_0,arltl_0,ARTI Puglia,13,385.0,,,,Excellent
2026-09-02,holder,asset,asset,ASSET Puglia,28,385.0,,,,Excellent
2026-09-02,holder,c_b584,c_b584,Comune di Candela,4,385.0,,,,Excellent
2026-09-02,holder,c_e882,c_e882,Comune di Manduria,5,385.0,,,,Excellent
2026-09-02,holder,c_f194,c_f194,Comune di Miggiano,3,385.0,,,,Excellent
2026-09-02,holder,c_g291,c_g291,Comune Palo Del Colle,5,385.0,,,,Excellent
2026-09-02,holder,c_h096,c_h096,Città di Putignano,3,385.0,,,,Excellent
2026-09-02,holder,c_e053,c_e053,Comune di Giuggianello,4,385.0,,,,Excellent
2026-09-02,holder,c_l008,c_l008,Comune di Supersano,3,385.0,,,,Excellent
2026-09-02,holder,pusv,pusv,Puglia Sviluppo SpA,8,385.0,,,,Excellent
2026-09-02,holder,adisu,adisu,Adisu,12,385.0,,,,Excellent
2026-09-02,holder,ipres,ipres,IPRES,51,385.0,,,,Excellent
2026-09-02,holder,c_a281,c_a281,Comune di Andrano,3,385.0,,,,Excellent
2026-09-02,holder,c_e038,c_e038,Comune di Gioia del Colle,5,385.0,,,,Excellent
2026-09-02,holder,c_f881,c_f881,Comune di Neviano,3,385.0,,,,Excellent
2026-09-02,holder,c_b690,c_b690,Comune di Caprarica di Lecce,3,385.0,,,,Excellent
2026-09-02,holder,crpuglia,crpuglia,Consiglio Regionale della Puglia,1,385.0,,,,Excellent
2026-09-02,holder,c_b822,c_b822,Comune di Carpignano Salentino,4,385.0,,,,Excellent
2026-09-02,holder,c_f027,c_f027,Comune di Massafra,38,384.21,,,,Excellent
2026-09-02,holder,artpp,artpp,ARET - Pugliapromozione,23,384.13,,,,Excellent
2026-09-02,holder,r_puglia,r_puglia,Regione Puglia,247,383.91,,,,Excellent
2026-09-02,holder,c_d863,c_d863,Comune di Galatone,39,379.1,,,,Excellent
2026-09-02,holder,c_l328,c_l328,Città di Trani,5,379.0,,,,Excellent
2026-09-02,holder,ato_pu,ato_pu,Autorità idrica Pugliese (AIP),13,375.77,,,,Excellent
2026-09-02,holder,c_a874,c_a874,Comune di Binetto,3,375.0,,,,Excellent
2026-09-02,holder,arpap,arpap,ARPA Puglia ,21,372.62,,,,Excellent
2026-09-02,holder,arsls,arsls,Agenzia Regionale Strategica per la Salute ed il Sociale,75,364.73,,,,Excellent
2026-09-02,holder,c_h985,c_h985,Comune di San Marco in Lamis,10,363.0,,,,Excellent
2026-09-02,holder,c_g251,c_g251,Comune di Palagianello,3,358.33,,,,Excellent
2026-09-02,holder,cciaa_le,cciaa_le,Camera di Commercio di Lecce,450,350.84,,,,Good
2026-09-02,holder,c_e506,c_e506,Comune di Lecce,474,349.77,,,,Good
2026-09-02,holder,c_c978,c_c978,Comune di Copertino,16,349.38,,,,Good
2026-09-02,holder,c_g098,c_g098,Comune di Oria,21,347.86,,,,Good
2026-09-02,holder,c_e986,c_e986,Comune di Martina Franca,32,346.88,,,,Good
2026-09-02,holder,c_a662,c_a662,Comune di Bari,167,345.24,,,,Good
2026-09-02,holder,c_a893,c_a893,Comune di Bitonto,55,338.45,,,,Good
2026-09-02,holder,c_d171,c_d171,Comune di Crispiano,36,335.56,,,,Good
2026-09-02,holder,c_f816,c_f816,Comune di Muro Leccese,12,335.0,,,,Good
2026-09-02,holder,c_l887,c_l887,Comune di Specchia,6,331.67,,,,Good
2026-09-02,holder,c_e471,c_e471,Comune di Latiano,9,329.44,,,,Good
2026-09-02,holder,c_f563,c_f563,Comune di Montemesola,40,305.0,,,,Good
2026-09-02,holder,c_i950,c_i950,Comune di Sternatia,3,305.0,,,,Good
2026-09-03,holder,iacp_ba,iacp_ba,Arca - Puglia Centrale,4,395.0,,,,Excellent
2026-09-03,holder,asl_vvta,asl_vvta,ASL TARANTO,15,386.33,,,,Excellent
2026-09-03,holder,arlpa,arlpa,ARPAL,6,385.0,,,,Excellent
2026-09-03,holder,c_f916,c_f916,Comune di Nociglia,3,385.0,,,,Excellent
2026-09-03,holder,asl_br,asl_br,ASL BRINDISI,1,385.0,,,,Excellent
2026-09-03,holder,c_d223,c_d223,Comune di Cursi,4,385.0,,,,Excellent
2026-09-03,holder,c_l172,c_l172,Comune di Santa Cesarea Terme,4,385.0,,,,Excellent
2026-09-03,holder,c_f221,c_f221,Comune di Minervino di Lecce,5,385.0,,,,Excellent
2026-09-03,holder,c_m187,c_m187,Comune di Zollino,3,385.0,,,,Excellent
2026-09-03,holder,c_l010,c_l010,Comune di Surano,3,385.0,,,,Excellent
2026-09-03,holder,c_f117,c_f117,Comune di Melpignano,8,385.0,,,,Excellent
2026-09-03,holder,arltl_0,arltl_0,ARTI Puglia,13,385.0,,,,Excellent
2026-09-03,holder,asset,asset,ASSET Puglia,28,385.0,,,,Excellent
2026-09-03,holder,c_b584,c_b584,Comune di Candela,4,385.0,,,,Excellent
2026-09-03,holder,c_e882,c_e882,Comune di Manduria,5,385.0,,,,Excellent
2026-09-03,holder,c_f194,c_f194,Comune di Miggiano,3,385.0,,,,Excellent
2026-09-03,holder,c_g291,c_g291,Comune Palo Del Colle,5,385.0,,,,Excellent
2026-09-03,holder,c_h096,c_h096,Città di Putignano,3,385.0,,,,Excellent
2026-09-03,holder,c_e053,c_e053,Comune di Giuggianello,4,385.0,,,,Excellent
2026-09-03,holder,c_l008,c_l008,Comune di Supersano,3,385.0,,,,Excellent
2026-09-03,holder,pusv,pusv,Puglia Sviluppo SpA,8,385.0,,,,Excellent
2026-09-03,holder,adisu,adisu,Adisu,12,385.0,,,,Excellent
2026-09-03,holder,ipres,ipres,IPRES,51,385.0,,,,Excellent
2026-09-03,holder,c_a281,c_a281,Comune di Andrano,3,385.0,,,,Excellent
2026-09-03,holder,c_e038,c_e038,Comune di Gioia del Colle,5,385.0,,,,Excellent
2026-09-03,holder,c_f881,c_f881,Comune di Neviano,3,385.0,,,,Excellent
2026-09-03,holder,c_b690,c_b690,Comune di Caprarica di Lecce,3,385.0,,,,Excellent
2026-09-03,holder,crpuglia,crpuglia,Consiglio Regionale della Puglia,1,385.0,,,,Excellent
2026-09-03,holder,c_b822,c_b822,Comune di Carpignano Salentino,4,385.0,,,,Excellent
2026-09-03,holder,c_f027,c_f027,Comune di Massafra,38,384.21,,,,Excellent
2026-09-03,holder,artpp,artpp,ARET - Pugliapromozione,23,384.13,,,,Excellent
2026-09-03,holder,r_puglia,r_puglia,Regione Puglia,247,383.91,,,,Excellent
2026-09-03,holder,c_d863,c_d863,Comune di Galatone,39,379.1,,,,Excellent
2026-09-03,holder,c_l328,c_l328,Città di Trani,5,379.0,,,,Excellent
2026-09-03,holder,ato_pu,ato_pu,Autorità idrica Pugliese (AIP),13,375.77,,,,Excellent
2026-09-03,holder,c_a874,c_a874,Comune di Binetto,3,375.0,,,,Excellent
2026-09-03,holder,arpap,arpap,ARPA Puglia ,21,372.62,,,,Excellent
2026-09-03,holder,arsls,arsls,Agenzia Regionale Strategica per la Salute ed il Sociale,75,364.73,,,,Excellent
2026-09-03,holder,c_h985,c_h985,Comune di San Marco in Lamis,10,363.0,,,,Excellent
2026-09-03,holder,c_g251,c_g251,Comune di Palagianello,3,358.33,,,,Excellent
2026-09-03,holder,cciaa_le,cciaa_le,Camera di Commercio di Lecce,450,350.84,,,,Good
2026-09-03,holder,c_e506,c_e506,Comune di Lecce,474,349.77,,,,Good
2026-09-03,holder,c_c978,c_c978,Comune di Copertino,16,349.38,,,,Good
2026-09-03,holder,c_g098,c_g098,Comune di Oria,21,347.86,,,,Good
2026-09-03,holder,c_e986,c_e986,Comune di Martina Franca,32,346.88,,,,Good
2026-09-03,holder,c_a662,c_a662,Comune di Bari,167,345.24,,,,Good
2026-09-03,holder,c_a893,c_a893,Comune di Bitonto,55,338.45,,,,Good
2026-09-03,holder,c_d171,c_d171,Comune di Crispiano,36,335.56,,,,Good
2026-09-03,holder,c_f816,c_f816,Comune di Muro Leccese,12,335.0,,,,Good
2026-09-03,holder,c_l887,c_l887,Comune di Specchia,6,331.67,,,,Good
2026-09-03,holder,c_e471,c_e471,Comune di Latiano,9,329.44,,,,Good
2026-09-03,holder,c_f563,c_f563,Comune di Montemesola,40,305.0,,,,Good
2026-09-03,holder,c_i950,c_i950,Comune di Sternatia,3,305.0,,,,Good
2026-09-04,holder,iacp_ba,iacp_ba,Arca - Puglia Centrale,4,395.0,,,,Excellent
2026-09-04,holder,asl_vvta,asl_vvta,ASL TARANTO,15,386.33,,,,Excellent
2026-09-04,holder,arlpa,arlpa,ARPAL,6,385.0,,,,Excellent
2026-09-04,holder,c_f916,c_f916,Comune di Nociglia,3,385.0,,,,Excellent
2026-09-04,holder,asl_br,asl_br,ASL BRINDISI,1,385.0,,,,Excellent
2026-09-04,holder,c_d223,c_d223,Comune di Cursi,4,385.0,,,,Excellent
2026-09-04,holder,c_l172,c_l172,Comune di Santa Cesarea Terme,4,385.0,,,,Excellent
2026-09-04,holder,c_f221,c_f221,Comune di Minervino di Lecce,5,385.0,,,,Excellent
2026-09-04,holder,c_m187,c_m187,Comune di Zollino,3,385.0,,,,Excellent
2026-09-04,holder,c_l010,c_l010,Comune di Surano,3,385.0,,,,Excellent
2026-09-04,holder,c_f117,c_f117,Comune di Melpignano,8,385.0,,,,Excellent
2026-09-04,holder,arltl_0,arltl_0,ARTI Puglia,13,385.0,,,,Excellent
2026-09-04,holder,asset,asset,ASSET Puglia,28,385.0,,,,Excellent
2026-09-04,holder,c_b584,c_b584,Comune di Candela,4,385.0,,,,Excellent
2026-09-04,holder,c_e882,c_e882,Comune di Manduria,5,385.0,,,,Excellent
2026-09-04,holder,c_f194,c_f194,Comune di Miggiano,3,385.0,,,,Excellent
2026-09-04,holder,c_g291,c_g291,Comune Palo Del Colle,5,385.0,,,,Excellent
2026-09-04,holder,c_h096,c_h096,Città di Putignano,3,385.0,,,,Excellent
2026-09-04,holder,c_e053,c_e053,Comune di Giuggianello,4,385.0,,,,Excellent
2026-09-04,holder,c_l008,c_l008,Comune di Supersano,3,385.0,,,,Excellent
2026-09-04,holder,pusv,pusv,Puglia Sviluppo SpA,8,385.0,,,,Excellent
2026-09-04,holder,adisu,adisu,Adisu,12,385.0,,,,Excellent
2026-09-04,holder,ipres,ipres,IPRES,51,385.0,,,,Excellent
2026-09-04,holder,c_a281,c_a281,Comune di Andrano,3,385.0,,,,Excellent
2026-09-04,holder,c_e038,c_e038,Comune di Gioia del Colle,5,385.0,,,,Excellent
2026-09-04,holder,c_f881,c_f881,Comune di Neviano,3,385.0,,,,Excellent
2026-09-04,holder,c_b690,c_b690,Comune di Caprarica di Lecce,3,385.0,,,,Excellent
2026-09-04,holder,crpuglia,crpuglia,Consiglio Regionale della Puglia,1,385.0,,,,Excellent
2026-09-04,holder,c_b822,c_b822,Comune di Carpignano Salentino,4,385.0,,,,Excellent
2026-09-04,holder,c_f027,c_f027,Comune di Massafra,38,384.21,,,,Excellent
2026-09-04,holder,artpp,artpp,ARET - Pugliapromozione,23,384.13,,,,Excellent
2026-09-04,holder,r_puglia,r_puglia,Regione Puglia,247,383.91,,,,Excellent
2026-09-04,holder,c_d863,c_d863,Comune di Galatone,39,379.1,,,,Excellent
2026-09-04,holder,c_l328,c_l328,Città di Trani,5,379.0,,,,Excellent
2026-09-04,holder,ato_pu,ato_pu,Autorità idrica Pugliese (AIP),13,375.77,,,,Excellent
2026-09-04,holder,c_a874,c_a874,Comune di Binetto,3,375.0,,,,Excellent
2026-09-04,holder,arpap,arpap,ARPA Puglia ,21,372.62,,,,Excellent
2026-09-04,holder,arsls,arsls,Agenzia Regionale Strategica per la Salute ed il Sociale,75,364.73,,,,Excellent
2026-09-04,holder,c_h985,c_h985,Comune di San Marco in Lamis,10,363.0,,,,Excellent
2026-09-04,holder,c_g251,c_g251,Comune di Palagianello,3,358.33,,,,Excellent
2026-09-04,holder,cciaa_le,cciaa_le,Camera di Commercio di Lecce,450,350.84,,,,Good
2026-09-04,holder,c_e506,c_e506,Comune di Lecce,474,349.77,,,,Good
2026-09-04,holder,c_c978,c_c978,Comune di Copertino,16,349.38,,,,Good
2026-09-04,holder,c_g098,c_g098,Comune di Oria,21,347.86,,,,Good
2026-09-04,holder,c_e986,c_e986,Comune di Martina Franca,32,346.88,,,,Good
2026-09-04,holder,c_a662,c_a662,Comune di Bari,167,345.24,,,,Good
2026-09-04,holder,c_a893,c_a893,Comune di Bitonto,55,338.45,,,,Good
2026-09-04,holder,c_d171,c_d171,Comune di Crispiano,36,335.56,,,,Good
2026-09-04,holder,c_f816,c_f816,Comune di Muro Leccese,12,335.0,,,,Good
2026-09-04,holder,c_l887,c_l887,Comune di Specchia,6,331.67,,,,Good
2026-09-04,holder,c_e471,c_e471,Comune di Latiano,9,329.44,,,,Good
2026-09-04,holder,c_f563,c_f563,Comune di Montemesola,40,305.0,,,,Good
2026-09-04,holder,c_i950,c_i950,Comune di Sternatia,3,305.0,,,,Good
2026-08-03,organization,585452e2-12b4-4187-89d6-c33068eff19f,regione-puglia,Regione Puglia,1840,357.79,,,,Excellent
2026-08-03,organization,df53accc-dc73-4f98-bd0e-66c32524eb6f,comune-di-bari,Comune di Bari,167,352.13,,,,Excellent
2026-08-03,organization,954a56b3-6ace-4e65-947b-e737b8824d9e,comune-di-san-marco-in-lamis,Comune di San Marco in Lamis,3,331.67,,,,Good
2026-08-04,organization,585452e2-12b4-4187-89d6-c33068eff19f,regione-puglia,Regione Puglia,1840,357.79,,,,Excellent
2026-08-04,organization,df53accc-dc73-4f98-bd0e-66c32524eb6f,comune-di-bari,Comune di Bari,167,352.13,,,,Excellent
2026-08-04,organization,954a56b3-6ace-4e65-947b-e737b8824d9e,comune-di-san-marco-in-lamis,Comune di San Marco in Lamis,3,331.67,,,,Good
2026-08-05,organization,585452e2-12b4-4187-89d6-c33068eff19f,regione-puglia,Regione Puglia,1840,357.79,,,,Excellent
2026-08-05,organization,df53accc-dc73-4f98-bd0e-66c32524eb6f,comune-di-bari,Comune di Bari,167,352.13,,,,Excellent
2026-08-05,organization,954a56b3-6ace-4e65-947b-e737b8824d9e,comune-di-san-marco-in-lamis,Comune di San Marco in Lamis,3,331.67,,,,Good
2026-08-06,organization,585452e2-12b4-4187-89d6-c33068eff19f,regione-puglia,Regione Puglia,1840,357.79,,,,Excellent
2026-08-06,organization,df53accc-dc73-4f98-bd0e-66c32524eb6f,comune-di-bari,Comune di Bari,167,352.13,,,,Excellent
2026-08-06,organization,954a56b3-6ace-4e65-947b-e737b8824d9e,comune-di-san-marco-in-lamis,Comune di San Marco in Lamis,3,331.67,,,,Good
2026-08-07,organization,585452e2-12b4-4187-89d6-c33068eff19f,regione-puglia,Regione Puglia,1840,357.79,,,,Excellent
2026-08-07,organization,df53accc-dc73-4f98-bd0e-66c32524eb6f,comune-di-bari,Comune di Bari,167,352.13,,,,Excellent
2026-08-07,organization,954a56b3-6ace-4e65-947b-e737b8824d9e,comune-di-san-marco-in-lamis,Comune di San Marco in Lamis,3,331.67,,,,Good
2026-08-08,organization,585452e2-12b4-4187-89d6-c33068eff19f,regione-puglia,Regione Puglia,1840,357.79,,,,Excellent
2026-08-08,organization,df53accc-dc73-4f98-bd0e-66c32524eb6f,comune-di-bari,Comune di Bari,167,352.13,,,,Excellent
2026-08-08,organization,954a56b3-6ace-4e65-947b-e737b8824d9e,comune-di-san-marco-in-lamis,Comune di San Marco in Lamis,3,331.67,,,,Good
2026-08-09,organization,585452e2-12b4-4187-89d6-c33068eff19f,regione-puglia,Regione Puglia,1845,361.09,,,,Excellent
2026-08-09,organization,df53accc-dc73-4f98-bd0e-66c32524eb6f,comune-di-bari,Comune di Bari,167,352.13,,,,Excellent
2026-08-09,organization,954a56b3-6ace-4e65-947b-e737b8824d9e,comune-di-san-marco-in-lamis,Comune di San Marco in Lamis,3,331.67,,,,Good
2026-08-10,organization,585452e2-12b4-4187-89d6-c33068eff19f,regione-puglia,Regione Puglia,1845,361.18,,,,Excellent
2026-08-10,organization,df53accc-dc73-4f98-bd0e-66c32524eb6f,comune-di-bari,Comune di Bari,167,352.13,,,,Excellent
2026-08-10,organization,954a56b3-6ace-4e65-947b-e737b8824d9e,comune-di-san-marco-in-lamis,Comune di San Marco in Lamis,3,331.67,,,,Good
2026-08-11,organization,585452e2-12b4-4187-89d6-c33068eff19f,regione-puglia,Regione Puglia,1845,361.18,,,,Excellent
2026-08-11,organization,df53accc-dc73-4f98-bd0e-66c32524eb6f,comune-di-bari,Comune di Bari,167,352.13,,,,Excellent
2026-08-11,organization,954a56b3-6ace-4e65-947b-e737b8824d9e,comune-di-san-marco-in-lamis,Comune di San Marco in Lamis,3,331.67,,,,Good
2026-08-12,organization,585452e2-12b4-4187-89d6-c33068eff19f,regione-puglia,Regione Puglia,1845,361.18,,,,Excellent
2026-08-12,organization,df53accc-dc73-4f98-bd0e-66c32524eb6f,comune-di-bari,Comune di Bari,167,352.13,,,,Excellent
2026-08-12,organization,954a56b3-6ace-4e65-947b-e737b8824d9e,comune-di-san-marco-in-lamis,Comune di San Marco in Lamis,3,331.67,,,,Good
2026-08-13,organization,585452e2-12b4-4187-89d6-c33068eff19f,regione-puglia,Regione Puglia,1845,361.18,,,,Excellent
2026-08-13,organization,df53accc-dc73-4f98-bd0e-66c32524eb6f,comune-di-bari,Comune di Bari,167,352.13,,,,Excellent
2026-08-13,organization,954a56b3-6ace-4e65-947b-e737b8824d9e,comune-di-san-marco-in-lamis,Comune di San Marco in Lamis,3,331.67,,,,Good
2026-08-14,organization,585452e2-12b4-4187-89d6-c33068eff19f,regione-puglia,Regione Puglia,1845,361.18,,,,Excellent
2026-08-14,organization,df53accc-dc73-4f98-bd0e-66c32524eb6f,comune-di-bari,Comune di Bari,167,352.13,,,,Excellent
2026-08-14,organization,954a56b3-6ace-4e65-947b-e737b8824d9e,comune-di-san-marco-in-lamis,Comune di San Marco in Lamis,3,331.67,,,,Good
2026-08-15,organization,585452e2-12b4-4187-89d6-c33068eff19f,regione-puglia,Regione Puglia,1845,361.18,,,,Excellent
2026-08-15,organization,df53accc-dc73-4f98-bd0e-66c32524eb6f,comune-di-bari,Comune di Bari,167,352.13,,,,Excellent
2026-08-15,organization,954a56b3-6ace-4e65-947b-e737b8824d9e,comune-di-san-marco-in-lamis,Comune di San Marco in Lamis,3,331.67,,,,Good
2026-08-16,organization,585452e2-12b4-4187-89d6-c33068eff19f,regione-puglia,Regione Puglia,2012,358.48,,,,Excellent
2026-08-16,organization,954a56b3-6ace-4e65-947b-e737b8824d9e,comune-di-san-marco-in-lamis,Comune di San Marco in Lamis,3,331.67,,,,Good
2026-08-17,organization,585452e2-12b4-4187-89d6-c33068eff19f,regione-puglia,Regione Puglia,2012,358.48,,,,Excellent
2026-08-17,organization,954a56b3-6ace-4e65-947b-e737b8824d9e,comune-di-san-marco-in-lamis,Comune di San Marco in Lamis,3,331.67,,,,Good
2026-08-18,organization,585452e2-12b4-4187-89d6-c33068eff19f,regione-puglia,Regione Puglia,2012,358.48,,,,Excellent
2026-08-18,organization,954a56b3-6ace-4e65-947b-e737b8824d9e,comune-di-san-marco-in-lamis,Comune di San Marco in Lamis,3,331.67,,,,Good
2026-08-19,organization,585452e2-12b4-4187-89d6-c33068eff19f,regione-puglia,Regione Puglia,2012,358.48,,,,Excellent
2026-08-19,organization,954a56b3-6ace-4e65-947b-e737b8824d9e,comune-di-san-marco-in-lamis,Comune di San Marco in Lamis,3,331.67,,,,Good
2026-08-20,organization,585452e2-12b4-4187-89d6-c33068eff19f,regione-puglia,Regione Puglia,2012,358.48,,,,Excellent
2026-08-20,organization,954a56b3-6ace-4e65-947b-e737b8824d9e,comune-di-san-marco-in-lamis,Comune di San Marco in Lamis,3,331.67,,,,Good
2026-08-21,organization,585452e2-12b4-4187-89d6-c33068eff19f,regione-puglia,Regione Puglia,2012,358.48,,,,Excellent
2026-08-21,organization,954a56b3-6ace-4e65-947b-e737b8824d9e,comune-di-san-marco-in-lamis,Comune di San Marco in Lamis,3,331.67,,,,Good
2026-08-22,organization,585452e2-12b4-4187-89d6-c33068eff19f,regione-puglia,Regione Puglia,2012,358.48,,,,Excellent
2026-08-22,organization,954a56b3-6ace-4e65-947b-e737b8824d9e,comune-di-san-marco-in-lamis,Comune di San Marco in Lamis,3,331.67,,,,Good
2026-08-23,organization,585452e2-12b4-4187-89d6-c33068eff19f,regione-puglia,Regione Puglia,2012,358.48,,,,Excellent
2026-08-23,organization,954a56b3-6ace-4e65-947b-e737b8824d9e,comune-di-san-marco-in-lamis,Comune di San Marco in Lamis,3,331.67,,,,Good
2026-08-24,organization,585452e2-12b4-4187-89d6-c33068eff19f,regione-puglia,Regione Puglia,2012,358.48,,,,Excellent
2026-08-24,organization,954a56b3-6ace-4e65-947b-e737b8824d9e,comune-di-san-marco-in-lamis,Comune di San Marco in Lamis,3,331.67,,,,Good
2026-08-25,organization,585452e2-12b4-4187-89d6-c33068eff19f,regione-puglia,Regione Puglia,2012,358.48,,,,Excellent
2026-08-25,organization,954a56b3-6ace-4e65-947b-e737b8824d9e,comune-di-san-marco-in-lamis,Comune di San Marco in Lamis,3,331.67,,,,Good
2026-08-26,organization,585452e2-12b4-4187-89d6-c33068eff19f,regione-puglia,Regione Puglia,2012,358.48,,,,Excellent
2026-08-26,organization,954a56b3-6ace-4e65-947b-e737b8824d9e,comune-di-san-marco-in-lamis,Comune di San Marco in Lamis,3,331.67,,,,Good
2026-08-27,organization,585452e2-12b4-4187-89d6-c33068eff19f,regione-puglia,Regione Puglia,2012,358.48,,,,Excellent
2026-08-27,organization,954a56b3-6ace-4e65-947b-e737b8824d9e,comune-di-san-marco-in-lamis,Comune di San Marco in Lamis,3,331.67,,,,Good
2026-08-28,organization,585452e2-12b4-4187-89d6-c33068eff19f,regione-puglia,Regione Puglia,2012,358.48,,,,Excellent
2026-08-28,organization,954a56b3-6ace-4e65-947b-e737b8824d9e,comune-di-san-marco-in-lamis,Comune di San Marco in Lamis,3,331.67,,,,Good
2026-08-29,organization,585452e2-12b4-4187-89d6-c33068eff19f,regione-puglia,Regione Puglia,2012,358.48,,,,Excellent
2026-08-29,organization,954a56b3-6ace-4e65-947b-e737b8824d9e,comune-di-san-marco-in-lamis,Comune di San Marco in Lamis,3,331.67,,,,Good
2026-08-30,organization,585452e2-12b4-4187-89d6-c33068eff19f,regione-puglia,Regione Puglia,2012,358.62,,,,Excellent
2026-08-30,organization,954a56b3-6ace-4e65-947b-e737b8824d9e,comune-di-san-marco-in-lamis,Comune di San Marco in Lamis,3,331.67,,,,Good
2026-08-31,organization,585452e2-12b4-4187-89d6-c33068eff19f,regione-puglia,Regione Puglia,2012,358.62,,,,Excellent
2026-08-31,organization,954a56b3-6ace-4e65-947b-e737b8824d9e,comune-di-san-marco-in-lamis,Comune di San Marco in Lamis,3,331.67,,,,Good
2026-09-01,organization,585452e2-12b4-4187-89d6-c33068eff19f,regione-puglia,Regione Puglia,2012,358.62,,,,Excellent
2026-09-01,organization,954a56b3-6ace-4e65-947b-e737b8824d9e,comune-di-san-marco-in-lamis,Comune di San Marco in Lamis,3,331.67,,,,Good
2026-09-02,organization,585452e2-12b4-4187-89d6-c33068eff19f,regione-puglia,Regione Puglia,2012,358.62,,,,Excellent
2026-09-02,organization,954a56b3-6ace-4e65-947b-e737b8824d9e,comune-di-san-marco-in-lamis,Comune di San Marco in Lamis,3,331.67,,,,Good
2026-09-03,organization,585452e2-12b4-4187-89d6-c33068eff19f,regione-puglia,Regione Puglia,2012,358.62,,,,Excellent
2026-09-03,organization,954a56b3-6ace-4e65-947b-e737b8824d9e,comune-di-san-marco-in-lamis,Comune di San Marco in Lamis,3,331.67,,,,Good
2026-09-04,organization,585452e2-12b4-4187-89d6-c33068eff19f,regione-puglia,Regione Puglia,2012,358.62,,,,Excellent
2026-09-04,organization,954a56b3-6ace-4e65-947b-e737b8824d9e,comune-di-san-marco-in-lamis,Comune di San Marco in Lamis,3,331.67,,,,Good
2026-08-02,publisher,PO CED,,PO CED,2,405.0,405,405,405,Excellent
2026-08-02,publisher,Ufficio Commercio,,Ufficio Commercio,10,391.0,385,385,405,Excellent
2026-08-02,publisher,ASL TA,,ASL TA,12,386.67,385,385,405,Excellent
2026-08-02,publisher,Osservatorio Turismo,,Osservatorio Turismo,5,385.0,385,385,385,Excellent
2026-08-02,publisher,ARET - Ufficio Osservatorio,,ARET - Ufficio Osservatorio,4,385.0,385,385,385,Excellent
2026-08-02,publisher,Sezione politiche di benessere sociale e pari opportunità,,Sezione politiche di benessere sociale e pari opportunità,3,385.0,385,385,385,Excellent
2026-08-02,publisher,SEZIONE INCLUSIONE SOCIALE ATTIVA,,SEZIONE INCLUSIONE SOCIALE ATTIVA,5,385.0,385,385,385,Excellent
2026-08-02,publisher,Area Direzione Amministrativa - Servizio PMO e Internazionalizzazione,,Area Direzione Amministrativa - Servizio PMO e Internazionalizzazione,1,385.0,385,385,385,Excellent
2026-08-02,publisher,Arti Puglia,,Arti Puglia,1,385.0,385,385,385,Excellent
2026-08-02,publisher,Struttura Speciale Comunicazione Istituzionale,,Struttura Speciale Comunicazione Istituzionale,2,385.0,385,385,385,Excellent
2026-08-02,publisher,ADISU Puglia,,ADISU Puglia,10,385.0,385,385,385,Excellent
2026-08-02,publisher,Area Direzione Amministrativa - Servizio Formazione e Innovazione dei Saperi,,Area Direzione Amministrativa - Servizio Formazione e Innovazione dei Saperi,1,385.0,385,385,385,Excellent
2026-08-02,publisher,Centro Regionale HTA - Area Valutazione e Ricerca,,Centro Regionale HTA - Area Valutazione e Ricerca,2,385.0,385,385,385,Excellent
2026-08-02,publisher,Asset,,Asset,19,385.0,385,385,385,Excellent
2026-08-02,publisher,Servizi Sociali Pubblica Istruzione,,Servizi Sociali Pubblica Istruzione,5,385.0,385,385,385,Excellent
2026-08-02,publisher,Arpa Puglia - Direzione Scientifica - Centro Regionale Mare,,Arpa Puglia - Direzione Scientifica - Centro Regionale Mare,9,385.0,385,385,385,Excellent
2026-08-02,publisher,Ufficio LL.PP.,,Ufficio LL.PP.,1,385.0,385,385,385,Excellent
2026-08-02,publisher,Sistemi Informativi e Transizione Digitale,,Sistemi Informativi e Transizione Digitale,5,385.0,385,385,385,Excellent
2026-08-02,publisher,Puglia Sviluppo SpA,,Puglia Sviluppo SpA,5,385.0,385,385,385,Excellent
2026-08-02,publisher,Area E-Health,,Area E-Health,1,385.0,385,385,385,Excellent
2026-08-02,publisher,ASL Taranto,,ASL Taranto,3,385.0,385,385,385,Excellent
2026-08-02,publisher,Ufficio Ambiente,,Ufficio Ambiente,4,385.0,385,385,385,Excellent
2026-08-02,publisher,Segreteria Generale della Presidenza,,Segreteria Generale della Presidenza,1,385.0,385,385,385,Excellent
2026-08-02,publisher,Puglia Sviluppo,,Puglia Sviluppo,2,385.0,385,385,385,Excellent
2026-08-02,publisher,Agenzia regionale strategica per lo Sviluppo Ecososteniile del Territorio,,Agenzia regionale strategica per lo Sviluppo Ecososteniile del Territorio,9,385.0,385,385,385,Excellent
2026-08-02,publisher,Sezione Politiche Giovanili,,Sezione Politiche Giovanili,3,385.0,385,385,385,Excellent
2026-08-02,publisher,Sezione Organizzazione e Formazione del Personale,,Sezione Organizzazione e Formazione del Personale,2,385.0,385,385,385,Excellent
2026-08-02,publisher,Sezione Istruzione e Università - Servizio Sistema dell'Istruzione e del Diritto allo Studio,,Sezione Istruzione e Università - Servizio Sistema dell'Istruzione e del Diritto allo Studio,1,385.0,385,385,385,Excellent
2026-08-02,publisher,Sezione Infrastrutture per la Mobilità,,Sezione Infrastrutture per la Mobilità,2,385.0,385,385,385,Excellent
2026-08-02,publisher,Città di Putignano,,Città di Putignano,3,385.0,385,385,385,Excellent
2026-08-02,publisher,Sezione Strategie e Governo dell'Offerta,,Sezione Strategie e Governo dell'Offerta,1,385.0,385,385,385,Excellent
2026-08-02,publisher,Sezione Opere Pubbliche e Infrastrutture,,Sezione Opere Pubbliche e Infrastrutture,4,385.0,385,385,385,Excellent
2026-08-02,publisher,InnovaPuglia,,InnovaPuglia,2,385.0,385,385,385,Excellent
2026-08-02,publisher,Arpa Puglia - Direzione Scientifica - Centro Regionale Aria,,Arpa Puglia - Direzione Scientifica - Centro Regionale Aria,4,385.0,385,385,385,Excellent
2026-08-02,publisher,ARTI Puglia,,ARTI Puglia,12,385.0,385,385,385,Excellent
2026-08-02,publisher,Sezione Trasformazione Digitale,,Sezione Trasformazione Digitale,2,385.0,385,385,385,Excellent
2026-08-02,publisher,InnovaPuglia Spa - Servizio Territorio e Ambiente info@sit.puglia.it,,InnovaPuglia Spa - Servizio Territorio e Ambiente info@sit.puglia.it,6,385.0,385,385,385,Excellent
2026-08-02,publisher,Comune di Minervino di Lecce,,Comune di Minervino di Lecce,5,385.0,385,385,385,Excellent
2026-08-02,publisher,Sezione Promozione della salute e del benessere (servizio.sportpertutti@regione.puglia.it),,Sezione Promozione della salute e del benessere (servizio.sportpertutti@regione.puglia.it),3,385.0,385,385,385,Excellent
2026-08-02,publisher,Servizio politiche di benessere sociale e pari opportunità - Servizio programmazione Sociale ed integrazione socio-sanitaria,,Servizio politiche di benessere sociale e pari opportunità - Servizio programmazione Sociale ed integrazione socio-sanitaria,1,385.0,385,385,385,Excellent
2026-08-02,publisher,Comune di Miggiano,,Comune di Miggiano,3,385.0,385,385,385,Excellent
2026-08-02,publisher,Sezione Personale e Organizzazione,,Sezione Personale e Organizzazione,3,385.0,385,385,385,Excellent
2026-08-02,publisher,ufficio tecnico,,ufficio tecnico,7,385.0,385,385,385,Excellent
2026-08-02,publisher,"Dipartimento Turismo, Economia della Cultura e Valorizzazione del Territorio - Sezione Tutela e valorizzazione dei patrimoni culturali",,"Dipartimento Turismo, Economia della Cultura e Valorizzazione del Territorio - Sezione Tutela e valorizzazione dei patrimoni culturali",1,385.0,385,385,385,Excellent
2026-08-02,publisher,Comune di Neviano,,Comune di Neviano,3,385.0,385,385,385,Excellent
2026-08-02,publisher,Comune di Giuggianello,,Comune di Giuggianello,4,385.0,385,385,385,Excellent
2026-08-02,publisher,"Struttura di Progetto Attuazione della Politica Europea per gli Affari Marittimi, la Pesca e l'Acquacoltura",,"Struttura di Progetto Attuazione della Politica Europea per gli Affari Marittimi, la Pesca e l'Acquacoltura",2,385.0,385,385,385,Excellent
2026-08-02,publisher,Sezione Mobilità Sostenibile e Vigilanza del Trasporto Pubblico Locale,,Sezione Mobilità Sostenibile e Vigilanza del Trasporto Pubblico Locale,2,385.0,385,385,385,Excellent
2026-08-02,publisher,Sezione Statistica,,Sezione Statistica,1,385.0,385,385,385,Excellent
2026-08-02,publisher,Ufficio Transizione Digitale,,Ufficio Transizione Digitale,13,385.0,385,385,385,Excellent
2026-08-02,publisher,"Dipartimento Turismo, Economia della Cultura e Valorizzazione del Territorio - Sezione Turismo e Internazionalizzazione",,"Dipartimento Turismo, Economia della Cultura e Valorizzazione del Territorio - Sezione Turismo e Internazionalizzazione",1,385.0,385,385,385,Excellent
2026-08-02,publisher,RegionePuglia,,RegionePuglia,1,385.0,385,385,385,Excellent
2026-08-02,publisher,Comune di Andrano,,Comune di Andrano,3,385.0,385,385,385,Excellent
2026-08-02,publisher,Ufficio lavori pubblici – Comune di Palo del Colle,,Ufficio lavori pubblici – Comune di Palo del Colle,1,385.0,385,385,385,Excellent
2026-08-02,publisher,Sezione Personale,,Sezione Personale,1,385.0,385,385,385,Excellent
2026-08-02,publisher,Sezione Politiche per lo sviluppo delle aree produttive e industriali,,Sezione Politiche per lo sviluppo delle aree produttive e industriali,1,385.0,385,385,385,Excellent
2026-08-02,publisher,Comune di Nociglia,,Comune di Nociglia,3,385.0,385,385,385,Excellent
2026-08-02,publisher,Sezione Raccordo al Sistema Regionale - Servizio Contratti e Programmazione Acquisti,,Sezione Raccordo al Sistema Regionale - Servizio Contratti e Programmazione Acquisti,1,385.0,385,385,385,Excellent
2026-08-02,publisher,Agenzia Regionale Strategica per la Salute ed il Sociale,,Agenzia Regionale Strategica per la Salute ed il Sociale,4,385.0,385,385,385,Excellent
2026-08-02,publisher,Comune di Palo del Colle – Ufficio Anagrafe / Demografici,,Comune di Palo del Colle – Ufficio Anagrafe / Demografici,1,385.0,385,385,385,Excellent
2026-08-02,publisher,Sezione Ciclo Rifiuti e Bonifiche,,Sezione Ciclo Rifiuti e Bonifiche,2,385.0,385,385,385,Excellent
2026-08-02,publisher,Sezione Risorse Idriche - Servizio Sistema Idrico Integrato e Tutela delle Acque,,Sezione Risorse Idriche - Servizio Sistema Idrico Integrato e Tutela delle Acque,1,385.0,385,385,385,Excellent
2026-08-02,publisher,ced,,ced,2,385.0,385,385,385,Excellent
2026-08-02,publisher,Struttura Speciale Monitoraggio dell'Attuazione Regionale del PNRR,,Struttura Speciale Monitoraggio dell'Attuazione Regionale del PNRR,2,385.0,385,385,385,Excellent
2026-08-02,publisher,Sezione Economia della Cultura,,Sezione Economia della Cultura,1,385.0,385,385,385,Excellent
2026-08-02,publisher,Sezione Ricerca Industriale e Innovazione servizio.ricercainnovazione@regione.puglia.it,,Sezione Ricerca Industriale e Innovazione servizio.ricercainnovazione@regione.puglia.it,8,385.0,385,385,385,Excellent
2026-08-02,publisher,Team O.D.,,Team O.D.,2,385.0,385,385,385,Excellent
2026-08-02,publisher,Sezione Ricerca Industriale e Innovazione,,Sezione Ricerca Industriale e Innovazione,2,385.0,385,385,385,Excellent
2026-08-02,publisher,Segretariato generale della Giunta regionale segretariatogenerale.giunta@regione.puglia.it,,Segretariato generale della Giunta regionale segretariatogenerale.giunta@regione.puglia.it,2,385.0,385,385,385,Excellent
2026-08-02,publisher,Comune di San Pietro in Lama,,Comune di San Pietro in Lama,3,385.0,385,385,385,Excellent
2026-08-02,publisher,"Sezione Personale e Organizzazione - P.O. Statistica,  servizio.personale@regione.puglia.it",,"Sezione Personale e Organizzazione - P.O. Statistica,  servizio.personale@regione.puglia.it",1,385.0,385,385,385,Excellent
2026-08-02,publisher,Comune di Cursi,,Comune di Cursi,4,385.0,385,385,385,Excellent
2026-08-02,publisher,Ufficio tecnico,,Ufficio tecnico,2,385.0,385,385,385,Excellent
2026-08-02,publisher,SEZIONE CONTROLLI REGOLARITA AMMINISTRATIVA,,SEZIONE CONTROLLI REGOLARITA AMMINISTRATIVA,1,385.0,385,385,385,Excellent
2026-08-02,publisher,Sezione Affari e Studi Giuridici e Legislativi,,Sezione Affari e Studi Giuridici e Legislativi,1,385.0,385,385,385,Excellent
2026-08-02,publisher,Comune di Zollino,,Comune di Zollino,3,385.0,385,385,385,Excellent
2026-08-02,publisher,"Sezione Farmaci, Dispositivi Medici e Assistenza Integrativa",,"Sezione Farmaci, Dispositivi Medici e Assistenza Integrativa",1,385.0,385,385,385,Excellent
2026-08-02,publisher,ufficio lavori pubblii,,ufficio lavori pubblii,1,385.0,385,385,385,Excellent
2026-08-02,publisher,"Sezione Cloud, Cybersecurity e Infrastrutture tecnologiche",,"Sezione Cloud, Cybersecurity e Infrastrutture tecnologiche",1,385.0,385,385,385,Excellent
2026-08-02,publisher,Sezione Contenzioso Amministrativo,,Sezione Contenzioso Amministrativo,1,385.0,385,385,385,Excellent
2026-08-02,publisher,Sezione Promozione della Salute e del Benessere - Servizio Sicurezza Alimentare e Sanità Veterinaria,,Sezione Promozione della Salute e del Benessere - Servizio Sicurezza Alimentare e Sanità Veterinaria,1,385.0,385,385,385,Excellent
2026-08-02,publisher,"Dipartimento Turismo, Economia della Cultura e Valorizzazione del Territorio - Struttura di progetto Cooperazione territoriale europea e Poli BiblioMuseali",,"Dipartimento Turismo, Economia della Cultura e Valorizzazione del Territorio - Struttura di progetto Cooperazione territoriale europea e Poli BiblioMuseali",1,385.0,385,385,385,Excellent
2026-08-02,publisher,Sezione Difesa del suolo e rischio sismico,,Sezione Difesa del suolo e rischio sismico,2,385.0,385,385,385,Excellent
2026-08-02,publisher,Servizio Struttura di Staff Amministrazione e Affari generali,,Servizio Struttura di Staff Amministrazione e Affari generali,1,385.0,385,385,385,Excellent
2026-08-02,publisher,Sezione Demanio e Patrimonio,,Sezione Demanio e Patrimonio,1,385.0,385,385,385,Excellent
2026-08-02,publisher,Segreteria generale della Presidenza - Struttura Speciale Autorità di Audit,,Segreteria generale della Presidenza - Struttura Speciale Autorità di Audit,1,385.0,385,385,385,Excellent
2026-08-02,publisher,Servizio Appalti,,Servizio Appalti,2,385.0,385,385,385,Excellent
2026-08-02,publisher,Puglia Sviluppo spa,,Puglia Sviluppo spa,1,385.0,385,385,385,Excellent
2026-08-02,publisher,Adisu,,Adisu,2,385.0,385,385,385,Excellent
2026-08-02,publisher,Sezione Ricerca e Relazioni Internazionali,,Sezione Ricerca e Relazioni Internazionali,2,385.0,385,385,385,Excellent
2026-08-02,publisher,comune di martina franca,,comune di martina franca,3,385.0,385,385,385,Excellent
2026-08-02,publisher,Sezione Autorizzazioni Ambientali,,Sezione Autorizzazioni Ambientali,1,385.0,385,385,385,Excellent
2026-08-02,publisher,"Sezione Promozione del Commercio, Artigianato e Internazionalizzazione delle Imprese",,"Sezione Promozione del Commercio, Artigianato e Internazionalizzazione delle Imprese",1,385.0,385,385,385,Excellent
2026-08-02,publisher,Sezione Regionale di Vigilanza,,Sezione Regionale di Vigilanza,1,385.0,385,385,385,Excellent
2026-08-02,publisher,Sezione Provveditorato Economato,,Sezione Provveditorato Economato,2,385.0,385,385,385,Excellent
2026-08-02,publisher,Sezione Gestione Sostenibile e tutela delle Risorse Forestali e Naturali - Servizio risorse forestali,,Sezione Gestione Sostenibile e tutela delle Risorse Forestali e Naturali - Servizio risorse forestali,2,385.0,385,385,385,Excellent
2026-08-02,publisher,Sezione Politiche Abitative,,Sezione Politiche Abitative,2,385.0,385,385,385,Excellent
2026-08-02,publisher,Sezione Transizione Energetica,,Sezione Transizione Energetica,2,385.0,385,385,385,Excellent
2026-08-02,publisher,Fondazione IPRES,,Fondazione IPRES,51,385.0,385,385,385,Excellent
2026-08-02,publisher,Dipartimento sviluppo territoriale,,Dipartimento sviluppo territoriale,1,385.0,385,385,385,Excellent
2026-08-02,publisher,"Dipartimento Welfare, Sezione Inclusione Sociale Attiva",,"Dipartimento Welfare, Sezione Inclusione Sociale Attiva",1,385.0,385,385,385,Excellent
2026-08-02,publisher,PROTEZIONE CIVILE,,PROTEZIONE CIVILE,1,385.0,385,385,385,Excellent
2026-08-02,publisher,DIREZIONE AMMINISTRATIVA DEL GABINETTO - RTD,,DIREZIONE AMMINISTRATIVA DEL GABINETTO - RTD,1,385.0,385,385,385,Excellent
2026-08-02,publisher,Servizio Parchi e Tutela della Biodiversità,,Servizio Parchi e Tutela della Biodiversità,1,385.0,385,385,385,Excellent
2026-08-02,publisher,Sezione Urbanistica - Servizio Osservatorio Abusivismo e Usi Civici,,Sezione Urbanistica - Servizio Osservatorio Abusivismo e Usi Civici,1,385.0,385,385,385,Excellent
2026-08-02,publisher,Comune di Carpignano Salentino,,Comune di Carpignano Salentino,4,385.0,385,385,385,Excellent
2026-08-02,publisher,Comune di Manduria,,Comune di Manduria,5,385.0,385,385,385,Excellent
2026-08-02,publisher,Sezione Bilancio e Ragioneria servizio.bilancio.ragioneria@pec.rupar.puglia.it,,Sezione Bilancio e Ragioneria servizio.bilancio.ragioneria@pec.rupar.puglia.it,1,385.0,385,385,385,Excellent
2026-08-02,publisher,Autorità di Gestione del POR 2014-2020,,Autorità di Gestione del POR 2014-2020,1,385.0,385,385,385,Excellent
2026-08-02,publisher,Aress Puglia,,Aress Puglia,4,385.0,385,385,385,Excellent
2026-08-02,publisher,PROGRAMMAZIONE UNITARIA,,PROGRAMMAZIONE UNITARIA,1,385.0,385,385,385,Excellent
2026-08-02,publisher,Sezione Demanio e Patrimonio serviziodemaniopatrimonio.bari@pec.rupar.puglia.it,,Sezione Demanio e Patrimonio serviziodemaniopatrimonio.bari@pec.rupar.puglia.it,3,385.0,385,385,385,Excellent
2026-08-02,publisher,Labalestra Mary Jo,,Labalestra Mary Jo,1,385.0,385,385,385,Excellent
2026-08-02,publisher,SEZIONE FORMAZIONE,,SEZIONE FORMAZIONE,1,385.0,385,385,385,Excellent
2026-08-02,publisher,ARPA Puglia,,ARPA Puglia,2,385.0,385,385,385,Excellent
2026-08-02,publisher,Sezione Affari istituzionali e giuridici,,Sezione Affari istituzionali e giuridici,1,385.0,385,385,385,Excellent
2026-08-02,publisher,Luisa Maraschiello,,Luisa Maraschiello,1,385.0,385,385,385,Excellent
2026-08-02,publisher,Sezione datore di lavoro,,Sezione datore di lavoro,1,385.0,385,385,385,Excellent
2026-08-02,publisher,AREA ANALISI E RICERCHE,,AREA ANALISI E RICERCHE,1,385.0,385,385,385,Excellent
2026-08-02,publisher,Comune di Specchia,,Comune di Specchia,4,385.0,385,385,385,Excellent
2026-08-02,publisher,Comune di Santa Cesarea Terme,,Comune di Santa Cesarea Terme,4,385.0,385,385,385,Excellent
2026-08-02,publisher,Comune di Melpignano,,Comune di Melpignano,8,385.0,385,385,385,Excellent
2026-08-02,publisher,Sezione Bilancio e Ragioneria,,Sezione Bilancio e Ragioneria,1,385.0,385,385,385,Excellent
2026-08-02,publisher,Area Valutazione e Ricerca – Servizio Ricerca Sanitaria e Sperimentazioni Gestionali,,Area Valutazione e Ricerca – Servizio Ricerca Sanitaria e Sperimentazioni Gestionali,2,385.0,385,385,385,Excellent
2026-08-02,publisher,Affari Generali,,Affari Generali,2,385.0,385,385,385,Excellent
2026-08-02,publisher,Area Direzione Amministrativa - Servizio Risorse Umane,,Area Direzione Amministrativa - Servizio Risorse Umane,1,385.0,385,385,385,Excellent
2026-08-02,publisher,Redazione,,Redazione,1,385.0,385,385,385,Excellent
2026-08-02,publisher,"SEZIONE BENESSERE SOCIALE, INNOVAIONE E SUSSIDIARIETA'",,"SEZIONE BENESSERE SOCIALE, INNOVAIONE E SUSSIDIARIETA'",1,385.0,385,385,385,Excellent
2026-08-02,publisher,Sezione Promozione della salute e del benessere,,Sezione Promozione della salute e del benessere,1,385.0,385,385,385,Excellent
2026-08-02,publisher,Sezione Ricerca industriale e Innovazione,,Sezione Ricerca industriale e Innovazione,2,385.0,385,385,385,Excellent
2026-08-02,publisher,Servizio Ricerca Industriale e Innovazione,,Servizio Ricerca Industriale e Innovazione,1,385.0,385,385,385,Excellent
2026-08-02,publisher,Sezione Personale e Organizzazione servizio.personale@regione.puglia.it,,Sezione Personale e Organizzazione servizio.personale@regione.puglia.it,1,385.0,385,385,385,Excellent
2026-08-02,publisher,Sezione Programmazione Acquisti servizio.affarigenerali@regione.puglia.it,,Sezione Programmazione Acquisti servizio.affarigenerali@regione.puglia.it,1,385.0,385,385,385,Excellent
2026-08-02,publisher,Sezione Attuzione dei programmi comunitari per l'agricolturai,,Sezione Attuzione dei programmi comunitari per l'agricolturai,1,385.0,385,385,385,Excellent
2026-08-02,publisher,Segreteria generale della Presidenza - Struttura Speciale Audit FSE+,,Segreteria generale della Presidenza - Struttura Speciale Audit FSE+,1,385.0,385,385,385,Excellent
2026-08-02,publisher,Dipartimento Sviluppo Economico,,Dipartimento Sviluppo Economico,1,385.0,385,385,385,Excellent
2026-08-02,publisher,Sezione Coordinamento dei servizi territoriali,,Sezione Coordinamento dei servizi territoriali,1,385.0,385,385,385,Excellent
2026-08-02,publisher,Servizio Risorse Finanziarie,,Servizio Risorse Finanziarie,1,385.0,385,385,385,Excellent
2026-08-02,publisher,Dipartimento Personale e Organizzazione - Sezione Personale,,Dipartimento Personale e Organizzazione - Sezione Personale,1,385.0,385,385,385,Excellent
2026-08-02,publisher,Protezione Civile,,Protezione Civile,1,385.0,385,385,385,Excellent
2026-08-02,publisher,"Dipartimento Sviluppo Economico - Sezione Crescita Digitale delle persone, del territorio e delle imprese",,"Dipartimento Sviluppo Economico - Sezione Crescita Digitale delle persone, del territorio e delle imprese",1,385.0,385,385,385,Excellent
2026-08-02,publisher,Sezione Trasporto Pubblico Locale e Intermodalità,,Sezione Trasporto Pubblico Locale e Intermodalità,2,385.0,385,385,385,Excellent
2026-08-02,publisher,Area Valutazione e Ricerca – Servizio Valutazione e Governo dell'Innovazione,,Area Valutazione e Ricerca – Servizio Valutazione e Governo dell'Innovazione,1,385.0,385,385,385,Excellent
2026-08-02,publisher,Sezione Bilancio della Sanità e dello Sport,,Sezione Bilancio della Sanità e dello Sport,1,385.0,385,385,385,Excellent
2026-08-02,publisher,ASL Brindisi,,ASL Brindisi,1,385.0,385,385,385,Excellent
2026-08-02,publisher,Sezione Programmazione e coordinamento,,Sezione Programmazione e coordinamento,2,385.0,385,385,385,Excellent
2026-08-02,publisher,Sezione Coordinamento dei Servizi Territoriali,,Sezione Coordinamento dei Servizi Territoriali,1,385.0,385,385,385,Excellent
2026-08-02,publisher,Comune di Palo del Colle – Ufficio Anagrafe,,Comune di Palo del Colle – Ufficio Anagrafe,1,385.0,385,385,385,Excellent
2026-08-02,publisher,Servizio Finanziario – Comune di Palo del Colle,,Servizio Finanziario – Comune di Palo del Colle,1,385.0,385,385,385,Excellent
2026-08-02,publisher,"Dipartimento Agricoltura, sviluppo rurale e Ambientale - Sezione Attuazione dei Programmi Comunitari per l'agricoltura",,"Dipartimento Agricoltura, sviluppo rurale e Ambientale - Sezione Attuazione dei Programmi Comunitari per l'agricoltura",1,385.0,385,385,385,Excellent
2026-08-02,publisher,SEZIONE POLITICHE E MERCATO DEL LAVORO,,SEZIONE POLITICHE E MERCATO DEL LAVORO,1,385.0,385,385,385,Excellent
2026-08-02,publisher,Sezione Competitività,,Sezione Competitività,2,385.0,385,385,385,Excellent
2026-08-02,publisher,Ufficio Urbanistica,,Ufficio Urbanistica,1,385.0,385,385,385,Excellent
2026-08-02,publisher,Servizio Protezione Civile servizio.protezionecivile@regione.puglia.it,,Servizio Protezione Civile servizio.protezionecivile@regione.puglia.it,1,385.0,385,385,385,Excellent
2026-08-02,publisher,Comune di Candela,,Comune di Candela,4,385.0,385,385,385,Excellent
2026-08-02,publisher,Sezione Controlli,,Sezione Controlli,1,385.0,385,385,385,Excellent
2026-08-02,publisher,Comune di Oria,,Comune di Oria,1,385.0,385,385,385,Excellent
2026-08-02,publisher,Servizio Programmazione Acquisti,,Servizio Programmazione Acquisti,1,385.0,385,385,385,Excellent
2026-08-02,publisher,InnovaPuglia spa infolivinglabs@innova.puglia.it,,InnovaPuglia spa infolivinglabs@innova.puglia.it,2,385.0,385,385,385,Excellent
2026-08-02,publisher,M. Capozzi,,M. Capozzi,1,385.0,385,385,385,Excellent
2026-08-02,publisher,"Sezione Turismo e Internazionalizzazione - Servizio Sviluppo, Infrastrutture, Imprese, Professioni",,"Sezione Turismo e Internazionalizzazione - Servizio Sviluppo, Infrastrutture, Imprese, Professioni",1,385.0,385,385,385,Excellent
2026-08-02,publisher,Sezione Finanze,,Sezione Finanze,1,385.0,385,385,385,Excellent
2026-08-02,publisher,Sezione politiche di benessere sociale e pari opportunità Sezione programmazione Sociale ed integrazione socio-sanitaria,,Sezione politiche di benessere sociale e pari opportunità Sezione programmazione Sociale ed integrazione socio-sanitaria,1,385.0,385,385,385,Excellent
2026-08-02,publisher,Sezione Personale e Organizzazione - servizio.personale@regione.puglia.it,,Sezione Personale e Organizzazione - servizio.personale@regione.puglia.it,1,385.0,385,385,385,Excellent
2026-08-02,publisher,"SEZIONE INNOVAZIONE, DATI E SERVIZI DIGITALI",,"SEZIONE INNOVAZIONE, DATI E SERVIZI DIGITALI",1,385.0,385,385,385,Excellent
2026-08-02,publisher,Sezione Trattamento Economico,,Sezione Trattamento Economico,2,385.0,385,385,385,Excellent
2026-08-02,publisher,Sezione politiche di benessere sociale e pari opportunità - Sezione programmazione Sociale ed integrazione socio-sanitaria - InnovaPuglia S.p.a.,,Sezione politiche di benessere sociale e pari opportunità - Sezione programmazione Sociale ed integrazione socio-sanitaria - InnovaPuglia S.p.a.,1,385.0,385,385,385,Excellent
2026-08-02,publisher,Sezione APG,,Sezione APG,1,385.0,385,385,385,Excellent
2026-08-02,publisher,"Dipartimento Turismo, Economia della Cultura e Valorizzazione del Territorio - Struttura Progetto Cooperazione Territoriale Europea E Poli Biblio-Museali",,"Dipartimento Turismo, Economia della Cultura e Valorizzazione del Territorio - Struttura Progetto Cooperazione Territoriale Europea E Poli Biblio-Museali",1,385.0,385,385,385,Excellent
2026-08-02,publisher,DIPARTIMENTO PROMOZIONE DELLA SALUTE E DEL BENESSERE ANIMALE/SEZIONE PROMOZIONE DELLA SALUTE E DEL BENESSERE,,DIPARTIMENTO PROMOZIONE DELLA SALUTE E DEL BENESSERE ANIMALE/SEZIONE PROMOZIONE DELLA SALUTE E DEL BENESSERE,3,385.0,385,385,385,Excellent
2026-08-02,publisher,Ufficio Sistemi Informativi e Flussi Informativi,,Ufficio Sistemi Informativi e Flussi Informativi,1,385.0,385,385,385,Excellent
2026-08-02,publisher,Dipartimento Ambiente Paesaggio e Qualità Urbana,,Dipartimento Ambiente Paesaggio e Qualità Urbana,1,385.0,385,385,385,Excellent
2026-08-02,publisher,Programmazione Unitaria,,Programmazione Unitaria,1,385.0,385,385,385,Excellent
2026-08-02,publisher,"Dipartimento Turismo, Economia della Cultura e Valorizzazione del Territorio - Sezione Economia della Cultura",,"Dipartimento Turismo, Economia della Cultura e Valorizzazione del Territorio - Sezione Economia della Cultura",1,385.0,385,385,385,Excellent
2026-08-02,publisher,ex Sezione Promozione della Salute e del Benessere - attuale Sezione Sanità Veterinaria e Sicurezza Alimentare,,ex Sezione Promozione della Salute e del Benessere - attuale Sezione Sanità Veterinaria e Sicurezza Alimentare,1,385.0,385,385,385,Excellent
2026-08-02,publisher,Sezione Tutela e valorizzazione del paesaggio,,Sezione Tutela e valorizzazione del paesaggio,1,385.0,385,385,385,Excellent
2026-08-02,publisher,"Sezione Promozione del Commercio, Artigianato e Internazionalizzazione delle imprese",,"Sezione Promozione del Commercio, Artigianato e Internazionalizzazione delle imprese",1,385.0,385,385,385,Excellent
2026-08-02,publisher,Interreg Management Structure,,Interreg Management Structure,1,385.0,385,385,385,Excellent
2026-08-02,publisher,Dott.ssa Rocca Anna Ettorre,,Dott.ssa Rocca Anna Ettorre,1,385.0,385,385,385,Excellent
2026-08-02,publisher,Affari generali,,Affari generali,1,385.0,385,385,385,Excellent
2026-08-02,publisher,Urbanistica,,Urbanistica,1,385.0,385,385,385,Excellent
2026-08-02,publisher,Sezione Personale e Sezione Statistica,,Sezione Personale e Sezione Statistica,1,385.0,385,385,385,Excellent
2026-08-02,publisher,"Dipartimento Welfare, sezione Benessere Sociale, Innovazione e Sussidiarietà",,"Dipartimento Welfare, sezione Benessere Sociale, Innovazione e Sussidiarietà",1,385.0,385,385,385,Excellent
2026-08-02,publisher,Struttura Speciale Cooperazione Euro-Mediterranea,,Struttura Speciale Cooperazione Euro-Mediterranea,1,385.0,385,385,385,Excellent
2026-08-02,publisher,Sezione Tutela e Valorizzazione dei Patrimoni Culturali,,Sezione Tutela e Valorizzazione dei Patrimoni Culturali,1,385.0,385,385,385,Excellent
2026-08-02,publisher,"Sezione Sicurezza del Cittadino, politiche per le migrazioni ed Antimafia sociale",,"Sezione Sicurezza del Cittadino, politiche per le migrazioni ed Antimafia sociale",1,385.0,385,385,385,Excellent
2026-08-02,publisher,Sezione Bilancio e ragioneria,,Sezione Bilancio e ragioneria,1,385.0,385,385,385,Excellent
2026-08-02,publisher,Sezione Supporto Legsislativo,,Sezione Supporto Legsislativo,1,385.0,385,385,385,Excellent
2026-08-02,publisher,Marica Girardi - laboratoriurbani@regione.puglia.it,,Marica Girardi - laboratoriurbani@regione.puglia.it,1,385.0,385,385,385,Excellent
2026-08-02,publisher,SEZIONE INCLUSIONE SOCIALE ATTIVA e SEZIONE ISTRUZIONE E UNIVERSITA',,SEZIONE INCLUSIONE SOCIALE ATTIVA e SEZIONE ISTRUZIONE E UNIVERSITA',1,385.0,385,385,385,Excellent
2026-08-02,publisher,Comune di Massafra,,Comune di Massafra,38,384.21,385,355,385,Excellent
2026-08-02,publisher,ARET Ufficio Innovazione,,ARET Ufficio Innovazione,14,383.57,385,365,385,Excellent
2026-08-02,publisher,Regione Puglia,,Regione Puglia,61,383.52,385,355,385,Excellent
2026-08-02,publisher,Ufficio statistica,,Ufficio statistica,90,383.22,385,305,385,Excellent
2026-08-02,publisher,Comune di Galatone,,Comune di Galatone,5,381.0,385,365,385,Excellent
2026-08-02,publisher,Area Analisi e Ricerche,,Area Analisi e Ricerche,5,381.0,385,375,385,Excellent
2026-08-02,publisher,Città di Trani,,Città di Trani,5,379.0,385,355,385,Excellent
2026-08-02,publisher,Sezione Competitività delle Filiere Agroalimentari,,Sezione Competitività delle Filiere Agroalimentari,3,378.33,385,365,385,Excellent
2026-08-02,publisher,Area Innovazione di Sistema e Qualità,,Area Innovazione di Sistema e Qualità,5,377.0,385,365,385,Excellent
2026-08-02,publisher,Autorità idrica Pugliese (AIP),,Autorità idrica Pugliese (AIP),13,375.77,385,365,385,Excellent
2026-08-02,publisher,re,,re,8,375.0,385,305,385,Excellent
2026-08-02,publisher,Comune di Binetto,,Comune di Binetto,3,375.0,385,355,385,Excellent
2026-08-02,publisher,ARPAP,,ARPAP,2,370.0,385,355,385,Excellent
2026-08-02,publisher,"Dipartimento Turismo, Economia della Cultura e Valorizzazione del Territorio - Sezione Sviluppo Innovazione Reti",,"Dipartimento Turismo, Economia della Cultura e Valorizzazione del Territorio - Sezione Sviluppo Innovazione Reti",2,370.0,385,355,385,Excellent
2026-08-02,publisher,Sezione Osservatorio fitosanitario,,Sezione Osservatorio fitosanitario,2,370.0,385,355,385,Excellent
2026-08-02,publisher,Ufficio Statistica e Studi,,Ufficio Statistica e Studi,5,369.0,385,305,385,Excellent
2026-08-02,publisher,comune lecce,,comune lecce,4,365.0,385,305,385,Excellent
2026-08-02,publisher,Polizia Municipale,,Polizia Municipale,5,363.0,385,275,385,Excellent
2026-08-02,publisher,Area di Epidemiologia e Care Intelligence,,Area di Epidemiologia e Care Intelligence,15,358.33,385,305,385,Excellent
2026-08-02,publisher,Servizio Transizione Digitale e Privacy,,Servizio Transizione Digitale e Privacy,11,357.73,365,305,385,Excellent
2026-08-02,publisher,Comune di San Marco in Lamis,,Comune di San Marco in Lamis,8,357.5,385,305,385,Excellent
2026-08-02,publisher,Interreg Managment Structure,,Interreg Managment Structure,1,355.0,355,355,355,Excellent
2026-08-02,publisher,Andrea De Salve,,Andrea De Salve,2,355.0,405,305,405,Excellent
2026-08-02,publisher,Comune di Bari,,Comune di Bari,167,352.13,355,335,355,Excellent
2026-08-02,publisher,Area Valutazione e Ricerca,,Area Valutazione e Ricerca,9,351.67,365,305,365,Excellent
2026-08-02,publisher,comune di lecce,,comune di lecce,22,350.91,385,305,385,Good
2026-08-02,publisher,Redazione O.D.,,Redazione O.D.,104,350.0,385,285,385,Good
2026-08-02,publisher,Ufficio Statistica e Studi Camera di Commercio di Lecce,,Ufficio Statistica e Studi Camera di Commercio di Lecce,96,348.12,385,305,385,Good
2026-08-02,publisher,Comune di Martina Franca,,Comune di Martina Franca,29,345.69,365,305,385,Good
2026-08-02,publisher,redazione OD,,redazione OD,2,345.0,385,305,385,Good
2026-08-02,publisher,Ufficio transizione digitale,,Ufficio transizione digitale,2,345.0,385,305,385,Good
2026-08-02,publisher,Redazione OD,,Redazione OD,382,344.92,355,275,385,Good
2026-08-02,publisher,Comune di Lecce,,Comune di Lecce,38,342.89,335,305,385,Good
2026-08-02,publisher,Camera di Commercio di Lecce,,Camera di Commercio di Lecce,177,340.88,305,305,405,Good
2026-08-02,publisher,REDAZIONE OD,,REDAZIONE OD,2,335.0,365,305,365,Good
2026-08-02,publisher,Area di Direzione Amministrativa,,Area di Direzione Amministrativa,6,331.67,305,305,385,Good
2026-08-02,publisher,Arpa Puglia - Direzione Scientifica - Servizio Agenti Fisici,,Arpa Puglia - Direzione Scientifica - Servizio Agenti Fisici,4,327.5,315,305,385,Good
2026-08-02,publisher,Camera di Commercio,,Camera di Commercio,18,325.0,305,305,405,Good
2026-08-02,publisher,Comune Lecce,,Comune Lecce,8,325.0,305,305,385,Good
2026-08-02,publisher,Ufficio Infortunistica,,Ufficio Infortunistica,5,321.0,305,305,385,Good
2026-08-02,publisher,Comune di Crispiano,,Comune di Crispiano,14,319.29,305,305,385,Good
2026-08-02,publisher,Comune di Bitonto,,Comune di Bitonto,55,310.82,305,305,385,Good
2026-08-02,publisher,Ufficio Statistica,,Ufficio Statistica,57,309.21,305,305,385,Good
2026-08-02,publisher,Ufficio Servizi Finanziari,,Ufficio Servizi Finanziari,2,305.0,305,305,305,Good
2026-08-02,publisher,Comune di Sternatia,,Comune di Sternatia,3,305.0,305,305,305,Good
2026-08-02,publisher,DO,,DO,3,305.0,305,305,305,Good
2026-08-02,publisher,Servizi Sociali,,Servizi Sociali,4,305.0,305,305,305,Good
2026-08-02,publisher,Ragioneria Crispiano,,Ragioneria Crispiano,2,305.0,305,305,305,Good
2026-08-02,publisher,Redazione O.D,,Redazione O.D,1,305.0,305,305,305,Good
2026-08-02,publisher,Sonia Cappello,,Sonia Cappello,2,305.0,305,305,305,Good
2026-08-02,publisher,Polizia Locale Lecce,,Polizia Locale Lecce,1,305.0,305,305,305,Good
2026-08-02,publisher,redazione O.D.,,redazione O.D.,1,305.0,305,305,305,Good
2026-08-02,publisher,redazione  O.P.,,redazione  O.P.,1,305.0,305,305,305,Good
2026-08-02,publisher,Comune di Muro Leccese,,Comune di Muro Leccese,5,305.0,305,305,305,Good
2026-08-02,publisher,Ufficio  Coordinamento PNRR,,Ufficio  Coordinamento PNRR,1,305.0,305,305,305,Good
2026-08-02,publisher,Mauro Nicola de Pinto,,Mauro Nicola de Pinto,1,255.0,255,255,255,Good
2026-08-03,publisher,PO CED,,PO CED,2,405.0,405,405,405,Excellent
2026-08-03,publisher,Ufficio Commercio,,Ufficio Commercio,10,391.0,385,385,405,Excellent
2026-08-03,publisher,ASL TA,,ASL TA,12,386.67,385,385,405,Excellent
2026-08-03,publisher,Servizi Sociali Pubblica Istruzione,,Servizi Sociali Pubblica Istruzione,5,385.0,385,385,385,Excellent
2026-08-03,publisher,Ufficio LL.PP.,,Ufficio LL.PP.,1,385.0,385,385,385,Excellent
2026-08-03,publisher,Arpa Puglia - Direzione Scientifica - Centro Regionale Mare,,Arpa Puglia - Direzione Scientifica - Centro Regionale Mare,9,385.0,385,385,385,Excellent
2026-08-03,publisher,Sistemi Informativi e Transizione Digitale,,Sistemi Informativi e Transizione Digitale,5,385.0,385,385,385,Excellent
2026-08-03,publisher,Puglia Sviluppo SpA,,Puglia Sviluppo SpA,5,385.0,385,385,385,Excellent
2026-08-03,publisher,Puglia Sviluppo,,Puglia Sviluppo,2,385.0,385,385,385,Excellent
2026-08-03,publisher,Agenzia regionale strategica per lo Sviluppo Ecososteniile del Territorio,,Agenzia regionale strategica per lo Sviluppo Ecososteniile del Territorio,9,385.0,385,385,385,Excellent
2026-08-03,publisher,Osservatorio Turismo,,Osservatorio Turismo,5,385.0,385,385,385,Excellent
2026-08-03,publisher,ARET - Ufficio Osservatorio,,ARET - Ufficio Osservatorio,4,385.0,385,385,385,Excellent
2026-08-03,publisher,ASL Taranto,,ASL Taranto,3,385.0,385,385,385,Excellent
2026-08-03,publisher,Arti Puglia,,Arti Puglia,1,385.0,385,385,385,Excellent
2026-08-03,publisher,Struttura Speciale Comunicazione Istituzionale,,Struttura Speciale Comunicazione Istituzionale,2,385.0,385,385,385,Excellent
2026-08-03,publisher,Centro Regionale HTA - Area Valutazione e Ricerca,,Centro Regionale HTA - Area Valutazione e Ricerca,2,385.0,385,385,385,Excellent
2026-08-03,publisher,Area Direzione Amministrativa - Servizio Formazione e Innovazione dei Saperi,,Area Direzione Amministrativa - Servizio Formazione e Innovazione dei Saperi,1,385.0,385,385,385,Excellent
2026-08-03,publisher,Asset,,Asset,19,385.0,385,385,385,Excellent
2026-08-03,publisher,Ufficio Ambiente,,Ufficio Ambiente,4,385.0,385,385,385,Excellent
2026-08-03,publisher,ADISU Puglia,,ADISU Puglia,10,385.0,385,385,385,Excellent
2026-08-03,publisher,Segreteria Generale della Presidenza,,Segreteria Generale della Presidenza,1,385.0,385,385,385,Excellent
2026-08-03,publisher,Sezione Istruzione e Università - Servizio Sistema dell'Istruzione e del Diritto allo Studio,,Sezione Istruzione e Università - Servizio Sistema dell'Istruzione e del Diritto allo Studio,1,385.0,385,385,385,Excellent
2026-08-03,publisher,Città di Putignano,,Città di Putignano,3,385.0,385,385,385,Excellent
2026-08-03,publisher,DIREZIONE AMMINISTRATIVA DEL GABINETTO - RTD,,DIREZIONE AMMINISTRATIVA DEL GABINETTO - RTD,1,385.0,385,385,385,Excellent
2026-08-03,publisher,Servizio Parchi e Tutela della Biodiversità,,Servizio Parchi e Tutela della Biodiversità,1,385.0,385,385,385,Excellent
2026-08-03,publisher,Sezione Strategie e Governo dell'Offerta,,Sezione Strategie e Governo dell'Offerta,1,385.0,385,385,385,Excellent
2026-08-03,publisher,Sezione Opere Pubbliche e Infrastrutture,,Sezione Opere Pubbliche e Infrastrutture,4,385.0,385,385,385,Excellent
2026-08-03,publisher,Dipartimento sviluppo territoriale,,Dipartimento sviluppo territoriale,1,385.0,385,385,385,Excellent
2026-08-03,publisher,"Dipartimento Welfare, Sezione Inclusione Sociale Attiva",,"Dipartimento Welfare, Sezione Inclusione Sociale Attiva",1,385.0,385,385,385,Excellent
2026-08-03,publisher,PROTEZIONE CIVILE,,PROTEZIONE CIVILE,1,385.0,385,385,385,Excellent
2026-08-03,publisher,InnovaPuglia,,InnovaPuglia,2,385.0,385,385,385,Excellent
2026-08-03,publisher,Arpa Puglia - Direzione Scientifica - Centro Regionale Aria,,Arpa Puglia - Direzione Scientifica - Centro Regionale Aria,4,385.0,385,385,385,Excellent
2026-08-03,publisher,Sezione Ricerca Industriale e Innovazione servizio.ricercainnovazione@regione.puglia.it,,Sezione Ricerca Industriale e Innovazione servizio.ricercainnovazione@regione.puglia.it,8,385.0,385,385,385,Excellent
2026-08-03,publisher,ARTI Puglia,,ARTI Puglia,12,385.0,385,385,385,Excellent
2026-08-03,publisher,InnovaPuglia Spa - Servizio Territorio e Ambiente info@sit.puglia.it,,InnovaPuglia Spa - Servizio Territorio e Ambiente info@sit.puglia.it,6,385.0,385,385,385,Excellent
2026-08-03,publisher,Comune di Minervino di Lecce,,Comune di Minervino di Lecce,5,385.0,385,385,385,Excellent
2026-08-03,publisher,Sezione Trasformazione Digitale,,Sezione Trasformazione Digitale,2,385.0,385,385,385,Excellent
2026-08-03,publisher,Comune di Giuggianello,,Comune di Giuggianello,4,385.0,385,385,385,Excellent
2026-08-03,publisher,Sezione Promozione della salute e del benessere (servizio.sportpertutti@regione.puglia.it),,Sezione Promozione della salute e del benessere (servizio.sportpertutti@regione.puglia.it),3,385.0,385,385,385,Excellent
2026-08-03,publisher,Sezione Ricerca Industriale e Innovazione,,Sezione Ricerca Industriale e Innovazione,2,385.0,385,385,385,Excellent
2026-08-03,publisher,Sezione Urbanistica - Servizio Osservatorio Abusivismo e Usi Civici,,Sezione Urbanistica - Servizio Osservatorio Abusivismo e Usi Civici,1,385.0,385,385,385,Excellent
2026-08-03,publisher,Comune di Zollino,,Comune di Zollino,3,385.0,385,385,385,Excellent
2026-08-03,publisher,Team O.D.,,Team O.D.,2,385.0,385,385,385,Excellent
2026-08-03,publisher,Segretariato generale della Giunta regionale segretariatogenerale.giunta@regione.puglia.it,,Segretariato generale della Giunta regionale segretariatogenerale.giunta@regione.puglia.it,2,385.0,385,385,385,Excellent
2026-08-03,publisher,Servizio politiche di benessere sociale e pari opportunità - Servizio programmazione Sociale ed integrazione socio-sanitaria,,Servizio politiche di benessere sociale e pari opportunità - Servizio programmazione Sociale ed integrazione socio-sanitaria,1,385.0,385,385,385,Excellent
2026-08-03,publisher,Comune di Miggiano,,Comune di Miggiano,3,385.0,385,385,385,Excellent
2026-08-03,publisher,Sezione Personale e Organizzazione,,Sezione Personale e Organizzazione,3,385.0,385,385,385,Excellent
2026-08-03,publisher,Comune di Carpignano Salentino,,Comune di Carpignano Salentino,4,385.0,385,385,385,Excellent
2026-08-03,publisher,Comune di Manduria,,Comune di Manduria,5,385.0,385,385,385,Excellent
2026-08-03,publisher,Sezione Bilancio e Ragioneria servizio.bilancio.ragioneria@pec.rupar.puglia.it,,Sezione Bilancio e Ragioneria servizio.bilancio.ragioneria@pec.rupar.puglia.it,1,385.0,385,385,385,Excellent
2026-08-03,publisher,Comune di San Pietro in Lama,,Comune di San Pietro in Lama,3,385.0,385,385,385,Excellent
2026-08-03,publisher,"Sezione Personale e Organizzazione - P.O. Statistica,  servizio.personale@regione.puglia.it",,"Sezione Personale e Organizzazione - P.O. Statistica,  servizio.personale@regione.puglia.it",1,385.0,385,385,385,Excellent
2026-08-03,publisher,Comune di Cursi,,Comune di Cursi,4,385.0,385,385,385,Excellent
2026-08-03,publisher,Ufficio tecnico,,Ufficio tecnico,2,385.0,385,385,385,Excellent
2026-08-03,publisher,SEZIONE CONTROLLI REGOLARITA AMMINISTRATIVA,,SEZIONE CONTROLLI REGOLARITA AMMINISTRATIVA,1,385.0,385,385,385,Excellent
2026-08-03,publisher,Sezione Affari e Studi Giuridici e Legislativi,,Sezione Affari e Studi Giuridici e Legislativi,1,385.0,385,385,385,Excellent
2026-08-03,publisher,"Sezione Farmaci, Dispositivi Medici e Assistenza Integrativa",,"Sezione Farmaci, Dispositivi Medici e Assistenza Integrativa",1,385.0,385,385,385,Excellent
2026-08-03,publisher,Agenzia Regionale Strategica per la Salute ed il Sociale,,Agenzia Regionale Strategica per la Salute ed il Sociale,4,385.0,385,385,385,Excellent
2026-08-03,publisher,ufficio tecnico,,ufficio tecnico,7,385.0,385,385,385,Excellent
2026-08-03,publisher,Sezione Statistica,,Sezione Statistica,1,385.0,385,385,385,Excellent
2026-08-03,publisher,"Dipartimento Turismo, Economia della Cultura e Valorizzazione del Territorio - Sezione Tutela e valorizzazione dei patrimoni culturali",,"Dipartimento Turismo, Economia della Cultura e Valorizzazione del Territorio - Sezione Tutela e valorizzazione dei patrimoni culturali",1,385.0,385,385,385,Excellent
2026-08-03,publisher,SEZIONE INCLUSIONE SOCIALE ATTIVA,,SEZIONE INCLUSIONE SOCIALE ATTIVA,5,385.0,385,385,385,Excellent
2026-08-03,publisher,"Struttura di Progetto Attuazione della Politica Europea per gli Affari Marittimi, la Pesca e l'Acquacoltura",,"Struttura di Progetto Attuazione della Politica Europea per gli Affari Marittimi, la Pesca e l'Acquacoltura",2,385.0,385,385,385,Excellent
2026-08-03,publisher,Comune di Neviano,,Comune di Neviano,3,385.0,385,385,385,Excellent
2026-08-03,publisher,Sezione Demanio e Patrimonio serviziodemaniopatrimonio.bari@pec.rupar.puglia.it,,Sezione Demanio e Patrimonio serviziodemaniopatrimonio.bari@pec.rupar.puglia.it,3,385.0,385,385,385,Excellent
2026-08-03,publisher,Autorità di Gestione del POR 2014-2020,,Autorità di Gestione del POR 2014-2020,1,385.0,385,385,385,Excellent
2026-08-03,publisher,Sezione Mobilità Sostenibile e Vigilanza del Trasporto Pubblico Locale,,Sezione Mobilità Sostenibile e Vigilanza del Trasporto Pubblico Locale,2,385.0,385,385,385,Excellent
2026-08-03,publisher,Comune di Andrano,,Comune di Andrano,3,385.0,385,385,385,Excellent
2026-08-03,publisher,Ufficio lavori pubblici – Comune di Palo del Colle,,Ufficio lavori pubblici – Comune di Palo del Colle,1,385.0,385,385,385,Excellent
2026-08-03,publisher,ced,,ced,2,385.0,385,385,385,Excellent
2026-08-03,publisher,Ufficio Transizione Digitale,,Ufficio Transizione Digitale,13,385.0,385,385,385,Excellent
2026-08-03,publisher,"Dipartimento Turismo, Economia della Cultura e Valorizzazione del Territorio - Sezione Turismo e Internazionalizzazione",,"Dipartimento Turismo, Economia della Cultura e Valorizzazione del Territorio - Sezione Turismo e Internazionalizzazione",1,385.0,385,385,385,Excellent
2026-08-03,publisher,Sezione Personale,,Sezione Personale,1,385.0,385,385,385,Excellent
2026-08-03,publisher,Sezione Politiche per lo sviluppo delle aree produttive e industriali,,Sezione Politiche per lo sviluppo delle aree produttive e industriali,1,385.0,385,385,385,Excellent
2026-08-03,publisher,Aress Puglia,,Aress Puglia,4,385.0,385,385,385,Excellent
2026-08-03,publisher,PROGRAMMAZIONE UNITARIA,,PROGRAMMAZIONE UNITARIA,1,385.0,385,385,385,Excellent
2026-08-03,publisher,RegionePuglia,,RegionePuglia,1,385.0,385,385,385,Excellent
2026-08-03,publisher,Comune di Nociglia,,Comune di Nociglia,3,385.0,385,385,385,Excellent
2026-08-03,publisher,Sezione Raccordo al Sistema Regionale - Servizio Contratti e Programmazione Acquisti,,Sezione Raccordo al Sistema Regionale - Servizio Contratti e Programmazione Acquisti,1,385.0,385,385,385,Excellent
2026-08-03,publisher,Comune di Palo del Colle – Ufficio Anagrafe / Demografici,,Comune di Palo del Colle – Ufficio Anagrafe / Demografici,1,385.0,385,385,385,Excellent
2026-08-03,publisher,Sezione Ciclo Rifiuti e Bonifiche,,Sezione Ciclo Rifiuti e Bonifiche,2,385.0,385,385,385,Excellent
2026-08-03,publisher,Labalestra Mary Jo,,Labalestra Mary Jo,1,385.0,385,385,385,Excellent
2026-08-03,publisher,Sezione Demanio e Patrimonio,,Sezione Demanio e Patrimonio,1,385.0,385,385,385,Excellent
2026-08-03,publisher,"Dipartimento Turismo, Economia della Cultura e Valorizzazione del Territorio - Struttura di progetto Cooperazione territoriale europea e Poli BiblioMuseali",,"Dipartimento Turismo, Economia della Cultura e Valorizzazione del Territorio - Struttura di progetto Cooperazione territoriale europea e Poli BiblioMuseali",1,385.0,385,385,385,Excellent
2026-08-03,publisher,ufficio lavori pubblii,,ufficio lavori pubblii,1,385.0,385,385,385,Excellent
2026-08-03,publisher,Sezione Contenzioso Amministrativo,,Sezione Contenzioso Amministrativo,1,385.0,385,385,385,Excellent
2026-08-03,publisher,Sezione Promozione della Salute e del Benessere - Servizio Sicurezza Alimentare e Sanità Veterinaria,,Sezione Promozione della Salute e del Benessere - Servizio Sicurezza Alimentare e Sanità Veterinaria,1,385.0,385,385,385,Excellent
2026-08-03,publisher,Sezione Difesa del suolo e rischio sismico,,Sezione Difesa del suolo e rischio sismico,2,385.0,385,385,385,Excellent
2026-08-03,publisher,Servizio Struttura di Staff Amministrazione e Affari generali,,Servizio Struttura di Staff Amministrazione e Affari generali,1,385.0,385,385,385,Excellent
2026-08-03,publisher,"Sezione Cloud, Cybersecurity e Infrastrutture tecnologiche",,"Sezione Cloud, Cybersecurity e Infrastrutture tecnologiche",1,385.0,385,385,385,Excellent
2026-08-03,publisher,Sezione Risorse Idriche - Servizio Sistema Idrico Integrato e Tutela delle Acque,,Sezione Risorse Idriche - Servizio Sistema Idrico Integrato e Tutela delle Acque,1,385.0,385,385,385,Excellent
2026-08-03,publisher,Struttura Speciale Monitoraggio dell'Attuazione Regionale del PNRR,,Struttura Speciale Monitoraggio dell'Attuazione Regionale del PNRR,2,385.0,385,385,385,Excellent
2026-08-03,publisher,Sezione Economia della Cultura,,Sezione Economia della Cultura,1,385.0,385,385,385,Excellent
2026-08-03,publisher,Sezione Politiche Giovanili,,Sezione Politiche Giovanili,3,385.0,385,385,385,Excellent
2026-08-03,publisher,Sezione Organizzazione e Formazione del Personale,,Sezione Organizzazione e Formazione del Personale,2,385.0,385,385,385,Excellent
2026-08-03,publisher,Sezione Infrastrutture per la Mobilità,,Sezione Infrastrutture per la Mobilità,2,385.0,385,385,385,Excellent
2026-08-03,publisher,Area E-Health,,Area E-Health,1,385.0,385,385,385,Excellent
2026-08-03,publisher,Sezione politiche di benessere sociale e pari opportunità,,Sezione politiche di benessere sociale e pari opportunità,3,385.0,385,385,385,Excellent
2026-08-03,publisher,Area Direzione Amministrativa - Servizio PMO e Internazionalizzazione,,Area Direzione Amministrativa - Servizio PMO e Internazionalizzazione,1,385.0,385,385,385,Excellent
2026-08-03,publisher,Segreteria generale della Presidenza - Struttura Speciale Autorità di Audit,,Segreteria generale della Presidenza - Struttura Speciale Autorità di Audit,1,385.0,385,385,385,Excellent
2026-08-03,publisher,Servizio Appalti,,Servizio Appalti,2,385.0,385,385,385,Excellent
2026-08-03,publisher,SEZIONE FORMAZIONE,,SEZIONE FORMAZIONE,1,385.0,385,385,385,Excellent
2026-08-03,publisher,"Sezione Promozione del Commercio, Artigianato e Internazionalizzazione delle Imprese",,"Sezione Promozione del Commercio, Artigianato e Internazionalizzazione delle Imprese",1,385.0,385,385,385,Excellent
2026-08-03,publisher,Sezione Regionale di Vigilanza,,Sezione Regionale di Vigilanza,1,385.0,385,385,385,Excellent
2026-08-03,publisher,Comune di Specchia,,Comune di Specchia,4,385.0,385,385,385,Excellent
2026-08-03,publisher,Fondazione IPRES,,Fondazione IPRES,51,385.0,385,385,385,Excellent
2026-08-03,publisher,Comune di Santa Cesarea Terme,,Comune di Santa Cesarea Terme,4,385.0,385,385,385,Excellent
2026-08-03,publisher,Sezione Provveditorato Economato,,Sezione Provveditorato Economato,2,385.0,385,385,385,Excellent
2026-08-03,publisher,Sezione Gestione Sostenibile e tutela delle Risorse Forestali e Naturali - Servizio risorse forestali,,Sezione Gestione Sostenibile e tutela delle Risorse Forestali e Naturali - Servizio risorse forestali,2,385.0,385,385,385,Excellent
2026-08-03,publisher,Sezione Ricerca e Relazioni Internazionali,,Sezione Ricerca e Relazioni Internazionali,2,385.0,385,385,385,Excellent
2026-08-03,publisher,Puglia Sviluppo spa,,Puglia Sviluppo spa,1,385.0,385,385,385,Excellent
2026-08-03,publisher,AREA ANALISI E RICERCHE,,AREA ANALISI E RICERCHE,1,385.0,385,385,385,Excellent
2026-08-03,publisher,comune di martina franca,,comune di martina franca,3,385.0,385,385,385,Excellent
2026-08-03,publisher,Adisu,,Adisu,2,385.0,385,385,385,Excellent
2026-08-03,publisher,Sezione datore di lavoro,,Sezione datore di lavoro,1,385.0,385,385,385,Excellent
2026-08-03,publisher,ARPA Puglia,,ARPA Puglia,2,385.0,385,385,385,Excellent
2026-08-03,publisher,Sezione Autorizzazioni Ambientali,,Sezione Autorizzazioni Ambientali,1,385.0,385,385,385,Excellent
2026-08-03,publisher,Sezione Politiche Abitative,,Sezione Politiche Abitative,2,385.0,385,385,385,Excellent
2026-08-03,publisher,Sezione Transizione Energetica,,Sezione Transizione Energetica,2,385.0,385,385,385,Excellent
2026-08-03,publisher,Sezione Affari istituzionali e giuridici,,Sezione Affari istituzionali e giuridici,1,385.0,385,385,385,Excellent
2026-08-03,publisher,Luisa Maraschiello,,Luisa Maraschiello,1,385.0,385,385,385,Excellent
2026-08-03,publisher,Sezione Bilancio e Ragioneria,,Sezione Bilancio e Ragioneria,1,385.0,385,385,385,Excellent
2026-08-03,publisher,Comune di Melpignano,,Comune di Melpignano,8,385.0,385,385,385,Excellent
2026-08-03,publisher,Ufficio Sistemi Informativi e Flussi Informativi,,Ufficio Sistemi Informativi e Flussi Informativi,1,385.0,385,385,385,Excellent
2026-08-03,publisher,Dipartimento Ambiente Paesaggio e Qualità Urbana,,Dipartimento Ambiente Paesaggio e Qualità Urbana,1,385.0,385,385,385,Excellent
2026-08-03,publisher,Sezione Controlli,,Sezione Controlli,1,385.0,385,385,385,Excellent
2026-08-03,publisher,Sezione Programmazione e coordinamento,,Sezione Programmazione e coordinamento,2,385.0,385,385,385,Excellent
2026-08-03,publisher,Sezione Coordinamento dei Servizi Territoriali,,Sezione Coordinamento dei Servizi Territoriali,1,385.0,385,385,385,Excellent
2026-08-03,publisher,Comune di Palo del Colle – Ufficio Anagrafe,,Comune di Palo del Colle – Ufficio Anagrafe,1,385.0,385,385,385,Excellent
2026-08-03,publisher,Servizio Finanziario – Comune di Palo del Colle,,Servizio Finanziario – Comune di Palo del Colle,1,385.0,385,385,385,Excellent
2026-08-03,publisher,"Sezione Promozione del Commercio, Artigianato e Internazionalizzazione delle imprese",,"Sezione Promozione del Commercio, Artigianato e Internazionalizzazione delle imprese",1,385.0,385,385,385,Excellent
2026-08-03,publisher,Sezione Trattamento Economico,,Sezione Trattamento Economico,2,385.0,385,385,385,Excellent
2026-08-03,publisher,DIPARTIMENTO PROMOZIONE DELLA SALUTE E DEL BENESSERE ANIMALE/SEZIONE PROMOZIONE DELLA SALUTE E DEL BENESSERE,,DIPARTIMENTO PROMOZIONE DELLA SALUTE E DEL BENESSERE ANIMALE/SEZIONE PROMOZIONE DELLA SALUTE E DEL BENESSERE,3,385.0,385,385,385,Excellent
2026-08-03,publisher,Interreg Management Structure,,Interreg Management Structure,1,385.0,385,385,385,Excellent
2026-08-03,publisher,Dott.ssa Rocca Anna Ettorre,,Dott.ssa Rocca Anna Ettorre,1,385.0,385,385,385,Excellent
2026-08-03,publisher,"Dipartimento Agricoltura, sviluppo rurale e Ambientale - Sezione Attuazione dei Programmi Comunitari per l'agricoltura",,"Dipartimento Agricoltura, sviluppo rurale e Ambientale - Sezione Attuazione dei Programmi Comunitari per l'agricoltura",1,385.0,385,385,385,Excellent
2026-08-03,publisher,Marica Girardi - laboratoriurbani@regione.puglia.it,,Marica Girardi - laboratoriurbani@regione.puglia.it,1,385.0,385,385,385,Excellent
2026-08-03,publisher,Comune di Candela,,Comune di Candela,4,385.0,385,385,385,Excellent
2026-08-03,publisher,Sezione Ricerca industriale e Innovazione,,Sezione Ricerca industriale e Innovazione,2,385.0,385,385,385,Excellent
2026-08-03,publisher,Programmazione Unitaria,,Programmazione Unitaria,1,385.0,385,385,385,Excellent
2026-08-03,publisher,"Dipartimento Turismo, Economia della Cultura e Valorizzazione del Territorio - Sezione Economia della Cultura",,"Dipartimento Turismo, Economia della Cultura e Valorizzazione del Territorio - Sezione Economia della Cultura",1,385.0,385,385,385,Excellent
2026-08-03,publisher,ex Sezione Promozione della Salute e del Benessere - attuale Sezione Sanità Veterinaria e Sicurezza Alimentare,,ex Sezione Promozione della Salute e del Benessere - attuale Sezione Sanità Veterinaria e Sicurezza Alimentare,1,385.0,385,385,385,Excellent
2026-08-03,publisher,Sezione Tutela e valorizzazione del paesaggio,,Sezione Tutela e valorizzazione del paesaggio,1,385.0,385,385,385,Excellent
2026-08-03,publisher,Dipartimento Personale e Organizzazione - Sezione Personale,,Dipartimento Personale e Organizzazione - Sezione Personale,1,385.0,385,385,385,Excellent
2026-08-03,publisher,Protezione Civile,,Protezione Civile,1,385.0,385,385,385,Excellent
2026-08-03,publisher,Segreteria generale della Presidenza - Struttura Speciale Audit FSE+,,Segreteria generale della Presidenza - Struttura Speciale Audit FSE+,1,385.0,385,385,385,Excellent
2026-08-03,publisher,"Dipartimento Sviluppo Economico - Sezione Crescita Digitale delle persone, del territorio e delle imprese",,"Dipartimento Sviluppo Economico - Sezione Crescita Digitale delle persone, del territorio e delle imprese",1,385.0,385,385,385,Excellent
2026-08-03,publisher,Sezione Programmazione Acquisti servizio.affarigenerali@regione.puglia.it,,Sezione Programmazione Acquisti servizio.affarigenerali@regione.puglia.it,1,385.0,385,385,385,Excellent
2026-08-03,publisher,Sezione Promozione della salute e del benessere,,Sezione Promozione della salute e del benessere,1,385.0,385,385,385,Excellent
2026-08-03,publisher,Sezione Personale e Organizzazione servizio.personale@regione.puglia.it,,Sezione Personale e Organizzazione servizio.personale@regione.puglia.it,1,385.0,385,385,385,Excellent
2026-08-03,publisher,Servizio Ricerca Industriale e Innovazione,,Servizio Ricerca Industriale e Innovazione,1,385.0,385,385,385,Excellent
2026-08-03,publisher,"SEZIONE INNOVAZIONE, DATI E SERVIZI DIGITALI",,"SEZIONE INNOVAZIONE, DATI E SERVIZI DIGITALI",1,385.0,385,385,385,Excellent
2026-08-03,publisher,Sezione APG,,Sezione APG,1,385.0,385,385,385,Excellent
2026-08-03,publisher,Servizio Protezione Civile servizio.protezionecivile@regione.puglia.it,,Servizio Protezione Civile servizio.protezionecivile@regione.puglia.it,1,385.0,385,385,385,Excellent
2026-08-03,publisher,Servizio Programmazione Acquisti,,Servizio Programmazione Acquisti,1,385.0,385,385,385,Excellent
2026-08-03,publisher,InnovaPuglia spa infolivinglabs@innova.puglia.it,,InnovaPuglia spa infolivinglabs@innova.puglia.it,2,385.0,385,385,385,Excellent
2026-08-03,publisher,Sezione Bilancio e ragioneria,,Sezione Bilancio e ragioneria,1,385.0,385,385,385,Excellent
2026-08-03,publisher,Sezione Supporto Legsislativo,,Sezione Supporto Legsislativo,1,385.0,385,385,385,Excellent
2026-08-03,publisher,Sezione Trasporto Pubblico Locale e Intermodalità,,Sezione Trasporto Pubblico Locale e Intermodalità,2,385.0,385,385,385,Excellent
2026-08-03,publisher,Ufficio Urbanistica,,Ufficio Urbanistica,1,385.0,385,385,385,Excellent
2026-08-03,publisher,Affari Generali,,Affari Generali,2,385.0,385,385,385,Excellent
2026-08-03,publisher,Affari generali,,Affari generali,1,385.0,385,385,385,Excellent
2026-08-03,publisher,Urbanistica,,Urbanistica,1,385.0,385,385,385,Excellent
2026-08-03,publisher,Area Valutazione e Ricerca – Servizio Valutazione e Governo dell'Innovazione,,Area Valutazione e Ricerca – Servizio Valutazione e Governo dell'Innovazione,1,385.0,385,385,385,Excellent
2026-08-03,publisher,Area Valutazione e Ricerca – Servizio Ricerca Sanitaria e Sperimentazioni Gestionali,,Area Valutazione e Ricerca – Servizio Ricerca Sanitaria e Sperimentazioni Gestionali,2,385.0,385,385,385,Excellent
2026-08-03,publisher,Area Direzione Amministrativa - Servizio Risorse Umane,,Area Direzione Amministrativa - Servizio Risorse Umane,1,385.0,385,385,385,Excellent
2026-08-03,publisher,Redazione,,Redazione,1,385.0,385,385,385,Excellent
2026-08-03,publisher,SEZIONE INCLUSIONE SOCIALE ATTIVA e SEZIONE ISTRUZIONE E UNIVERSITA',,SEZIONE INCLUSIONE SOCIALE ATTIVA e SEZIONE ISTRUZIONE E UNIVERSITA',1,385.0,385,385,385,Excellent
2026-08-03,publisher,"SEZIONE BENESSERE SOCIALE, INNOVAIONE E SUSSIDIARIETA'",,"SEZIONE BENESSERE SOCIALE, INNOVAIONE E SUSSIDIARIETA'",1,385.0,385,385,385,Excellent
2026-08-03,publisher,ASL Brindisi,,ASL Brindisi,1,385.0,385,385,385,Excellent
2026-08-03,publisher,Sezione Bilancio della Sanità e dello Sport,,Sezione Bilancio della Sanità e dello Sport,1,385.0,385,385,385,Excellent
2026-08-03,publisher,M. Capozzi,,M. Capozzi,1,385.0,385,385,385,Excellent
2026-08-03,publisher,"Sezione Turismo e Internazionalizzazione - Servizio Sviluppo, Infrastrutture, Imprese, Professioni",,"Sezione Turismo e Internazionalizzazione - Servizio Sviluppo, Infrastrutture, Imprese, Professioni",1,385.0,385,385,385,Excellent
2026-08-03,publisher,Dipartimento Sviluppo Economico,,Dipartimento Sviluppo Economico,1,385.0,385,385,385,Excellent
2026-08-03,publisher,Sezione Coordinamento dei servizi territoriali,,Sezione Coordinamento dei servizi territoriali,1,385.0,385,385,385,Excellent
2026-08-03,publisher,Servizio Risorse Finanziarie,,Servizio Risorse Finanziarie,1,385.0,385,385,385,Excellent
2026-08-03,publisher,Sezione Personale e Sezione Statistica,,Sezione Personale e Sezione Statistica,1,385.0,385,385,385,Excellent
2026-08-03,publisher,Sezione Tutela e Valorizzazione dei Patrimoni Culturali,,Sezione Tutela e Valorizzazione dei Patrimoni Culturali,1,385.0,385,385,385,Excellent
2026-08-03,publisher,Sezione Competitività,,Sezione Competitività,2,385.0,385,385,385,Excellent
2026-08-03,publisher,Struttura Speciale Cooperazione Euro-Mediterranea,,Struttura Speciale Cooperazione Euro-Mediterranea,1,385.0,385,385,385,Excellent
2026-08-03,publisher,SEZIONE POLITICHE E MERCATO DEL LAVORO,,SEZIONE POLITICHE E MERCATO DEL LAVORO,1,385.0,385,385,385,Excellent
2026-08-03,publisher,Sezione Finanze,,Sezione Finanze,1,385.0,385,385,385,Excellent
2026-08-03,publisher,Sezione politiche di benessere sociale e pari opportunità Sezione programmazione Sociale ed integrazione socio-sanitaria,,Sezione politiche di benessere sociale e pari opportunità Sezione programmazione Sociale ed integrazione socio-sanitaria,1,385.0,385,385,385,Excellent
2026-08-03,publisher,Sezione politiche di benessere sociale e pari opportunità - Sezione programmazione Sociale ed integrazione socio-sanitaria - InnovaPuglia S.p.a.,,Sezione politiche di benessere sociale e pari opportunità - Sezione programmazione Sociale ed integrazione socio-sanitaria - InnovaPuglia S.p.a.,1,385.0,385,385,385,Excellent
2026-08-03,publisher,Sezione Personale e Organizzazione - servizio.personale@regione.puglia.it,,Sezione Personale e Organizzazione - servizio.personale@regione.puglia.it,1,385.0,385,385,385,Excellent
2026-08-03,publisher,"Sezione Sicurezza del Cittadino, politiche per le migrazioni ed Antimafia sociale",,"Sezione Sicurezza del Cittadino, politiche per le migrazioni ed Antimafia sociale",1,385.0,385,385,385,Excellent
2026-08-03,publisher,"Dipartimento Welfare, sezione Benessere Sociale, Innovazione e Sussidiarietà",,"Dipartimento Welfare, sezione Benessere Sociale, Innovazione e Sussidiarietà",1,385.0,385,385,385,Excellent
2026-08-03,publisher,Comune di Oria,,Comune di Oria,1,385.0,385,385,385,Excellent
2026-08-03,publisher,"Dipartimento Turismo, Economia della Cultura e Valorizzazione del Territorio - Struttura Progetto Cooperazione Territoriale Europea E Poli Biblio-Museali",,"Dipartimento Turismo, Economia della Cultura e Valorizzazione del Territorio - Struttura Progetto Cooperazione Territoriale Europea E Poli Biblio-Museali",1,385.0,385,385,385,Excellent
2026-08-03,publisher,Sezione Attuzione dei programmi comunitari per l'agricolturai,,Sezione Attuzione dei programmi comunitari per l'agricolturai,1,385.0,385,385,385,Excellent
2026-08-03,publisher,Comune di Massafra,,Comune di Massafra,38,384.21,385,355,385,Excellent
2026-08-03,publisher,ARET Ufficio Innovazione,,ARET Ufficio Innovazione,14,383.57,385,365,385,Excellent
2026-08-03,publisher,Regione Puglia,,Regione Puglia,61,383.52,385,355,385,Excellent
2026-08-03,publisher,Ufficio statistica,,Ufficio statistica,90,383.22,385,305,385,Excellent
2026-08-03,publisher,Comune di Galatone,,Comune di Galatone,5,381.0,385,365,385,Excellent
2026-08-03,publisher,Area Analisi e Ricerche,,Area Analisi e Ricerche,5,381.0,385,375,385,Excellent
2026-08-03,publisher,Città di Trani,,Città di Trani,5,379.0,385,355,385,Excellent
2026-08-03,publisher,Sezione Competitività delle Filiere Agroalimentari,,Sezione Competitività delle Filiere Agroalimentari,3,378.33,385,365,385,Excellent
2026-08-03,publisher,Area Innovazione di Sistema e Qualità,,Area Innovazione di Sistema e Qualità,5,377.0,385,365,385,Excellent
2026-08-03,publisher,Autorità idrica Pugliese (AIP),,Autorità idrica Pugliese (AIP),13,375.77,385,365,385,Excellent
2026-08-03,publisher,Comune di Binetto,,Comune di Binetto,3,375.0,385,355,385,Excellent
2026-08-03,publisher,re,,re,8,375.0,385,305,385,Excellent
2026-08-03,publisher,Sezione Osservatorio fitosanitario,,Sezione Osservatorio fitosanitario,2,370.0,385,355,385,Excellent
2026-08-03,publisher,"Dipartimento Turismo, Economia della Cultura e Valorizzazione del Territorio - Sezione Sviluppo Innovazione Reti",,"Dipartimento Turismo, Economia della Cultura e Valorizzazione del Territorio - Sezione Sviluppo Innovazione Reti",2,370.0,385,355,385,Excellent
2026-08-03,publisher,ARPAP,,ARPAP,2,370.0,385,355,385,Excellent
2026-08-03,publisher,Ufficio Statistica e Studi,,Ufficio Statistica e Studi,5,369.0,385,305,385,Excellent
2026-08-03,publisher,comune lecce,,comune lecce,4,365.0,385,305,385,Excellent
2026-08-03,publisher,Polizia Municipale,,Polizia Municipale,5,363.0,385,275,385,Excellent
2026-08-03,publisher,Area di Epidemiologia e Care Intelligence,,Area di Epidemiologia e Care Intelligence,15,358.33,385,305,385,Excellent
2026-08-03,publisher,Servizio Transizione Digitale e Privacy,,Servizio Transizione Digitale e Privacy,11,357.73,365,305,385,Excellent
2026-08-03,publisher,Comune di San Marco in Lamis,,Comune di San Marco in Lamis,8,357.5,385,305,385,Excellent
2026-08-03,publisher,Andrea De Salve,,Andrea De Salve,2,355.0,405,305,405,Excellent
2026-08-03,publisher,Interreg Managment Structure,,Interreg Managment Structure,1,355.0,355,355,355,Excellent
2026-08-03,publisher,Comune di Bari,,Comune di Bari,167,352.13,355,335,355,Excellent
2026-08-03,publisher,Area Valutazione e Ricerca,,Area Valutazione e Ricerca,9,351.67,365,305,365,Excellent
2026-08-03,publisher,comune di lecce,,comune di lecce,22,350.91,385,305,385,Good
2026-08-03,publisher,Redazione O.D.,,Redazione O.D.,104,350.0,385,285,385,Good
2026-08-03,publisher,Ufficio Statistica e Studi Camera di Commercio di Lecce,,Ufficio Statistica e Studi Camera di Commercio di Lecce,96,348.12,385,305,385,Good
2026-08-03,publisher,Comune di Martina Franca,,Comune di Martina Franca,29,345.69,365,305,385,Good
2026-08-03,publisher,redazione OD,,redazione OD,2,345.0,385,305,385,Good
2026-08-03,publisher,Ufficio transizione digitale,,Ufficio transizione digitale,2,345.0,385,305,385,Good
2026-08-03,publisher,Redazione OD,,Redazione OD,382,344.92,355,275,385,Good
2026-08-03,publisher,Comune di Lecce,,Comune di Lecce,38,342.89,335,305,385,Good
2026-08-03,publisher,Camera di Commercio di Lecce,,Camera di Commercio di Lecce,177,340.88,305,305,405,Good
2026-08-03,publisher,REDAZIONE OD,,REDAZIONE OD,2,335.0,365,305,365,Good
2026-08-03,publisher,Area di Direzione Amministrativa,,Area di Direzione Amministrativa,6,331.67,305,305,385,Good
2026-08-03,publisher,Arpa Puglia - Direzione Scientifica - Servizio Agenti Fisici,,Arpa Puglia - Direzione Scientifica - Servizio Agenti Fisici,4,327.5,315,305,385,Good
2026-08-03,publisher,Camera di Commercio,,Camera di Commercio,18,325.0,305,305,405,Good
2026-08-03,publisher,Comune Lecce,,Comune Lecce,8,325.0,305,305,385,Good
2026-08-03,publisher,Ufficio Infortunistica,,Ufficio Infortunistica,5,321.0,305,305,385,Good
2026-08-03,publisher,Comune di Crispiano,,Comune di Crispiano,14,319.29,305,305,385,Good
2026-08-03,publisher,Comune di Bitonto,,Comune di Bitonto,55,310.82,305,305,385,Good
2026-08-03,publisher,Ufficio Statistica,,Ufficio Statistica,57,309.21,305,305,385,Good
2026-08-03,publisher,Comune di Sternatia,,Comune di Sternatia,3,305.0,305,305,305,Good
2026-08-03,publisher,redazione O.D.,,redazione O.D.,1,305.0,305,305,305,Good
2026-08-03,publisher,DO,,DO,3,305.0,305,305,305,Good
2026-08-03,publisher,Servizi Sociali,,Servizi Sociali,4,305.0,305,305,305,Good
2026-08-03,publisher,Ragioneria Crispiano,,Ragioneria Crispiano,2,305.0,305,305,305,Good
2026-08-03,publisher,Ufficio Servizi Finanziari,,Ufficio Servizi Finanziari,2,305.0,305,305,305,Good
2026-08-03,publisher,Polizia Locale Lecce,,Polizia Locale Lecce,1,305.0,305,305,305,Good
2026-08-03,publisher,Sonia Cappello,,Sonia Cappello,2,305.0,305,305,305,Good
2026-08-03,publisher,Redazione O.D,,Redazione O.D,1,305.0,305,305,305,Good
2026-08-03,publisher,Ufficio  Coordinamento PNRR,,Ufficio  Coordinamento PNRR,1,305.0,305,305,305,Good
2026-08-03,publisher,redazione  O.P.,,redazione  O.P.,1,305.0,305,305,305,Good
2026-08-03,publisher,Comune di Muro Leccese,,Comune di Muro Leccese,5,305.0,305,305,305,Good
2026-08-03,publisher,Mauro Nicola de Pinto,,Mauro Nicola de Pinto,1,255.0,255,255,255,Good
2026-08-10,publisher,PO CED,,PO CED,2,405.0,405,405,405,Excellent
2026-08-10,publisher,Andrea De Salve,,Andrea De Salve,2,395.0,405,385,405,Excellent
2026-08-10,publisher,Ufficio Commercio,,Ufficio Commercio,10,391.0,385,385,405,Excellent
2026-08-10,publisher,ASL TA,,ASL TA,12,386.67,385,385,405,Excellent
2026-08-10,publisher,ADISU Puglia,,ADISU Puglia,10,385.0,385,385,385,Excellent
2026-08-10,publisher,Agenzia regionale strategica per lo Sviluppo Ecososteniile del Territorio,,Agenzia regionale strategica per lo Sviluppo Ecososteniile del Territorio,9,385.0,385,385,385,Excellent
2026-08-10,publisher,ASL Brindisi,,ASL Brindisi,1,385.0,385,385,385,Excellent
2026-08-10,publisher,Sezione Bilancio della Sanità e dello Sport,,Sezione Bilancio della Sanità e dello Sport,1,385.0,385,385,385,Excellent
2026-08-10,publisher,ARET - Ufficio Osservatorio,,ARET - Ufficio Osservatorio,4,385.0,385,385,385,Excellent
2026-08-10,publisher,ufficio tecnico,,ufficio tecnico,7,385.0,385,385,385,Excellent
2026-08-10,publisher,ARTI Puglia,,ARTI Puglia,12,385.0,385,385,385,Excellent
2026-08-10,publisher,M. Capozzi,,M. Capozzi,1,385.0,385,385,385,Excellent
2026-08-10,publisher,Comune di Zollino,,Comune di Zollino,3,385.0,385,385,385,Excellent
2026-08-10,publisher,Comune di Manduria,,Comune di Manduria,5,385.0,385,385,385,Excellent
2026-08-10,publisher,"Sezione Turismo e Internazionalizzazione - Servizio Sviluppo, Infrastrutture, Imprese, Professioni",,"Sezione Turismo e Internazionalizzazione - Servizio Sviluppo, Infrastrutture, Imprese, Professioni",1,385.0,385,385,385,Excellent
2026-08-10,publisher,Sezione Provveditorato Economato,,Sezione Provveditorato Economato,2,385.0,385,385,385,Excellent
2026-08-10,publisher,Dipartimento Sviluppo Economico,,Dipartimento Sviluppo Economico,1,385.0,385,385,385,Excellent
2026-08-10,publisher,Comune di Andrano,,Comune di Andrano,3,385.0,385,385,385,Excellent
2026-08-10,publisher,Sezione Trasporto Pubblico Locale e Intermodalità,,Sezione Trasporto Pubblico Locale e Intermodalità,2,385.0,385,385,385,Excellent
2026-08-10,publisher,Ufficio Statistica e Studi,,Ufficio Statistica e Studi,5,385.0,385,385,385,Excellent
2026-08-10,publisher,Sezione Coordinamento dei servizi territoriali,,Sezione Coordinamento dei servizi territoriali,1,385.0,385,385,385,Excellent
2026-08-10,publisher,Servizio Risorse Finanziarie,,Servizio Risorse Finanziarie,1,385.0,385,385,385,Excellent
2026-08-10,publisher,Sistemi Informativi e Transizione Digitale,,Sistemi Informativi e Transizione Digitale,5,385.0,385,385,385,Excellent
2026-08-10,publisher,Sezione Personale e Sezione Statistica,,Sezione Personale e Sezione Statistica,1,385.0,385,385,385,Excellent
2026-08-10,publisher,Asset,,Asset,19,385.0,385,385,385,Excellent
2026-08-10,publisher,SEZIONE POLITICHE E MERCATO DEL LAVORO,,SEZIONE POLITICHE E MERCATO DEL LAVORO,1,385.0,385,385,385,Excellent
2026-08-10,publisher,Struttura Speciale Monitoraggio dell'Attuazione Regionale del PNRR,,Struttura Speciale Monitoraggio dell'Attuazione Regionale del PNRR,2,385.0,385,385,385,Excellent
2026-08-10,publisher,Sezione Tutela e Valorizzazione dei Patrimoni Culturali,,Sezione Tutela e Valorizzazione dei Patrimoni Culturali,1,385.0,385,385,385,Excellent
2026-08-10,publisher,Sezione Competitività,,Sezione Competitività,2,385.0,385,385,385,Excellent
2026-08-10,publisher,Struttura Speciale Cooperazione Euro-Mediterranea,,Struttura Speciale Cooperazione Euro-Mediterranea,1,385.0,385,385,385,Excellent
2026-08-10,publisher,Ufficio Sistemi Informativi e Flussi Informativi,,Ufficio Sistemi Informativi e Flussi Informativi,1,385.0,385,385,385,Excellent
2026-08-10,publisher,Dipartimento Ambiente Paesaggio e Qualità Urbana,,Dipartimento Ambiente Paesaggio e Qualità Urbana,1,385.0,385,385,385,Excellent
2026-08-10,publisher,Sezione Ricerca Industriale e Innovazione servizio.ricercainnovazione@regione.puglia.it,,Sezione Ricerca Industriale e Innovazione servizio.ricercainnovazione@regione.puglia.it,8,385.0,385,385,385,Excellent
2026-08-10,publisher,InnovaPuglia Spa - Servizio Territorio e Ambiente info@sit.puglia.it,,InnovaPuglia Spa - Servizio Territorio e Ambiente info@sit.puglia.it,6,385.0,385,385,385,Excellent
2026-08-10,publisher,Sezione Personale e Organizzazione,,Sezione Personale e Organizzazione,3,385.0,385,385,385,Excellent
2026-08-10,publisher,Sezione Programmazione e coordinamento,,Sezione Programmazione e coordinamento,2,385.0,385,385,385,Excellent
2026-08-10,publisher,Sezione Coordinamento dei Servizi Territoriali,,Sezione Coordinamento dei Servizi Territoriali,1,385.0,385,385,385,Excellent
2026-08-10,publisher,Comune di Palo del Colle – Ufficio Anagrafe,,Comune di Palo del Colle – Ufficio Anagrafe,1,385.0,385,385,385,Excellent
2026-08-10,publisher,Servizio Finanziario – Comune di Palo del Colle,,Servizio Finanziario – Comune di Palo del Colle,1,385.0,385,385,385,Excellent
2026-08-10,publisher,Ufficio Transizione Digitale,,Ufficio Transizione Digitale,13,385.0,385,385,385,Excellent
2026-08-10,publisher,Sezione Ciclo Rifiuti e Bonifiche,,Sezione Ciclo Rifiuti e Bonifiche,2,385.0,385,385,385,Excellent
2026-08-10,publisher,Fondazione IPRES,,Fondazione IPRES,51,385.0,385,385,385,Excellent
2026-08-10,publisher,Dott.ssa Rocca Anna Ettorre,,Dott.ssa Rocca Anna Ettorre,1,385.0,385,385,385,Excellent
2026-08-10,publisher,Comune di Cursi,,Comune di Cursi,4,385.0,385,385,385,Excellent
2026-08-10,publisher,Marica Girardi - laboratoriurbani@regione.puglia.it,,Marica Girardi - laboratoriurbani@regione.puglia.it,1,385.0,385,385,385,Excellent
2026-08-10,publisher,Comune di Candela,,Comune di Candela,4,385.0,385,385,385,Excellent
2026-08-10,publisher,Comune di Santa Cesarea Terme,,Comune di Santa Cesarea Terme,4,385.0,385,385,385,Excellent
2026-08-10,publisher,Programmazione Unitaria,,Programmazione Unitaria,1,385.0,385,385,385,Excellent
2026-08-10,publisher,"Dipartimento Turismo, Economia della Cultura e Valorizzazione del Territorio - Sezione Economia della Cultura",,"Dipartimento Turismo, Economia della Cultura e Valorizzazione del Territorio - Sezione Economia della Cultura",1,385.0,385,385,385,Excellent
2026-08-10,publisher,Comune di Minervino di Lecce,,Comune di Minervino di Lecce,5,385.0,385,385,385,Excellent
2026-08-10,publisher,Servizio Appalti,,Servizio Appalti,2,385.0,385,385,385,Excellent
2026-08-10,publisher,ex Sezione Promozione della Salute e del Benessere - attuale Sezione Sanità Veterinaria e Sicurezza Alimentare,,ex Sezione Promozione della Salute e del Benessere - attuale Sezione Sanità Veterinaria e Sicurezza Alimentare,1,385.0,385,385,385,Excellent
2026-08-10,publisher,"Dipartimento Sviluppo Economico - Sezione Crescita Digitale delle persone, del territorio e delle imprese",,"Dipartimento Sviluppo Economico - Sezione Crescita Digitale delle persone, del territorio e delle imprese",1,385.0,385,385,385,Excellent
2026-08-10,publisher,Agenzia Regionale Strategica per la Salute ed il Sociale,,Agenzia Regionale Strategica per la Salute ed il Sociale,4,385.0,385,385,385,Excellent
2026-08-10,publisher,Sezione Finanze,,Sezione Finanze,1,385.0,385,385,385,Excellent
2026-08-10,publisher,Sezione politiche di benessere sociale e pari opportunità Sezione programmazione Sociale ed integrazione socio-sanitaria,,Sezione politiche di benessere sociale e pari opportunità Sezione programmazione Sociale ed integrazione socio-sanitaria,1,385.0,385,385,385,Excellent
2026-08-10,publisher,Sezione politiche di benessere sociale e pari opportunità - Sezione programmazione Sociale ed integrazione socio-sanitaria - InnovaPuglia S.p.a.,,Sezione politiche di benessere sociale e pari opportunità - Sezione programmazione Sociale ed integrazione socio-sanitaria - InnovaPuglia S.p.a.,1,385.0,385,385,385,Excellent
2026-08-10,publisher,Sezione Personale e Organizzazione - servizio.personale@regione.puglia.it,,Sezione Personale e Organizzazione - servizio.personale@regione.puglia.it,1,385.0,385,385,385,Excellent
2026-08-10,publisher,Arpa Puglia - Direzione Scientifica - Centro Regionale Aria,,Arpa Puglia - Direzione Scientifica - Centro Regionale Aria,4,385.0,385,385,385,Excellent
2026-08-10,publisher,Comune di Melpignano,,Comune di Melpignano,8,385.0,385,385,385,Excellent
2026-08-10,publisher,DIPARTIMENTO PROMOZIONE DELLA SALUTE E DEL BENESSERE ANIMALE/SEZIONE PROMOZIONE DELLA SALUTE E DEL BENESSERE,,DIPARTIMENTO PROMOZIONE DELLA SALUTE E DEL BENESSERE ANIMALE/SEZIONE PROMOZIONE DELLA SALUTE E DEL BENESSERE,3,385.0,385,385,385,Excellent
2026-08-10,publisher,Interreg Management Structure,,Interreg Management Structure,1,385.0,385,385,385,Excellent
2026-08-10,publisher,Comune di Giuggianello,,Comune di Giuggianello,4,385.0,385,385,385,Excellent
2026-08-10,publisher,"Dipartimento Agricoltura, sviluppo rurale e Ambientale - Sezione Attuazione dei Programmi Comunitari per l'agricoltura",,"Dipartimento Agricoltura, sviluppo rurale e Ambientale - Sezione Attuazione dei Programmi Comunitari per l'agricoltura",1,385.0,385,385,385,Excellent
2026-08-10,publisher,Sezione Tutela e valorizzazione del paesaggio,,Sezione Tutela e valorizzazione del paesaggio,1,385.0,385,385,385,Excellent
2026-08-10,publisher,Sezione Mobilità Sostenibile e Vigilanza del Trasporto Pubblico Locale,,Sezione Mobilità Sostenibile e Vigilanza del Trasporto Pubblico Locale,2,385.0,385,385,385,Excellent
2026-08-10,publisher,Sezione Programmazione Acquisti servizio.affarigenerali@regione.puglia.it,,Sezione Programmazione Acquisti servizio.affarigenerali@regione.puglia.it,1,385.0,385,385,385,Excellent
2026-08-10,publisher,Sezione Promozione della salute e del benessere,,Sezione Promozione della salute e del benessere,1,385.0,385,385,385,Excellent
2026-08-10,publisher,Ufficio tecnico,,Ufficio tecnico,2,385.0,385,385,385,Excellent
2026-08-10,publisher,Servizio Protezione Civile servizio.protezionecivile@regione.puglia.it,,Servizio Protezione Civile servizio.protezionecivile@regione.puglia.it,1,385.0,385,385,385,Excellent
2026-08-10,publisher,Sezione politiche di benessere sociale e pari opportunità,,Sezione politiche di benessere sociale e pari opportunità,3,385.0,385,385,385,Excellent
2026-08-10,publisher,Comune di San Pietro in Lama,,Comune di San Pietro in Lama,3,385.0,385,385,385,Excellent
2026-08-10,publisher,Sezione Demanio e Patrimonio serviziodemaniopatrimonio.bari@pec.rupar.puglia.it,,Sezione Demanio e Patrimonio serviziodemaniopatrimonio.bari@pec.rupar.puglia.it,3,385.0,385,385,385,Excellent
2026-08-10,publisher,Adisu,,Adisu,2,385.0,385,385,385,Excellent
2026-08-10,publisher,Puglia Sviluppo SpA,,Puglia Sviluppo SpA,5,385.0,385,385,385,Excellent
2026-08-10,publisher,Sezione Bilancio e ragioneria,,Sezione Bilancio e ragioneria,1,385.0,385,385,385,Excellent
2026-08-10,publisher,Comune di Specchia,,Comune di Specchia,6,385.0,385,385,385,Excellent
2026-08-10,publisher,Sezione Transizione Energetica,,Sezione Transizione Energetica,2,385.0,385,385,385,Excellent
2026-08-10,publisher,Ufficio Urbanistica,,Ufficio Urbanistica,1,385.0,385,385,385,Excellent
2026-08-10,publisher,Ufficio Ambiente,,Ufficio Ambiente,4,385.0,385,385,385,Excellent
2026-08-10,publisher,Affari Generali,,Affari Generali,2,385.0,385,385,385,Excellent
2026-08-10,publisher,Affari generali,,Affari generali,1,385.0,385,385,385,Excellent
2026-08-10,publisher,Comune di Galatone,,Comune di Galatone,5,385.0,385,385,385,Excellent
2026-08-10,publisher,Urbanistica,,Urbanistica,1,385.0,385,385,385,Excellent
2026-08-10,publisher,Area Valutazione e Ricerca – Servizio Valutazione e Governo dell'Innovazione,,Area Valutazione e Ricerca – Servizio Valutazione e Governo dell'Innovazione,1,385.0,385,385,385,Excellent
2026-08-10,publisher,Area Direzione Amministrativa - Servizio Risorse Umane,,Area Direzione Amministrativa - Servizio Risorse Umane,1,385.0,385,385,385,Excellent
2026-08-10,publisher,Sezione Trasformazione Digitale,,Sezione Trasformazione Digitale,2,385.0,385,385,385,Excellent
2026-08-10,publisher,SEZIONE INCLUSIONE SOCIALE ATTIVA e SEZIONE ISTRUZIONE E UNIVERSITA',,SEZIONE INCLUSIONE SOCIALE ATTIVA e SEZIONE ISTRUZIONE E UNIVERSITA',1,385.0,385,385,385,Excellent
2026-08-10,publisher,Segretariato generale della Giunta regionale segretariatogenerale.giunta@regione.puglia.it,,Segretariato generale della Giunta regionale segretariatogenerale.giunta@regione.puglia.it,2,385.0,385,385,385,Excellent
2026-08-10,publisher,Comune di Neviano,,Comune di Neviano,3,385.0,385,385,385,Excellent
2026-08-10,publisher,Aress Puglia,,Aress Puglia,4,385.0,385,385,385,Excellent
2026-08-10,publisher,Servizio Programmazione Acquisti,,Servizio Programmazione Acquisti,1,385.0,385,385,385,Excellent
2026-08-10,publisher,InnovaPuglia spa infolivinglabs@innova.puglia.it,,InnovaPuglia spa infolivinglabs@innova.puglia.it,2,385.0,385,385,385,Excellent
2026-08-10,publisher,Sezione Supporto Legsislativo,,Sezione Supporto Legsislativo,1,385.0,385,385,385,Excellent
2026-08-10,publisher,ASL Taranto,,ASL Taranto,3,385.0,385,385,385,Excellent
2026-08-10,publisher,Arpa Puglia - Direzione Scientifica - Centro Regionale Mare,,Arpa Puglia - Direzione Scientifica - Centro Regionale Mare,9,385.0,385,385,385,Excellent
2026-08-10,publisher,Osservatorio Turismo,,Osservatorio Turismo,5,385.0,385,385,385,Excellent
2026-08-10,publisher,Area Valutazione e Ricerca – Servizio Ricerca Sanitaria e Sperimentazioni Gestionali,,Area Valutazione e Ricerca – Servizio Ricerca Sanitaria e Sperimentazioni Gestionali,2,385.0,385,385,385,Excellent
2026-08-10,publisher,SEZIONE INCLUSIONE SOCIALE ATTIVA,,SEZIONE INCLUSIONE SOCIALE ATTIVA,5,385.0,385,385,385,Excellent
2026-08-10,publisher,Redazione,,Redazione,1,385.0,385,385,385,Excellent
2026-08-10,publisher,Sezione Politiche Giovanili,,Sezione Politiche Giovanili,3,385.0,385,385,385,Excellent
2026-08-10,publisher,Servizi Sociali Pubblica Istruzione,,Servizi Sociali Pubblica Istruzione,5,385.0,385,385,385,Excellent
2026-08-10,publisher,"SEZIONE BENESSERE SOCIALE, INNOVAIONE E SUSSIDIARIETA'",,"SEZIONE BENESSERE SOCIALE, INNOVAIONE E SUSSIDIARIETA'",1,385.0,385,385,385,Excellent
2026-08-10,publisher,Comune di Carpignano Salentino,,Comune di Carpignano Salentino,4,385.0,385,385,385,Excellent
2026-08-10,publisher,Sezione Controlli,,Sezione Controlli,1,385.0,385,385,385,Excellent
2026-08-10,publisher,Sezione Opere Pubbliche e Infrastrutture,,Sezione Opere Pubbliche e Infrastrutture,4,385.0,385,385,385,Excellent
2026-08-10,publisher,Sezione Ricerca e Relazioni Internazionali,,Sezione Ricerca e Relazioni Internazionali,2,385.0,385,385,385,Excellent
2026-08-10,publisher,Sezione Gestione Sostenibile e tutela delle Risorse Forestali e Naturali - Servizio risorse forestali,,Sezione Gestione Sostenibile e tutela delle Risorse Forestali e Naturali - Servizio risorse forestali,2,385.0,385,385,385,Excellent
2026-08-10,publisher,Sezione Trattamento Economico,,Sezione Trattamento Economico,2,385.0,385,385,385,Excellent
2026-08-10,publisher,Sezione Ricerca industriale e Innovazione,,Sezione Ricerca industriale e Innovazione,2,385.0,385,385,385,Excellent
2026-08-10,publisher,Sezione Politiche Abitative,,Sezione Politiche Abitative,2,385.0,385,385,385,Excellent
2026-08-10,publisher,Dipartimento Personale e Organizzazione - Sezione Personale,,Dipartimento Personale e Organizzazione - Sezione Personale,1,385.0,385,385,385,Excellent
2026-08-10,publisher,Segreteria generale della Presidenza - Struttura Speciale Audit FSE+,,Segreteria generale della Presidenza - Struttura Speciale Audit FSE+,1,385.0,385,385,385,Excellent
2026-08-10,publisher,Sezione Personale e Organizzazione servizio.personale@regione.puglia.it,,Sezione Personale e Organizzazione servizio.personale@regione.puglia.it,1,385.0,385,385,385,Excellent
2026-08-10,publisher,Servizio Ricerca Industriale e Innovazione,,Servizio Ricerca Industriale e Innovazione,1,385.0,385,385,385,Excellent
2026-08-10,publisher,"SEZIONE INNOVAZIONE, DATI E SERVIZI DIGITALI",,"SEZIONE INNOVAZIONE, DATI E SERVIZI DIGITALI",1,385.0,385,385,385,Excellent
2026-08-10,publisher,Sezione APG,,Sezione APG,1,385.0,385,385,385,Excellent
2026-08-10,publisher,Comune di Miggiano,,Comune di Miggiano,3,385.0,385,385,385,Excellent
2026-08-10,publisher,Città di Putignano,,Città di Putignano,3,385.0,385,385,385,Excellent
2026-08-10,publisher,"Sezione Sicurezza del Cittadino, politiche per le migrazioni ed Antimafia sociale",,"Sezione Sicurezza del Cittadino, politiche per le migrazioni ed Antimafia sociale",1,385.0,385,385,385,Excellent
2026-08-10,publisher,"Dipartimento Welfare, sezione Benessere Sociale, Innovazione e Sussidiarietà",,"Dipartimento Welfare, sezione Benessere Sociale, Innovazione e Sussidiarietà",1,385.0,385,385,385,Excellent
2026-08-10,publisher,ced,,ced,2,385.0,385,385,385,Excellent
2026-08-10,publisher,Comune di Oria,,Comune di Oria,1,385.0,385,385,385,Excellent
2026-08-10,publisher,"Dipartimento Turismo, Economia della Cultura e Valorizzazione del Territorio - Struttura Progetto Cooperazione Territoriale Europea E Poli Biblio-Museali",,"Dipartimento Turismo, Economia della Cultura e Valorizzazione del Territorio - Struttura Progetto Cooperazione Territoriale Europea E Poli Biblio-Museali",1,385.0,385,385,385,Excellent
2026-08-10,publisher,comune di martina franca,,comune di martina franca,3,385.0,385,385,385,Excellent
2026-08-10,publisher,Sezione Attuzione dei programmi comunitari per l'agricolturai,,Sezione Attuzione dei programmi comunitari per l'agricolturai,1,385.0,385,385,385,Excellent
2026-08-10,publisher,comune lecce,,comune lecce,4,385.0,385,385,385,Excellent
2026-08-10,publisher,"Sezione Promozione del Commercio, Artigianato e Internazionalizzazione delle imprese",,"Sezione Promozione del Commercio, Artigianato e Internazionalizzazione delle imprese",1,385.0,385,385,385,Excellent
2026-08-10,publisher,redazione OD,,redazione OD,2,385.0,385,385,385,Excellent
2026-08-10,publisher,Sezione Difesa del suolo e rischio sismico,,Sezione Difesa del suolo e rischio sismico,2,385.0,385,385,385,Excellent
2026-08-10,publisher,Protezione Civile,,Protezione Civile,1,385.0,385,385,385,Excellent
2026-08-10,publisher,Area Analisi e Ricerche,,Area Analisi e Ricerche,5,385.0,385,385,385,Excellent
2026-08-10,publisher,"Sezione Promozione del Commercio, Artigianato e Internazionalizzazione delle Imprese",,"Sezione Promozione del Commercio, Artigianato e Internazionalizzazione delle Imprese",1,385.0,385,385,385,Excellent
2026-08-10,publisher,Sezione Regionale di Vigilanza,,Sezione Regionale di Vigilanza,1,385.0,385,385,385,Excellent
2026-08-10,publisher,Struttura Speciale Comunicazione Istituzionale,,Struttura Speciale Comunicazione Istituzionale,2,385.0,385,385,385,Excellent
2026-08-10,publisher,Servizio Parchi e Tutela della Biodiversità,,Servizio Parchi e Tutela della Biodiversità,1,385.0,385,385,385,Excellent
2026-08-10,publisher,Dipartimento sviluppo territoriale,,Dipartimento sviluppo territoriale,1,385.0,385,385,385,Excellent
2026-08-10,publisher,InnovaPuglia,,InnovaPuglia,2,385.0,385,385,385,Excellent
2026-08-10,publisher,Sezione Promozione della salute e del benessere (servizio.sportpertutti@regione.puglia.it),,Sezione Promozione della salute e del benessere (servizio.sportpertutti@regione.puglia.it),3,385.0,385,385,385,Excellent
2026-08-10,publisher,Sezione Ricerca Industriale e Innovazione,,Sezione Ricerca Industriale e Innovazione,2,385.0,385,385,385,Excellent
2026-08-10,publisher,Sezione Urbanistica - Servizio Osservatorio Abusivismo e Usi Civici,,Sezione Urbanistica - Servizio Osservatorio Abusivismo e Usi Civici,1,385.0,385,385,385,Excellent
2026-08-10,publisher,Sezione Bilancio e Ragioneria servizio.bilancio.ragioneria@pec.rupar.puglia.it,,Sezione Bilancio e Ragioneria servizio.bilancio.ragioneria@pec.rupar.puglia.it,1,385.0,385,385,385,Excellent
2026-08-10,publisher,Team O.D.,,Team O.D.,2,385.0,385,385,385,Excellent
2026-08-10,publisher,SEZIONE CONTROLLI REGOLARITA AMMINISTRATIVA,,SEZIONE CONTROLLI REGOLARITA AMMINISTRATIVA,1,385.0,385,385,385,Excellent
2026-08-10,publisher,Sezione Affari e Studi Giuridici e Legislativi,,Sezione Affari e Studi Giuridici e Legislativi,1,385.0,385,385,385,Excellent
2026-08-10,publisher,"Sezione Farmaci, Dispositivi Medici e Assistenza Integrativa",,"Sezione Farmaci, Dispositivi Medici e Assistenza Integrativa",1,385.0,385,385,385,Excellent
2026-08-10,publisher,Sezione Statistica,,Sezione Statistica,1,385.0,385,385,385,Excellent
2026-08-10,publisher,"Dipartimento Turismo, Economia della Cultura e Valorizzazione del Territorio - Sezione Tutela e valorizzazione dei patrimoni culturali",,"Dipartimento Turismo, Economia della Cultura e Valorizzazione del Territorio - Sezione Tutela e valorizzazione dei patrimoni culturali",1,385.0,385,385,385,Excellent
2026-08-10,publisher,Autorità di Gestione del POR 2014-2020,,Autorità di Gestione del POR 2014-2020,1,385.0,385,385,385,Excellent
2026-08-10,publisher,Sezione Personale,,Sezione Personale,1,385.0,385,385,385,Excellent
2026-08-10,publisher,Comune di Nociglia,,Comune di Nociglia,3,385.0,385,385,385,Excellent
2026-08-10,publisher,Sezione Raccordo al Sistema Regionale - Servizio Contratti e Programmazione Acquisti,,Sezione Raccordo al Sistema Regionale - Servizio Contratti e Programmazione Acquisti,1,385.0,385,385,385,Excellent
2026-08-10,publisher,Comune di Palo del Colle – Ufficio Anagrafe / Demografici,,Comune di Palo del Colle – Ufficio Anagrafe / Demografici,1,385.0,385,385,385,Excellent
2026-08-10,publisher,Sezione Demanio e Patrimonio,,Sezione Demanio e Patrimonio,1,385.0,385,385,385,Excellent
2026-08-10,publisher,Sezione Contenzioso Amministrativo,,Sezione Contenzioso Amministrativo,1,385.0,385,385,385,Excellent
2026-08-10,publisher,Sezione Promozione della Salute e del Benessere - Servizio Sicurezza Alimentare e Sanità Veterinaria,,Sezione Promozione della Salute e del Benessere - Servizio Sicurezza Alimentare e Sanità Veterinaria,1,385.0,385,385,385,Excellent
2026-08-10,publisher,Sezione Economia della Cultura,,Sezione Economia della Cultura,1,385.0,385,385,385,Excellent
2026-08-10,publisher,"Struttura di Progetto Attuazione della Politica Europea per gli Affari Marittimi, la Pesca e l'Acquacoltura",,"Struttura di Progetto Attuazione della Politica Europea per gli Affari Marittimi, la Pesca e l'Acquacoltura",2,385.0,385,385,385,Excellent
2026-08-10,publisher,Sezione Organizzazione e Formazione del Personale,,Sezione Organizzazione e Formazione del Personale,2,385.0,385,385,385,Excellent
2026-08-10,publisher,SEZIONE FORMAZIONE,,SEZIONE FORMAZIONE,1,385.0,385,385,385,Excellent
2026-08-10,publisher,Ufficio LL.PP.,,Ufficio LL.PP.,1,385.0,385,385,385,Excellent
2026-08-10,publisher,Puglia Sviluppo,,Puglia Sviluppo,2,385.0,385,385,385,Excellent
2026-08-10,publisher,Arti Puglia,,Arti Puglia,1,385.0,385,385,385,Excellent
2026-08-10,publisher,Centro Regionale HTA - Area Valutazione e Ricerca,,Centro Regionale HTA - Area Valutazione e Ricerca,2,385.0,385,385,385,Excellent
2026-08-10,publisher,Area Direzione Amministrativa - Servizio Formazione e Innovazione dei Saperi,,Area Direzione Amministrativa - Servizio Formazione e Innovazione dei Saperi,1,385.0,385,385,385,Excellent
2026-08-10,publisher,Segreteria Generale della Presidenza,,Segreteria Generale della Presidenza,1,385.0,385,385,385,Excellent
2026-08-10,publisher,Sezione Istruzione e Università - Servizio Sistema dell'Istruzione e del Diritto allo Studio,,Sezione Istruzione e Università - Servizio Sistema dell'Istruzione e del Diritto allo Studio,1,385.0,385,385,385,Excellent
2026-08-10,publisher,DIREZIONE AMMINISTRATIVA DEL GABINETTO - RTD,,DIREZIONE AMMINISTRATIVA DEL GABINETTO - RTD,1,385.0,385,385,385,Excellent
2026-08-10,publisher,Sezione Strategie e Governo dell'Offerta,,Sezione Strategie e Governo dell'Offerta,1,385.0,385,385,385,Excellent
2026-08-10,publisher,"Dipartimento Welfare, Sezione Inclusione Sociale Attiva",,"Dipartimento Welfare, Sezione Inclusione Sociale Attiva",1,385.0,385,385,385,Excellent
2026-08-10,publisher,PROTEZIONE CIVILE,,PROTEZIONE CIVILE,1,385.0,385,385,385,Excellent
2026-08-10,publisher,Servizio politiche di benessere sociale e pari opportunità - Servizio programmazione Sociale ed integrazione socio-sanitaria,,Servizio politiche di benessere sociale e pari opportunità - Servizio programmazione Sociale ed integrazione socio-sanitaria,1,385.0,385,385,385,Excellent
2026-08-10,publisher,"Sezione Personale e Organizzazione - P.O. Statistica,  servizio.personale@regione.puglia.it",,"Sezione Personale e Organizzazione - P.O. Statistica,  servizio.personale@regione.puglia.it",1,385.0,385,385,385,Excellent
2026-08-10,publisher,Ufficio lavori pubblici – Comune di Palo del Colle,,Ufficio lavori pubblici – Comune di Palo del Colle,1,385.0,385,385,385,Excellent
2026-08-10,publisher,"Dipartimento Turismo, Economia della Cultura e Valorizzazione del Territorio - Sezione Turismo e Internazionalizzazione",,"Dipartimento Turismo, Economia della Cultura e Valorizzazione del Territorio - Sezione Turismo e Internazionalizzazione",1,385.0,385,385,385,Excellent
2026-08-10,publisher,Sezione Politiche per lo sviluppo delle aree produttive e industriali,,Sezione Politiche per lo sviluppo delle aree produttive e industriali,1,385.0,385,385,385,Excellent
2026-08-10,publisher,PROGRAMMAZIONE UNITARIA,,PROGRAMMAZIONE UNITARIA,1,385.0,385,385,385,Excellent
2026-08-10,publisher,RegionePuglia,,RegionePuglia,1,385.0,385,385,385,Excellent
2026-08-10,publisher,Labalestra Mary Jo,,Labalestra Mary Jo,1,385.0,385,385,385,Excellent
2026-08-10,publisher,"Dipartimento Turismo, Economia della Cultura e Valorizzazione del Territorio - Struttura di progetto Cooperazione territoriale europea e Poli BiblioMuseali",,"Dipartimento Turismo, Economia della Cultura e Valorizzazione del Territorio - Struttura di progetto Cooperazione territoriale europea e Poli BiblioMuseali",1,385.0,385,385,385,Excellent
2026-08-10,publisher,ufficio lavori pubblii,,ufficio lavori pubblii,1,385.0,385,385,385,Excellent
2026-08-10,publisher,Servizio Struttura di Staff Amministrazione e Affari generali,,Servizio Struttura di Staff Amministrazione e Affari generali,1,385.0,385,385,385,Excellent
2026-08-10,publisher,"Sezione Cloud, Cybersecurity e Infrastrutture tecnologiche",,"Sezione Cloud, Cybersecurity e Infrastrutture tecnologiche",1,385.0,385,385,385,Excellent
2026-08-10,publisher,Sezione Risorse Idriche - Servizio Sistema Idrico Integrato e Tutela delle Acque,,Sezione Risorse Idriche - Servizio Sistema Idrico Integrato e Tutela delle Acque,1,385.0,385,385,385,Excellent
2026-08-10,publisher,Sezione Infrastrutture per la Mobilità,,Sezione Infrastrutture per la Mobilità,2,385.0,385,385,385,Excellent
2026-08-10,publisher,Area E-Health,,Area E-Health,1,385.0,385,385,385,Excellent
2026-08-10,publisher,Area Direzione Amministrativa - Servizio PMO e Internazionalizzazione,,Area Direzione Amministrativa - Servizio PMO e Internazionalizzazione,1,385.0,385,385,385,Excellent
2026-08-10,publisher,Segreteria generale della Presidenza - Struttura Speciale Autorità di Audit,,Segreteria generale della Presidenza - Struttura Speciale Autorità di Audit,1,385.0,385,385,385,Excellent
2026-08-10,publisher,Sezione Affari istituzionali e giuridici,,Sezione Affari istituzionali e giuridici,1,385.0,385,385,385,Excellent
2026-08-10,publisher,Luisa Maraschiello,,Luisa Maraschiello,1,385.0,385,385,385,Excellent
2026-08-10,publisher,Sezione datore di lavoro,,Sezione datore di lavoro,1,385.0,385,385,385,Excellent
2026-08-10,publisher,ARPA Puglia,,ARPA Puglia,2,385.0,385,385,385,Excellent
2026-08-10,publisher,Sezione Autorizzazioni Ambientali,,Sezione Autorizzazioni Ambientali,1,385.0,385,385,385,Excellent
2026-08-10,publisher,Puglia Sviluppo spa,,Puglia Sviluppo spa,1,385.0,385,385,385,Excellent
2026-08-10,publisher,Sezione Bilancio e Ragioneria,,Sezione Bilancio e Ragioneria,1,385.0,385,385,385,Excellent
2026-08-10,publisher,AREA ANALISI E RICERCHE,,AREA ANALISI E RICERCHE,1,385.0,385,385,385,Excellent
2026-08-10,publisher,Regione Puglia,,Regione Puglia,61,384.51,385,355,385,Excellent
2026-08-10,publisher,Comune di Massafra,,Comune di Massafra,38,384.21,385,355,385,Excellent
2026-08-10,publisher,ARET Ufficio Innovazione,,ARET Ufficio Innovazione,14,383.57,385,365,385,Excellent
2026-08-10,publisher,Ufficio statistica,,Ufficio statistica,90,383.22,385,305,385,Excellent
2026-08-10,publisher,Città di Trani,,Città di Trani,5,379.0,385,355,385,Excellent
2026-08-10,publisher,Sezione Competitività delle Filiere Agroalimentari,,Sezione Competitività delle Filiere Agroalimentari,3,378.33,385,365,385,Excellent
2026-08-10,publisher,Ufficio Statistica e Studi Camera di Commercio di Lecce,,Ufficio Statistica e Studi Camera di Commercio di Lecce,96,378.12,385,305,385,Excellent
2026-08-10,publisher,Area Innovazione di Sistema e Qualità,,Area Innovazione di Sistema e Qualità,5,377.0,385,365,385,Excellent
2026-08-10,publisher,Autorità idrica Pugliese (AIP),,Autorità idrica Pugliese (AIP),13,375.77,385,365,385,Excellent
2026-08-10,publisher,re,,re,8,375.0,385,305,385,Excellent
2026-08-10,publisher,Comune di Binetto,,Comune di Binetto,3,375.0,385,355,385,Excellent
2026-08-10,publisher,Sezione Osservatorio fitosanitario,,Sezione Osservatorio fitosanitario,2,370.0,385,355,385,Excellent
2026-08-10,publisher,"Dipartimento Turismo, Economia della Cultura e Valorizzazione del Territorio - Sezione Sviluppo Innovazione Reti",,"Dipartimento Turismo, Economia della Cultura e Valorizzazione del Territorio - Sezione Sviluppo Innovazione Reti",2,370.0,385,355,385,Excellent
2026-08-10,publisher,Polizia Municipale,,Polizia Municipale,5,363.0,385,275,385,Excellent
2026-08-10,publisher,ARPAP,,ARPAP,2,360.0,385,335,385,Excellent
2026-08-10,publisher,Area di Epidemiologia e Care Intelligence,,Area di Epidemiologia e Care Intelligence,15,358.33,385,305,385,Excellent
2026-08-10,publisher,Servizio Transizione Digitale e Privacy,,Servizio Transizione Digitale e Privacy,11,357.73,365,305,385,Excellent
2026-08-10,publisher,Comune di San Marco in Lamis,,Comune di San Marco in Lamis,8,357.5,385,305,385,Excellent
2026-08-10,publisher,Interreg Managment Structure,,Interreg Managment Structure,1,355.0,355,355,355,Excellent
2026-08-10,publisher,Comune di Bari,,Comune di Bari,167,352.13,355,335,355,Excellent
2026-08-10,publisher,Area Valutazione e Ricerca,,Area Valutazione e Ricerca,9,351.67,365,305,365,Excellent
2026-08-10,publisher,comune di lecce,,comune di lecce,22,350.91,385,305,385,Good
2026-08-10,publisher,Redazione O.D.,,Redazione O.D.,104,350.58,385,285,385,Good
2026-08-10,publisher,Redazione OD,,Redazione OD,382,348.98,385,275,385,Good
2026-08-10,publisher,Comune di Martina Franca,,Comune di Martina Franca,29,345.69,365,305,385,Good
2026-08-10,publisher,Comune di Lecce,,Comune di Lecce,38,345.0,355,305,385,Good
2026-08-10,publisher,Sonia Cappello,,Sonia Cappello,2,345.0,385,305,385,Good
2026-08-10,publisher,Ufficio transizione digitale,,Ufficio transizione digitale,2,345.0,385,305,385,Good
2026-08-10,publisher,Camera di Commercio di Lecce,,Camera di Commercio di Lecce,180,341.28,305,305,405,Good
2026-08-10,publisher,REDAZIONE OD,,REDAZIONE OD,2,335.0,365,305,365,Good
2026-08-10,publisher,Area di Direzione Amministrativa,,Area di Direzione Amministrativa,6,331.67,305,305,385,Good
2026-08-10,publisher,Comune di Crispiano,,Comune di Crispiano,14,330.71,305,305,385,Good
2026-08-10,publisher,Arpa Puglia - Direzione Scientifica - Servizio Agenti Fisici,,Arpa Puglia - Direzione Scientifica - Servizio Agenti Fisici,4,327.5,315,305,385,Good
2026-08-10,publisher,Comune di Bitonto,,Comune di Bitonto,55,326.82,305,305,385,Good
2026-08-10,publisher,Comune Lecce,,Comune Lecce,8,325.0,305,305,385,Good
2026-08-10,publisher,Camera di Commercio,,Camera di Commercio,18,325.0,305,305,405,Good
2026-08-10,publisher,Ufficio Infortunistica,,Ufficio Infortunistica,5,321.0,305,305,385,Good
2026-08-10,publisher,Comune di Muro Leccese,,Comune di Muro Leccese,5,321.0,305,305,385,Good
2026-08-10,publisher,Ufficio Statistica,,Ufficio Statistica,57,309.21,305,305,385,Good
2026-08-10,publisher,Comune di Sternatia,,Comune di Sternatia,3,305.0,305,305,305,Good
2026-08-10,publisher,redazione  O.P.,,redazione  O.P.,1,305.0,305,305,305,Good
2026-08-10,publisher,Ragioneria Crispiano,,Ragioneria Crispiano,2,305.0,305,305,305,Good
2026-08-10,publisher,DO,,DO,3,305.0,305,305,305,Good
2026-08-10,publisher,Servizi Sociali,,Servizi Sociali,4,305.0,305,305,305,Good
2026-08-10,publisher,Ufficio Servizi Finanziari,,Ufficio Servizi Finanziari,2,305.0,305,305,305,Good
2026-08-10,publisher,Ufficio  Coordinamento PNRR,,Ufficio  Coordinamento PNRR,1,305.0,305,305,305,Good
2026-08-10,publisher,redazione O.D.,,redazione O.D.,1,305.0,305,305,305,Good
2026-08-10,publisher,Polizia Locale Lecce,,Polizia Locale Lecce,1,305.0,305,305,305,Good
2026-08-10,publisher,Redazione O.D,,Redazione O.D,1,305.0,305,305,305,Good
2026-08-10,publisher,Mauro Nicola de Pinto,,Mauro Nicola de Pinto,1,255.0,255,255,255,Good
2026-08-17,publisher,PO CED,,PO CED,2,405.0,405,405,405,Excellent
2026-08-17,publisher,Andrea De Salve,,Andrea De Salve,2,395.0,405,385,405,Excellent
2026-08-17,publisher,Ufficio Commercio,,Ufficio Commercio,10,391.0,385,385,405,Excellent
2026-08-17,publisher,ASL TA,,ASL TA,12,386.67,385,385,405,Excellent
2026-08-17,publisher,Area Analisi e Ricerche,,Area Analisi e Ricerche,5,385.0,385,385,385,Excellent
2026-08-17,publisher,AREA ANALISI E RICERCHE,,AREA ANALISI E RICERCHE,1,385.0,385,385,385,Excellent
2026-08-17,publisher,ARPA Puglia,,ARPA Puglia,2,385.0,385,385,385,Excellent
2026-08-17,publisher,Sezione Bilancio e Ragioneria,,Sezione Bilancio e Ragioneria,1,385.0,385,385,385,Excellent
2026-08-17,publisher,Sezione Difesa del suolo e rischio sismico,,Sezione Difesa del suolo e rischio sismico,2,385.0,385,385,385,Excellent
2026-08-17,publisher,Comune di Specchia,,Comune di Specchia,6,385.0,385,385,385,Excellent
2026-08-17,publisher,Comune di Melpignano,,Comune di Melpignano,8,385.0,385,385,385,Excellent
2026-08-17,publisher,Fondazione IPRES,,Fondazione IPRES,51,385.0,385,385,385,Excellent
2026-08-17,publisher,comune lecce,,comune lecce,4,385.0,385,385,385,Excellent
2026-08-17,publisher,Arpa Puglia - Direzione Scientifica - Centro Regionale Aria,,Arpa Puglia - Direzione Scientifica - Centro Regionale Aria,4,385.0,385,385,385,Excellent
2026-08-17,publisher,Ufficio Statistica e Studi,,Ufficio Statistica e Studi,5,385.0,385,385,385,Excellent
2026-08-17,publisher,Aress Puglia,,Aress Puglia,4,385.0,385,385,385,Excellent
2026-08-17,publisher,Osservatorio Turismo,,Osservatorio Turismo,5,385.0,385,385,385,Excellent
2026-08-17,publisher,ARET - Ufficio Osservatorio,,ARET - Ufficio Osservatorio,4,385.0,385,385,385,Excellent
2026-08-17,publisher,Area Direzione Amministrativa - Servizio PMO e Internazionalizzazione,,Area Direzione Amministrativa - Servizio PMO e Internazionalizzazione,1,385.0,385,385,385,Excellent
2026-08-17,publisher,SEZIONE INCLUSIONE SOCIALE ATTIVA,,SEZIONE INCLUSIONE SOCIALE ATTIVA,5,385.0,385,385,385,Excellent
2026-08-17,publisher,Puglia Sviluppo,,Puglia Sviluppo,2,385.0,385,385,385,Excellent
2026-08-17,publisher,Agenzia regionale strategica per lo Sviluppo Ecososteniile del Territorio,,Agenzia regionale strategica per lo Sviluppo Ecososteniile del Territorio,9,385.0,385,385,385,Excellent
2026-08-17,publisher,Puglia Sviluppo SpA,,Puglia Sviluppo SpA,5,385.0,385,385,385,Excellent
2026-08-17,publisher,Arpa Puglia - Direzione Scientifica - Centro Regionale Mare,,Arpa Puglia - Direzione Scientifica - Centro Regionale Mare,9,385.0,385,385,385,Excellent
2026-08-17,publisher,Asset,,Asset,19,385.0,385,385,385,Excellent
2026-08-17,publisher,Segreteria Generale della Presidenza,,Segreteria Generale della Presidenza,1,385.0,385,385,385,Excellent
2026-08-17,publisher,Servizi Sociali Pubblica Istruzione,,Servizi Sociali Pubblica Istruzione,5,385.0,385,385,385,Excellent
2026-08-17,publisher,Sezione Politiche Giovanili,,Sezione Politiche Giovanili,3,385.0,385,385,385,Excellent
2026-08-17,publisher,Sezione Organizzazione e Formazione del Personale,,Sezione Organizzazione e Formazione del Personale,2,385.0,385,385,385,Excellent
2026-08-17,publisher,Sezione Opere Pubbliche e Infrastrutture,,Sezione Opere Pubbliche e Infrastrutture,4,385.0,385,385,385,Excellent
2026-08-17,publisher,Sezione Transizione Energetica,,Sezione Transizione Energetica,2,385.0,385,385,385,Excellent
2026-08-17,publisher,Sezione Infrastrutture per la Mobilità,,Sezione Infrastrutture per la Mobilità,2,385.0,385,385,385,Excellent
2026-08-17,publisher,Comune di Santa Cesarea Terme,,Comune di Santa Cesarea Terme,4,385.0,385,385,385,Excellent
2026-08-17,publisher,Sezione politiche di benessere sociale e pari opportunità,,Sezione politiche di benessere sociale e pari opportunità,3,385.0,385,385,385,Excellent
2026-08-17,publisher,ASL Taranto,,ASL Taranto,3,385.0,385,385,385,Excellent
2026-08-17,publisher,Arti Puglia,,Arti Puglia,1,385.0,385,385,385,Excellent
2026-08-17,publisher,Servizio Parchi e Tutela della Biodiversità,,Servizio Parchi e Tutela della Biodiversità,1,385.0,385,385,385,Excellent
2026-08-17,publisher,Città di Putignano,,Città di Putignano,3,385.0,385,385,385,Excellent
2026-08-17,publisher,Sezione Istruzione e Università - Servizio Sistema dell'Istruzione e del Diritto allo Studio,,Sezione Istruzione e Università - Servizio Sistema dell'Istruzione e del Diritto allo Studio,1,385.0,385,385,385,Excellent
2026-08-17,publisher,PROTEZIONE CIVILE,,PROTEZIONE CIVILE,1,385.0,385,385,385,Excellent
2026-08-17,publisher,Sistemi Informativi e Transizione Digitale,,Sistemi Informativi e Transizione Digitale,5,385.0,385,385,385,Excellent
2026-08-17,publisher,DIREZIONE AMMINISTRATIVA DEL GABINETTO - RTD,,DIREZIONE AMMINISTRATIVA DEL GABINETTO - RTD,1,385.0,385,385,385,Excellent
2026-08-17,publisher,"Dipartimento Welfare, Sezione Inclusione Sociale Attiva",,"Dipartimento Welfare, Sezione Inclusione Sociale Attiva",1,385.0,385,385,385,Excellent
2026-08-17,publisher,ADISU Puglia,,ADISU Puglia,10,385.0,385,385,385,Excellent
2026-08-17,publisher,Dipartimento sviluppo territoriale,,Dipartimento sviluppo territoriale,1,385.0,385,385,385,Excellent
2026-08-17,publisher,Sezione Strategie e Governo dell'Offerta,,Sezione Strategie e Governo dell'Offerta,1,385.0,385,385,385,Excellent
2026-08-17,publisher,Sezione Ricerca Industriale e Innovazione servizio.ricercainnovazione@regione.puglia.it,,Sezione Ricerca Industriale e Innovazione servizio.ricercainnovazione@regione.puglia.it,8,385.0,385,385,385,Excellent
2026-08-17,publisher,InnovaPuglia,,InnovaPuglia,2,385.0,385,385,385,Excellent
2026-08-17,publisher,InnovaPuglia Spa - Servizio Territorio e Ambiente info@sit.puglia.it,,InnovaPuglia Spa - Servizio Territorio e Ambiente info@sit.puglia.it,6,385.0,385,385,385,Excellent
2026-08-17,publisher,"Dipartimento Turismo, Economia della Cultura e Valorizzazione del Territorio - Sezione Tutela e valorizzazione dei patrimoni culturali",,"Dipartimento Turismo, Economia della Cultura e Valorizzazione del Territorio - Sezione Tutela e valorizzazione dei patrimoni culturali",1,385.0,385,385,385,Excellent
2026-08-17,publisher,"Struttura di Progetto Attuazione della Politica Europea per gli Affari Marittimi, la Pesca e l'Acquacoltura",,"Struttura di Progetto Attuazione della Politica Europea per gli Affari Marittimi, la Pesca e l'Acquacoltura",2,385.0,385,385,385,Excellent
2026-08-17,publisher,Comune di Giuggianello,,Comune di Giuggianello,4,385.0,385,385,385,Excellent
2026-08-17,publisher,Sezione Statistica,,Sezione Statistica,1,385.0,385,385,385,Excellent
2026-08-17,publisher,ufficio tecnico,,ufficio tecnico,7,385.0,385,385,385,Excellent
2026-08-17,publisher,Comune di Neviano,,Comune di Neviano,3,385.0,385,385,385,Excellent
2026-08-17,publisher,Autorità di Gestione del POR 2014-2020,,Autorità di Gestione del POR 2014-2020,1,385.0,385,385,385,Excellent
2026-08-17,publisher,Sezione Demanio e Patrimonio serviziodemaniopatrimonio.bari@pec.rupar.puglia.it,,Sezione Demanio e Patrimonio serviziodemaniopatrimonio.bari@pec.rupar.puglia.it,3,385.0,385,385,385,Excellent
2026-08-17,publisher,Sezione Mobilità Sostenibile e Vigilanza del Trasporto Pubblico Locale,,Sezione Mobilità Sostenibile e Vigilanza del Trasporto Pubblico Locale,2,385.0,385,385,385,Excellent
2026-08-17,publisher,Agenzia Regionale Strategica per la Salute ed il Sociale,,Agenzia Regionale Strategica per la Salute ed il Sociale,4,385.0,385,385,385,Excellent
2026-08-17,publisher,ARTI Puglia,,ARTI Puglia,12,385.0,385,385,385,Excellent
2026-08-17,publisher,Comune di Miggiano,,Comune di Miggiano,3,385.0,385,385,385,Excellent
2026-08-17,publisher,Labalestra Mary Jo,,Labalestra Mary Jo,1,385.0,385,385,385,Excellent
2026-08-17,publisher,Sezione Personale,,Sezione Personale,1,385.0,385,385,385,Excellent
2026-08-17,publisher,Sezione Politiche per lo sviluppo delle aree produttive e industriali,,Sezione Politiche per lo sviluppo delle aree produttive e industriali,1,385.0,385,385,385,Excellent
2026-08-17,publisher,PROGRAMMAZIONE UNITARIA,,PROGRAMMAZIONE UNITARIA,1,385.0,385,385,385,Excellent
2026-08-17,publisher,Sezione Ciclo Rifiuti e Bonifiche,,Sezione Ciclo Rifiuti e Bonifiche,2,385.0,385,385,385,Excellent
2026-08-17,publisher,Ufficio Transizione Digitale,,Ufficio Transizione Digitale,13,385.0,385,385,385,Excellent
2026-08-17,publisher,"Dipartimento Turismo, Economia della Cultura e Valorizzazione del Territorio - Sezione Turismo e Internazionalizzazione",,"Dipartimento Turismo, Economia della Cultura e Valorizzazione del Territorio - Sezione Turismo e Internazionalizzazione",1,385.0,385,385,385,Excellent
2026-08-17,publisher,Ufficio lavori pubblici – Comune di Palo del Colle,,Ufficio lavori pubblici – Comune di Palo del Colle,1,385.0,385,385,385,Excellent
2026-08-17,publisher,RegionePuglia,,RegionePuglia,1,385.0,385,385,385,Excellent
2026-08-17,publisher,ced,,ced,2,385.0,385,385,385,Excellent
2026-08-17,publisher,Comune di Palo del Colle – Ufficio Anagrafe / Demografici,,Comune di Palo del Colle – Ufficio Anagrafe / Demografici,1,385.0,385,385,385,Excellent
2026-08-17,publisher,Comune di Andrano,,Comune di Andrano,3,385.0,385,385,385,Excellent
2026-08-17,publisher,Comune di Nociglia,,Comune di Nociglia,3,385.0,385,385,385,Excellent
2026-08-17,publisher,Sezione Raccordo al Sistema Regionale - Servizio Contratti e Programmazione Acquisti,,Sezione Raccordo al Sistema Regionale - Servizio Contratti e Programmazione Acquisti,1,385.0,385,385,385,Excellent
2026-08-17,publisher,Servizio Struttura di Staff Amministrazione e Affari generali,,Servizio Struttura di Staff Amministrazione e Affari generali,1,385.0,385,385,385,Excellent
2026-08-17,publisher,"Sezione Cloud, Cybersecurity e Infrastrutture tecnologiche",,"Sezione Cloud, Cybersecurity e Infrastrutture tecnologiche",1,385.0,385,385,385,Excellent
2026-08-17,publisher,Sezione Risorse Idriche - Servizio Sistema Idrico Integrato e Tutela delle Acque,,Sezione Risorse Idriche - Servizio Sistema Idrico Integrato e Tutela delle Acque,1,385.0,385,385,385,Excellent
2026-08-17,publisher,"Dipartimento Turismo, Economia della Cultura e Valorizzazione del Territorio - Struttura di progetto Cooperazione territoriale europea e Poli BiblioMuseali",,"Dipartimento Turismo, Economia della Cultura e Valorizzazione del Territorio - Struttura di progetto Cooperazione territoriale europea e Poli BiblioMuseali",1,385.0,385,385,385,Excellent
2026-08-17,publisher,ufficio lavori pubblii,,ufficio lavori pubblii,1,385.0,385,385,385,Excellent
2026-08-17,publisher,Sezione Promozione della Salute e del Benessere - Servizio Sicurezza Alimentare e Sanità Veterinaria,,Sezione Promozione della Salute e del Benessere - Servizio Sicurezza Alimentare e Sanità Veterinaria,1,385.0,385,385,385,Excellent
2026-08-17,publisher,Sezione Contenzioso Amministrativo,,Sezione Contenzioso Amministrativo,1,385.0,385,385,385,Excellent
2026-08-17,publisher,Sezione Demanio e Patrimonio,,Sezione Demanio e Patrimonio,1,385.0,385,385,385,Excellent
2026-08-17,publisher,Struttura Speciale Comunicazione Istituzionale,,Struttura Speciale Comunicazione Istituzionale,2,385.0,385,385,385,Excellent
2026-08-17,publisher,Ufficio Ambiente,,Ufficio Ambiente,4,385.0,385,385,385,Excellent
2026-08-17,publisher,Area Direzione Amministrativa - Servizio Formazione e Innovazione dei Saperi,,Area Direzione Amministrativa - Servizio Formazione e Innovazione dei Saperi,1,385.0,385,385,385,Excellent
2026-08-17,publisher,Centro Regionale HTA - Area Valutazione e Ricerca,,Centro Regionale HTA - Area Valutazione e Ricerca,2,385.0,385,385,385,Excellent
2026-08-17,publisher,Ufficio LL.PP.,,Ufficio LL.PP.,1,385.0,385,385,385,Excellent
2026-08-17,publisher,Comune di Galatone,,Comune di Galatone,5,385.0,385,385,385,Excellent
2026-08-17,publisher,Area E-Health,,Area E-Health,1,385.0,385,385,385,Excellent
2026-08-17,publisher,Comune di Minervino di Lecce,,Comune di Minervino di Lecce,5,385.0,385,385,385,Excellent
2026-08-17,publisher,Sezione Promozione della salute e del benessere (servizio.sportpertutti@regione.puglia.it),,Sezione Promozione della salute e del benessere (servizio.sportpertutti@regione.puglia.it),3,385.0,385,385,385,Excellent
2026-08-17,publisher,Sezione Trasformazione Digitale,,Sezione Trasformazione Digitale,2,385.0,385,385,385,Excellent
2026-08-17,publisher,Sezione Urbanistica - Servizio Osservatorio Abusivismo e Usi Civici,,Sezione Urbanistica - Servizio Osservatorio Abusivismo e Usi Civici,1,385.0,385,385,385,Excellent
2026-08-17,publisher,Sezione Ricerca Industriale e Innovazione,,Sezione Ricerca Industriale e Innovazione,2,385.0,385,385,385,Excellent
2026-08-17,publisher,Segretariato generale della Giunta regionale segretariatogenerale.giunta@regione.puglia.it,,Segretariato generale della Giunta regionale segretariatogenerale.giunta@regione.puglia.it,2,385.0,385,385,385,Excellent
2026-08-17,publisher,Comune di Zollino,,Comune di Zollino,3,385.0,385,385,385,Excellent
2026-08-17,publisher,Team O.D.,,Team O.D.,2,385.0,385,385,385,Excellent
2026-08-17,publisher,Comune di Carpignano Salentino,,Comune di Carpignano Salentino,4,385.0,385,385,385,Excellent
2026-08-17,publisher,Sezione Personale e Organizzazione,,Sezione Personale e Organizzazione,3,385.0,385,385,385,Excellent
2026-08-17,publisher,Servizio politiche di benessere sociale e pari opportunità - Servizio programmazione Sociale ed integrazione socio-sanitaria,,Servizio politiche di benessere sociale e pari opportunità - Servizio programmazione Sociale ed integrazione socio-sanitaria,1,385.0,385,385,385,Excellent
2026-08-17,publisher,Sezione Bilancio e Ragioneria servizio.bilancio.ragioneria@pec.rupar.puglia.it,,Sezione Bilancio e Ragioneria servizio.bilancio.ragioneria@pec.rupar.puglia.it,1,385.0,385,385,385,Excellent
2026-08-17,publisher,Comune di Manduria,,Comune di Manduria,5,385.0,385,385,385,Excellent
2026-08-17,publisher,Comune di San Pietro in Lama,,Comune di San Pietro in Lama,3,385.0,385,385,385,Excellent
2026-08-17,publisher,"Sezione Personale e Organizzazione - P.O. Statistica,  servizio.personale@regione.puglia.it",,"Sezione Personale e Organizzazione - P.O. Statistica,  servizio.personale@regione.puglia.it",1,385.0,385,385,385,Excellent
2026-08-17,publisher,SEZIONE CONTROLLI REGOLARITA AMMINISTRATIVA,,SEZIONE CONTROLLI REGOLARITA AMMINISTRATIVA,1,385.0,385,385,385,Excellent
2026-08-17,publisher,Ufficio tecnico,,Ufficio tecnico,2,385.0,385,385,385,Excellent
2026-08-17,publisher,Comune di Cursi,,Comune di Cursi,4,385.0,385,385,385,Excellent
2026-08-17,publisher,Sezione Affari e Studi Giuridici e Legislativi,,Sezione Affari e Studi Giuridici e Legislativi,1,385.0,385,385,385,Excellent
2026-08-17,publisher,"Sezione Farmaci, Dispositivi Medici e Assistenza Integrativa",,"Sezione Farmaci, Dispositivi Medici e Assistenza Integrativa",1,385.0,385,385,385,Excellent
2026-08-17,publisher,Struttura Speciale Monitoraggio dell'Attuazione Regionale del PNRR,,Struttura Speciale Monitoraggio dell'Attuazione Regionale del PNRR,2,385.0,385,385,385,Excellent
2026-08-17,publisher,Sezione Economia della Cultura,,Sezione Economia della Cultura,1,385.0,385,385,385,Excellent
2026-08-17,publisher,Servizio Appalti,,Servizio Appalti,2,385.0,385,385,385,Excellent
2026-08-17,publisher,Segreteria generale della Presidenza - Struttura Speciale Autorità di Audit,,Segreteria generale della Presidenza - Struttura Speciale Autorità di Audit,1,385.0,385,385,385,Excellent
2026-08-17,publisher,redazione OD,,redazione OD,2,385.0,385,385,385,Excellent
2026-08-17,publisher,Adisu,,Adisu,2,385.0,385,385,385,Excellent
2026-08-17,publisher,Puglia Sviluppo spa,,Puglia Sviluppo spa,1,385.0,385,385,385,Excellent
2026-08-17,publisher,comune di martina franca,,comune di martina franca,3,385.0,385,385,385,Excellent
2026-08-17,publisher,"Sezione Promozione del Commercio, Artigianato e Internazionalizzazione delle Imprese",,"Sezione Promozione del Commercio, Artigianato e Internazionalizzazione delle Imprese",1,385.0,385,385,385,Excellent
2026-08-17,publisher,Sezione Ricerca e Relazioni Internazionali,,Sezione Ricerca e Relazioni Internazionali,2,385.0,385,385,385,Excellent
2026-08-17,publisher,Sezione Regionale di Vigilanza,,Sezione Regionale di Vigilanza,1,385.0,385,385,385,Excellent
2026-08-17,publisher,Sezione Gestione Sostenibile e tutela delle Risorse Forestali e Naturali - Servizio risorse forestali,,Sezione Gestione Sostenibile e tutela delle Risorse Forestali e Naturali - Servizio risorse forestali,2,385.0,385,385,385,Excellent
2026-08-17,publisher,Sezione Autorizzazioni Ambientali,,Sezione Autorizzazioni Ambientali,1,385.0,385,385,385,Excellent
2026-08-17,publisher,Sezione Provveditorato Economato,,Sezione Provveditorato Economato,2,385.0,385,385,385,Excellent
2026-08-17,publisher,Sezione Politiche Abitative,,Sezione Politiche Abitative,2,385.0,385,385,385,Excellent
2026-08-17,publisher,SEZIONE FORMAZIONE,,SEZIONE FORMAZIONE,1,385.0,385,385,385,Excellent
2026-08-17,publisher,Sezione datore di lavoro,,Sezione datore di lavoro,1,385.0,385,385,385,Excellent
2026-08-17,publisher,Luisa Maraschiello,,Luisa Maraschiello,1,385.0,385,385,385,Excellent
2026-08-17,publisher,Sezione Affari istituzionali e giuridici,,Sezione Affari istituzionali e giuridici,1,385.0,385,385,385,Excellent
2026-08-17,publisher,Area Valutazione e Ricerca – Servizio Valutazione e Governo dell'Innovazione,,Area Valutazione e Ricerca – Servizio Valutazione e Governo dell'Innovazione,1,385.0,385,385,385,Excellent
2026-08-17,publisher,Area Direzione Amministrativa - Servizio Risorse Umane,,Area Direzione Amministrativa - Servizio Risorse Umane,1,385.0,385,385,385,Excellent
2026-08-17,publisher,Redazione,,Redazione,1,385.0,385,385,385,Excellent
2026-08-17,publisher,Area Valutazione e Ricerca – Servizio Ricerca Sanitaria e Sperimentazioni Gestionali,,Area Valutazione e Ricerca – Servizio Ricerca Sanitaria e Sperimentazioni Gestionali,2,385.0,385,385,385,Excellent
2026-08-17,publisher,SEZIONE INCLUSIONE SOCIALE ATTIVA e SEZIONE ISTRUZIONE E UNIVERSITA',,SEZIONE INCLUSIONE SOCIALE ATTIVA e SEZIONE ISTRUZIONE E UNIVERSITA',1,385.0,385,385,385,Excellent
2026-08-17,publisher,Ufficio Urbanistica,,Ufficio Urbanistica,1,385.0,385,385,385,Excellent
2026-08-17,publisher,Affari Generali,,Affari Generali,2,385.0,385,385,385,Excellent
2026-08-17,publisher,Affari generali,,Affari generali,1,385.0,385,385,385,Excellent
2026-08-17,publisher,Urbanistica,,Urbanistica,1,385.0,385,385,385,Excellent
2026-08-17,publisher,"SEZIONE BENESSERE SOCIALE, INNOVAIONE E SUSSIDIARIETA'",,"SEZIONE BENESSERE SOCIALE, INNOVAIONE E SUSSIDIARIETA'",1,385.0,385,385,385,Excellent
2026-08-17,publisher,Dipartimento Ambiente Paesaggio e Qualità Urbana,,Dipartimento Ambiente Paesaggio e Qualità Urbana,1,385.0,385,385,385,Excellent
2026-08-17,publisher,Ufficio Sistemi Informativi e Flussi Informativi,,Ufficio Sistemi Informativi e Flussi Informativi,1,385.0,385,385,385,Excellent
2026-08-17,publisher,ASL Brindisi,,ASL Brindisi,1,385.0,385,385,385,Excellent
2026-08-17,publisher,Servizio Protezione Civile servizio.protezionecivile@regione.puglia.it,,Servizio Protezione Civile servizio.protezionecivile@regione.puglia.it,1,385.0,385,385,385,Excellent
2026-08-17,publisher,Comune di Candela,,Comune di Candela,4,385.0,385,385,385,Excellent
2026-08-17,publisher,Sezione APG,,Sezione APG,1,385.0,385,385,385,Excellent
2026-08-17,publisher,"SEZIONE INNOVAZIONE, DATI E SERVIZI DIGITALI",,"SEZIONE INNOVAZIONE, DATI E SERVIZI DIGITALI",1,385.0,385,385,385,Excellent
2026-08-17,publisher,Sezione Coordinamento dei Servizi Territoriali,,Sezione Coordinamento dei Servizi Territoriali,1,385.0,385,385,385,Excellent
2026-08-17,publisher,Sezione Programmazione e coordinamento,,Sezione Programmazione e coordinamento,2,385.0,385,385,385,Excellent
2026-08-17,publisher,Segreteria generale della Presidenza - Struttura Speciale Audit FSE+,,Segreteria generale della Presidenza - Struttura Speciale Audit FSE+,1,385.0,385,385,385,Excellent
2026-08-17,publisher,"Dipartimento Sviluppo Economico - Sezione Crescita Digitale delle persone, del territorio e delle imprese",,"Dipartimento Sviluppo Economico - Sezione Crescita Digitale delle persone, del territorio e delle imprese",1,385.0,385,385,385,Excellent
2026-08-17,publisher,Dipartimento Personale e Organizzazione - Sezione Personale,,Dipartimento Personale e Organizzazione - Sezione Personale,1,385.0,385,385,385,Excellent
2026-08-17,publisher,Sezione Trasporto Pubblico Locale e Intermodalità,,Sezione Trasporto Pubblico Locale e Intermodalità,2,385.0,385,385,385,Excellent
2026-08-17,publisher,Servizio Risorse Finanziarie,,Servizio Risorse Finanziarie,1,385.0,385,385,385,Excellent
2026-08-17,publisher,Sezione Coordinamento dei servizi territoriali,,Sezione Coordinamento dei servizi territoriali,1,385.0,385,385,385,Excellent
2026-08-17,publisher,Sezione Bilancio e ragioneria,,Sezione Bilancio e ragioneria,1,385.0,385,385,385,Excellent
2026-08-17,publisher,DIPARTIMENTO PROMOZIONE DELLA SALUTE E DEL BENESSERE ANIMALE/SEZIONE PROMOZIONE DELLA SALUTE E DEL BENESSERE,,DIPARTIMENTO PROMOZIONE DELLA SALUTE E DEL BENESSERE ANIMALE/SEZIONE PROMOZIONE DELLA SALUTE E DEL BENESSERE,3,385.0,385,385,385,Excellent
2026-08-17,publisher,Sezione Supporto Legsislativo,,Sezione Supporto Legsislativo,1,385.0,385,385,385,Excellent
2026-08-17,publisher,Sezione Bilancio della Sanità e dello Sport,,Sezione Bilancio della Sanità e dello Sport,1,385.0,385,385,385,Excellent
2026-08-17,publisher,Sezione Personale e Sezione Statistica,,Sezione Personale e Sezione Statistica,1,385.0,385,385,385,Excellent
2026-08-17,publisher,Sezione Competitività,,Sezione Competitività,2,385.0,385,385,385,Excellent
2026-08-17,publisher,Struttura Speciale Cooperazione Euro-Mediterranea,,Struttura Speciale Cooperazione Euro-Mediterranea,1,385.0,385,385,385,Excellent
2026-08-17,publisher,Sezione Ricerca industriale e Innovazione,,Sezione Ricerca industriale e Innovazione,2,385.0,385,385,385,Excellent
2026-08-17,publisher,Sezione Personale e Organizzazione servizio.personale@regione.puglia.it,,Sezione Personale e Organizzazione servizio.personale@regione.puglia.it,1,385.0,385,385,385,Excellent
2026-08-17,publisher,Sezione Promozione della salute e del benessere,,Sezione Promozione della salute e del benessere,1,385.0,385,385,385,Excellent
2026-08-17,publisher,Sezione Programmazione Acquisti servizio.affarigenerali@regione.puglia.it,,Sezione Programmazione Acquisti servizio.affarigenerali@regione.puglia.it,1,385.0,385,385,385,Excellent
2026-08-17,publisher,InnovaPuglia spa infolivinglabs@innova.puglia.it,,InnovaPuglia spa infolivinglabs@innova.puglia.it,2,385.0,385,385,385,Excellent
2026-08-17,publisher,Sezione Finanze,,Sezione Finanze,1,385.0,385,385,385,Excellent
2026-08-17,publisher,"Dipartimento Turismo, Economia della Cultura e Valorizzazione del Territorio - Sezione Economia della Cultura",,"Dipartimento Turismo, Economia della Cultura e Valorizzazione del Territorio - Sezione Economia della Cultura",1,385.0,385,385,385,Excellent
2026-08-17,publisher,Programmazione Unitaria,,Programmazione Unitaria,1,385.0,385,385,385,Excellent
2026-08-17,publisher,Sezione Tutela e Valorizzazione dei Patrimoni Culturali,,Sezione Tutela e Valorizzazione dei Patrimoni Culturali,1,385.0,385,385,385,Excellent
2026-08-17,publisher,SEZIONE POLITICHE E MERCATO DEL LAVORO,,SEZIONE POLITICHE E MERCATO DEL LAVORO,1,385.0,385,385,385,Excellent
2026-08-17,publisher,Servizio Programmazione Acquisti,,Servizio Programmazione Acquisti,1,385.0,385,385,385,Excellent
2026-08-17,publisher,Sezione Personale e Organizzazione - servizio.personale@regione.puglia.it,,Sezione Personale e Organizzazione - servizio.personale@regione.puglia.it,1,385.0,385,385,385,Excellent
2026-08-17,publisher,Sezione politiche di benessere sociale e pari opportunità Sezione programmazione Sociale ed integrazione socio-sanitaria,,Sezione politiche di benessere sociale e pari opportunità Sezione programmazione Sociale ed integrazione socio-sanitaria,1,385.0,385,385,385,Excellent
2026-08-17,publisher,ex Sezione Promozione della Salute e del Benessere - attuale Sezione Sanità Veterinaria e Sicurezza Alimentare,,ex Sezione Promozione della Salute e del Benessere - attuale Sezione Sanità Veterinaria e Sicurezza Alimentare,1,385.0,385,385,385,Excellent
2026-08-17,publisher,Sezione Tutela e valorizzazione del paesaggio,,Sezione Tutela e valorizzazione del paesaggio,1,385.0,385,385,385,Excellent
2026-08-17,publisher,"Dipartimento Welfare, sezione Benessere Sociale, Innovazione e Sussidiarietà",,"Dipartimento Welfare, sezione Benessere Sociale, Innovazione e Sussidiarietà",1,385.0,385,385,385,Excellent
2026-08-17,publisher,"Sezione Sicurezza del Cittadino, politiche per le migrazioni ed Antimafia sociale",,"Sezione Sicurezza del Cittadino, politiche per le migrazioni ed Antimafia sociale",1,385.0,385,385,385,Excellent
2026-08-17,publisher,Marica Girardi - laboratoriurbani@regione.puglia.it,,Marica Girardi - laboratoriurbani@regione.puglia.it,1,385.0,385,385,385,Excellent
2026-08-17,publisher,Servizio Ricerca Industriale e Innovazione,,Servizio Ricerca Industriale e Innovazione,1,385.0,385,385,385,Excellent
2026-08-17,publisher,Sezione Controlli,,Sezione Controlli,1,385.0,385,385,385,Excellent
2026-08-17,publisher,Comune di Oria,,Comune di Oria,1,385.0,385,385,385,Excellent
2026-08-17,publisher,M. Capozzi,,M. Capozzi,1,385.0,385,385,385,Excellent
2026-08-17,publisher,"Sezione Turismo e Internazionalizzazione - Servizio Sviluppo, Infrastrutture, Imprese, Professioni",,"Sezione Turismo e Internazionalizzazione - Servizio Sviluppo, Infrastrutture, Imprese, Professioni",1,385.0,385,385,385,Excellent
2026-08-17,publisher,Sezione politiche di benessere sociale e pari opportunità - Sezione programmazione Sociale ed integrazione socio-sanitaria - InnovaPuglia S.p.a.,,Sezione politiche di benessere sociale e pari opportunità - Sezione programmazione Sociale ed integrazione socio-sanitaria - InnovaPuglia S.p.a.,1,385.0,385,385,385,Excellent
2026-08-17,publisher,Sezione Trattamento Economico,,Sezione Trattamento Economico,2,385.0,385,385,385,Excellent
2026-08-17,publisher,Servizio Finanziario – Comune di Palo del Colle,,Servizio Finanziario – Comune di Palo del Colle,1,385.0,385,385,385,Excellent
2026-08-17,publisher,Comune di Palo del Colle – Ufficio Anagrafe,,Comune di Palo del Colle – Ufficio Anagrafe,1,385.0,385,385,385,Excellent
2026-08-17,publisher,"Dipartimento Turismo, Economia della Cultura e Valorizzazione del Territorio - Struttura Progetto Cooperazione Territoriale Europea E Poli Biblio-Museali",,"Dipartimento Turismo, Economia della Cultura e Valorizzazione del Territorio - Struttura Progetto Cooperazione Territoriale Europea E Poli Biblio-Museali",1,385.0,385,385,385,Excellent
2026-08-17,publisher,Dipartimento Sviluppo Economico,,Dipartimento Sviluppo Economico,1,385.0,385,385,385,Excellent
2026-08-17,publisher,Interreg Management Structure,,Interreg Management Structure,1,385.0,385,385,385,Excellent
2026-08-17,publisher,"Dipartimento Agricoltura, sviluppo rurale e Ambientale - Sezione Attuazione dei Programmi Comunitari per l'agricoltura",,"Dipartimento Agricoltura, sviluppo rurale e Ambientale - Sezione Attuazione dei Programmi Comunitari per l'agricoltura",1,385.0,385,385,385,Excellent
2026-08-17,publisher,Sezione Attuzione dei programmi comunitari per l'agricolturai,,Sezione Attuzione dei programmi comunitari per l'agricolturai,1,385.0,385,385,385,Excellent
2026-08-17,publisher,Dott.ssa Rocca Anna Ettorre,,Dott.ssa Rocca Anna Ettorre,1,385.0,385,385,385,Excellent
2026-08-17,publisher,Protezione Civile,,Protezione Civile,1,385.0,385,385,385,Excellent
2026-08-17,publisher,"Sezione Promozione del Commercio, Artigianato e Internazionalizzazione delle imprese",,"Sezione Promozione del Commercio, Artigianato e Internazionalizzazione delle imprese",1,385.0,385,385,385,Excellent
2026-08-17,publisher,Regione Puglia,,Regione Puglia,61,384.51,385,355,385,Excellent
2026-08-17,publisher,Comune di Massafra,,Comune di Massafra,38,384.21,385,355,385,Excellent
2026-08-17,publisher,ARET Ufficio Innovazione,,ARET Ufficio Innovazione,14,383.57,385,365,385,Excellent
2026-08-17,publisher,Comune di Bitonto,,Comune di Bitonto,55,383.55,385,305,385,Excellent
2026-08-17,publisher,Ufficio statistica,,Ufficio statistica,90,383.22,385,305,385,Excellent
2026-08-17,publisher,Ufficio Statistica e Studi Camera di Commercio di Lecce,,Ufficio Statistica e Studi Camera di Commercio di Lecce,96,382.29,385,305,385,Excellent
2026-08-17,publisher,Città di Trani,,Città di Trani,5,379.0,385,355,385,Excellent
2026-08-17,publisher,Sezione Competitività delle Filiere Agroalimentari,,Sezione Competitività delle Filiere Agroalimentari,3,378.33,385,365,385,Excellent
2026-08-17,publisher,Area Innovazione di Sistema e Qualità,,Area Innovazione di Sistema e Qualità,5,377.0,385,365,385,Excellent
2026-08-17,publisher,Autorità idrica Pugliese (AIP),,Autorità idrica Pugliese (AIP),13,375.77,385,365,385,Excellent
2026-08-17,publisher,Comune di Binetto,,Comune di Binetto,3,375.0,385,355,385,Excellent
2026-08-17,publisher,re,,re,8,375.0,385,305,385,Excellent
2026-08-17,publisher,ARPAP,,ARPAP,2,370.0,385,355,385,Excellent
2026-08-17,publisher,"Dipartimento Turismo, Economia della Cultura e Valorizzazione del Territorio - Sezione Sviluppo Innovazione Reti",,"Dipartimento Turismo, Economia della Cultura e Valorizzazione del Territorio - Sezione Sviluppo Innovazione Reti",2,370.0,385,355,385,Excellent
2026-08-17,publisher,Sezione Osservatorio fitosanitario,,Sezione Osservatorio fitosanitario,2,370.0,385,355,385,Excellent
2026-08-17,publisher,Polizia Municipale,,Polizia Municipale,5,363.0,385,275,385,Excellent
2026-08-17,publisher,Area di Epidemiologia e Care Intelligence,,Area di Epidemiologia e Care Intelligence,15,358.33,385,305,385,Excellent
2026-08-17,publisher,Servizio Transizione Digitale e Privacy,,Servizio Transizione Digitale e Privacy,11,357.73,365,305,385,Excellent
2026-08-17,publisher,Comune di San Marco in Lamis,,Comune di San Marco in Lamis,8,357.5,385,305,385,Excellent
2026-08-17,publisher,Interreg Managment Structure,,Interreg Managment Structure,1,355.0,355,355,355,Excellent
2026-08-17,publisher,Area Valutazione e Ricerca,,Area Valutazione e Ricerca,9,351.67,365,305,365,Excellent
2026-08-17,publisher,comune di lecce,,comune di lecce,22,350.91,385,305,385,Good
2026-08-17,publisher,Redazione O.D.,,Redazione O.D.,104,350.87,385,285,385,Good
2026-08-17,publisher,Redazione OD,,Redazione OD,382,349.35,385,275,385,Good
2026-08-17,publisher,Comune di Lecce,,Comune di Lecce,38,349.21,385,305,385,Good
2026-08-17,publisher,Comune di Martina Franca,,Comune di Martina Franca,29,345.69,365,305,385,Good
2026-08-17,publisher,Sonia Cappello,,Sonia Cappello,2,345.0,385,305,385,Good
2026-08-17,publisher,Ufficio transizione digitale,,Ufficio transizione digitale,2,345.0,385,305,385,Good
2026-08-17,publisher,Camera di Commercio di Lecce,,Camera di Commercio di Lecce,180,341.28,305,305,405,Good
2026-08-17,publisher,Comune Lecce,,Comune Lecce,8,335.0,305,305,385,Good
2026-08-17,publisher,REDAZIONE OD,,REDAZIONE OD,2,335.0,365,305,365,Good
2026-08-17,publisher,Area di Direzione Amministrativa,,Area di Direzione Amministrativa,6,331.67,305,305,385,Good
2026-08-17,publisher,Comune di Crispiano,,Comune di Crispiano,14,330.71,305,305,385,Good
2026-08-17,publisher,Arpa Puglia - Direzione Scientifica - Servizio Agenti Fisici,,Arpa Puglia - Direzione Scientifica - Servizio Agenti Fisici,4,327.5,315,305,385,Good
2026-08-17,publisher,Camera di Commercio,,Camera di Commercio,18,325.0,305,305,405,Good
2026-08-17,publisher,Ufficio Infortunistica,,Ufficio Infortunistica,5,321.0,305,305,385,Good
2026-08-17,publisher,Comune di Muro Leccese,,Comune di Muro Leccese,5,321.0,305,305,385,Good
2026-08-17,publisher,Ufficio Statistica,,Ufficio Statistica,57,309.21,305,305,385,Good
2026-08-17,publisher,Comune di Bari,,Comune di Bari,167,305.0,305,285,385,Good
2026-08-17,publisher,Comune di Sternatia,,Comune di Sternatia,3,305.0,305,305,305,Good
2026-08-17,publisher,redazione O.D.,,redazione O.D.,1,305.0,305,305,305,Good
2026-08-17,publisher,Servizi Sociali,,Servizi Sociali,4,305.0,305,305,305,Good
2026-08-17,publisher,DO,,DO,3,305.0,305,305,305,Good
2026-08-17,publisher,Ragioneria Crispiano,,Ragioneria Crispiano,2,305.0,305,305,305,Good
2026-08-17,publisher,Polizia Locale Lecce,,Polizia Locale Lecce,1,305.0,305,305,305,Good
2026-08-17,publisher,Redazione O.D,,Redazione O.D,1,305.0,305,305,305,Good
2026-08-17,publisher,Ufficio Servizi Finanziari,,Ufficio Servizi Finanziari,2,305.0,305,305,305,Good
2026-08-17,publisher,redazione  O.P.,,redazione  O.P.,1,305.0,305,305,305,Good
2026-08-17,publisher,Ufficio  Coordinamento PNRR,,Ufficio  Coordinamento PNRR,1,305.0,305,305,305,Good
2026-08-17,publisher,Mauro Nicola de Pinto,,Mauro Nicola de Pinto,1,255.0,255,255,255,Good
2026-08-18,publisher,PO CED,,PO CED,2,405.0,405,405,405,Excellent
2026-08-18,publisher,Andrea De Salve,,Andrea De Salve,2,395.0,405,385,405,Excellent
2026-08-18,publisher,Ufficio Commercio,,Ufficio Commercio,10,391.0,385,385,405,Excellent
2026-08-18,publisher,ASL TA,,ASL TA,12,386.67,385,385,405,Excellent
2026-08-18,publisher,Osservatorio Turismo,,Osservatorio Turismo,5,385.0,385,385,385,Excellent
2026-08-18,publisher,Asset,,Asset,19,385.0,385,385,385,Excellent
2026-08-18,publisher,Area Valutazione e Ricerca – Servizio Ricerca Sanitaria e Sperimentazioni Gestionali,,Area Valutazione e Ricerca – Servizio Ricerca Sanitaria e Sperimentazioni Gestionali,2,385.0,385,385,385,Excellent
2026-08-18,publisher,DIPARTIMENTO PROMOZIONE DELLA SALUTE E DEL BENESSERE ANIMALE/SEZIONE PROMOZIONE DELLA SALUTE E DEL BENESSERE,,DIPARTIMENTO PROMOZIONE DELLA SALUTE E DEL BENESSERE ANIMALE/SEZIONE PROMOZIONE DELLA SALUTE E DEL BENESSERE,3,385.0,385,385,385,Excellent
2026-08-18,publisher,Comune di Minervino di Lecce,,Comune di Minervino di Lecce,5,385.0,385,385,385,Excellent
2026-08-18,publisher,Puglia Sviluppo SpA,,Puglia Sviluppo SpA,5,385.0,385,385,385,Excellent
2026-08-18,publisher,Adisu,,Adisu,2,385.0,385,385,385,Excellent
2026-08-18,publisher,Comune di Andrano,,Comune di Andrano,3,385.0,385,385,385,Excellent
2026-08-18,publisher,Comune di Manduria,,Comune di Manduria,5,385.0,385,385,385,Excellent
2026-08-18,publisher,Dipartimento Sviluppo Economico,,Dipartimento Sviluppo Economico,1,385.0,385,385,385,Excellent
2026-08-18,publisher,Segreteria generale della Presidenza - Struttura Speciale Audit FSE+,,Segreteria generale della Presidenza - Struttura Speciale Audit FSE+,1,385.0,385,385,385,Excellent
2026-08-18,publisher,Dipartimento Personale e Organizzazione - Sezione Personale,,Dipartimento Personale e Organizzazione - Sezione Personale,1,385.0,385,385,385,Excellent
2026-08-18,publisher,Sezione Politiche Giovanili,,Sezione Politiche Giovanili,3,385.0,385,385,385,Excellent
2026-08-18,publisher,Comune di Giuggianello,,Comune di Giuggianello,4,385.0,385,385,385,Excellent
2026-08-18,publisher,Comune di Santa Cesarea Terme,,Comune di Santa Cesarea Terme,4,385.0,385,385,385,Excellent
2026-08-18,publisher,Struttura Speciale Monitoraggio dell'Attuazione Regionale del PNRR,,Struttura Speciale Monitoraggio dell'Attuazione Regionale del PNRR,2,385.0,385,385,385,Excellent
2026-08-18,publisher,comune di martina franca,,comune di martina franca,3,385.0,385,385,385,Excellent
2026-08-18,publisher,"Dipartimento Turismo, Economia della Cultura e Valorizzazione del Territorio - Struttura Progetto Cooperazione Territoriale Europea E Poli Biblio-Museali",,"Dipartimento Turismo, Economia della Cultura e Valorizzazione del Territorio - Struttura Progetto Cooperazione Territoriale Europea E Poli Biblio-Museali",1,385.0,385,385,385,Excellent
2026-08-18,publisher,Area Valutazione e Ricerca – Servizio Valutazione e Governo dell'Innovazione,,Area Valutazione e Ricerca – Servizio Valutazione e Governo dell'Innovazione,1,385.0,385,385,385,Excellent
2026-08-18,publisher,Affari Generali,,Affari Generali,2,385.0,385,385,385,Excellent
2026-08-18,publisher,ADISU Puglia,,ADISU Puglia,10,385.0,385,385,385,Excellent
2026-08-18,publisher,Sistemi Informativi e Transizione Digitale,,Sistemi Informativi e Transizione Digitale,5,385.0,385,385,385,Excellent
2026-08-18,publisher,InnovaPuglia Spa - Servizio Territorio e Ambiente info@sit.puglia.it,,InnovaPuglia Spa - Servizio Territorio e Ambiente info@sit.puglia.it,6,385.0,385,385,385,Excellent
2026-08-18,publisher,Comune di Candela,,Comune di Candela,4,385.0,385,385,385,Excellent
2026-08-18,publisher,Comune di Cursi,,Comune di Cursi,4,385.0,385,385,385,Excellent
2026-08-18,publisher,InnovaPuglia spa infolivinglabs@innova.puglia.it,,InnovaPuglia spa infolivinglabs@innova.puglia.it,2,385.0,385,385,385,Excellent
2026-08-18,publisher,Arpa Puglia - Direzione Scientifica - Centro Regionale Mare,,Arpa Puglia - Direzione Scientifica - Centro Regionale Mare,9,385.0,385,385,385,Excellent
2026-08-18,publisher,Ufficio Ambiente,,Ufficio Ambiente,4,385.0,385,385,385,Excellent
2026-08-18,publisher,Comune di Galatone,,Comune di Galatone,5,385.0,385,385,385,Excellent
2026-08-18,publisher,Affari generali,,Affari generali,1,385.0,385,385,385,Excellent
2026-08-18,publisher,Urbanistica,,Urbanistica,1,385.0,385,385,385,Excellent
2026-08-18,publisher,Agenzia regionale strategica per lo Sviluppo Ecososteniile del Territorio,,Agenzia regionale strategica per lo Sviluppo Ecososteniile del Territorio,9,385.0,385,385,385,Excellent
2026-08-18,publisher,ARTI Puglia,,ARTI Puglia,12,385.0,385,385,385,Excellent
2026-08-18,publisher,Comune di Carpignano Salentino,,Comune di Carpignano Salentino,4,385.0,385,385,385,Excellent
2026-08-18,publisher,Sezione Personale e Organizzazione servizio.personale@regione.puglia.it,,Sezione Personale e Organizzazione servizio.personale@regione.puglia.it,1,385.0,385,385,385,Excellent
2026-08-18,publisher,Servizio Ricerca Industriale e Innovazione,,Servizio Ricerca Industriale e Innovazione,1,385.0,385,385,385,Excellent
2026-08-18,publisher,Sezione Ricerca industriale e Innovazione,,Sezione Ricerca industriale e Innovazione,2,385.0,385,385,385,Excellent
2026-08-18,publisher,Sezione Promozione della salute e del benessere,,Sezione Promozione della salute e del benessere,1,385.0,385,385,385,Excellent
2026-08-18,publisher,Sezione Programmazione Acquisti servizio.affarigenerali@regione.puglia.it,,Sezione Programmazione Acquisti servizio.affarigenerali@regione.puglia.it,1,385.0,385,385,385,Excellent
2026-08-18,publisher,Sezione politiche di benessere sociale e pari opportunità,,Sezione politiche di benessere sociale e pari opportunità,3,385.0,385,385,385,Excellent
2026-08-18,publisher,Sezione Personale e Organizzazione,,Sezione Personale e Organizzazione,3,385.0,385,385,385,Excellent
2026-08-18,publisher,Servizio Protezione Civile servizio.protezionecivile@regione.puglia.it,,Servizio Protezione Civile servizio.protezionecivile@regione.puglia.it,1,385.0,385,385,385,Excellent
2026-08-18,publisher,Comune di San Pietro in Lama,,Comune di San Pietro in Lama,3,385.0,385,385,385,Excellent
2026-08-18,publisher,Segretariato generale della Giunta regionale segretariatogenerale.giunta@regione.puglia.it,,Segretariato generale della Giunta regionale segretariatogenerale.giunta@regione.puglia.it,2,385.0,385,385,385,Excellent
2026-08-18,publisher,Sezione Ricerca Industriale e Innovazione servizio.ricercainnovazione@regione.puglia.it,,Sezione Ricerca Industriale e Innovazione servizio.ricercainnovazione@regione.puglia.it,8,385.0,385,385,385,Excellent
2026-08-18,publisher,Sezione Opere Pubbliche e Infrastrutture,,Sezione Opere Pubbliche e Infrastrutture,4,385.0,385,385,385,Excellent
2026-08-18,publisher,Sezione Controlli,,Sezione Controlli,1,385.0,385,385,385,Excellent
2026-08-18,publisher,Comune di Oria,,Comune di Oria,1,385.0,385,385,385,Excellent
2026-08-18,publisher,ced,,ced,2,385.0,385,385,385,Excellent
2026-08-18,publisher,Servizio Programmazione Acquisti,,Servizio Programmazione Acquisti,1,385.0,385,385,385,Excellent
2026-08-18,publisher,Comune di Neviano,,Comune di Neviano,3,385.0,385,385,385,Excellent
2026-08-18,publisher,ufficio tecnico,,ufficio tecnico,7,385.0,385,385,385,Excellent
2026-08-18,publisher,Aress Puglia,,Aress Puglia,4,385.0,385,385,385,Excellent
2026-08-18,publisher,Sezione Demanio e Patrimonio serviziodemaniopatrimonio.bari@pec.rupar.puglia.it,,Sezione Demanio e Patrimonio serviziodemaniopatrimonio.bari@pec.rupar.puglia.it,3,385.0,385,385,385,Excellent
2026-08-18,publisher,ARET - Ufficio Osservatorio,,ARET - Ufficio Osservatorio,4,385.0,385,385,385,Excellent
2026-08-18,publisher,Dipartimento Ambiente Paesaggio e Qualità Urbana,,Dipartimento Ambiente Paesaggio e Qualità Urbana,1,385.0,385,385,385,Excellent
2026-08-18,publisher,Sezione Mobilità Sostenibile e Vigilanza del Trasporto Pubblico Locale,,Sezione Mobilità Sostenibile e Vigilanza del Trasporto Pubblico Locale,2,385.0,385,385,385,Excellent
2026-08-18,publisher,ASL Brindisi,,ASL Brindisi,1,385.0,385,385,385,Excellent
2026-08-18,publisher,Ufficio Sistemi Informativi e Flussi Informativi,,Ufficio Sistemi Informativi e Flussi Informativi,1,385.0,385,385,385,Excellent
2026-08-18,publisher,Sezione Bilancio della Sanità e dello Sport,,Sezione Bilancio della Sanità e dello Sport,1,385.0,385,385,385,Excellent
2026-08-18,publisher,Città di Putignano,,Città di Putignano,3,385.0,385,385,385,Excellent
2026-08-18,publisher,"Sezione Sicurezza del Cittadino, politiche per le migrazioni ed Antimafia sociale",,"Sezione Sicurezza del Cittadino, politiche per le migrazioni ed Antimafia sociale",1,385.0,385,385,385,Excellent
2026-08-18,publisher,"Dipartimento Welfare, sezione Benessere Sociale, Innovazione e Sussidiarietà",,"Dipartimento Welfare, sezione Benessere Sociale, Innovazione e Sussidiarietà",1,385.0,385,385,385,Excellent
2026-08-18,publisher,Sezione Competitività,,Sezione Competitività,2,385.0,385,385,385,Excellent
2026-08-18,publisher,Sezione Tutela e Valorizzazione dei Patrimoni Culturali,,Sezione Tutela e Valorizzazione dei Patrimoni Culturali,1,385.0,385,385,385,Excellent
2026-08-18,publisher,Struttura Speciale Cooperazione Euro-Mediterranea,,Struttura Speciale Cooperazione Euro-Mediterranea,1,385.0,385,385,385,Excellent
2026-08-18,publisher,Sezione Personale e Sezione Statistica,,Sezione Personale e Sezione Statistica,1,385.0,385,385,385,Excellent
2026-08-18,publisher,SEZIONE POLITICHE E MERCATO DEL LAVORO,,SEZIONE POLITICHE E MERCATO DEL LAVORO,1,385.0,385,385,385,Excellent
2026-08-18,publisher,Marica Girardi - laboratoriurbani@regione.puglia.it,,Marica Girardi - laboratoriurbani@regione.puglia.it,1,385.0,385,385,385,Excellent
2026-08-18,publisher,M. Capozzi,,M. Capozzi,1,385.0,385,385,385,Excellent
2026-08-18,publisher,Sezione Provveditorato Economato,,Sezione Provveditorato Economato,2,385.0,385,385,385,Excellent
2026-08-18,publisher,Comune di Zollino,,Comune di Zollino,3,385.0,385,385,385,Excellent
2026-08-18,publisher,"Sezione Turismo e Internazionalizzazione - Servizio Sviluppo, Infrastrutture, Imprese, Professioni",,"Sezione Turismo e Internazionalizzazione - Servizio Sviluppo, Infrastrutture, Imprese, Professioni",1,385.0,385,385,385,Excellent
2026-08-18,publisher,Sezione Programmazione e coordinamento,,Sezione Programmazione e coordinamento,2,385.0,385,385,385,Excellent
2026-08-18,publisher,Sezione Finanze,,Sezione Finanze,1,385.0,385,385,385,Excellent
2026-08-18,publisher,Ufficio Transizione Digitale,,Ufficio Transizione Digitale,13,385.0,385,385,385,Excellent
2026-08-18,publisher,Sezione Personale e Organizzazione - servizio.personale@regione.puglia.it,,Sezione Personale e Organizzazione - servizio.personale@regione.puglia.it,1,385.0,385,385,385,Excellent
2026-08-18,publisher,Sezione politiche di benessere sociale e pari opportunità Sezione programmazione Sociale ed integrazione socio-sanitaria,,Sezione politiche di benessere sociale e pari opportunità Sezione programmazione Sociale ed integrazione socio-sanitaria,1,385.0,385,385,385,Excellent
2026-08-18,publisher,Sezione politiche di benessere sociale e pari opportunità - Sezione programmazione Sociale ed integrazione socio-sanitaria - InnovaPuglia S.p.a.,,Sezione politiche di benessere sociale e pari opportunità - Sezione programmazione Sociale ed integrazione socio-sanitaria - InnovaPuglia S.p.a.,1,385.0,385,385,385,Excellent
2026-08-18,publisher,Sezione APG,,Sezione APG,1,385.0,385,385,385,Excellent
2026-08-18,publisher,Sezione Trattamento Economico,,Sezione Trattamento Economico,2,385.0,385,385,385,Excellent
2026-08-18,publisher,Comune di Miggiano,,Comune di Miggiano,3,385.0,385,385,385,Excellent
2026-08-18,publisher,"SEZIONE INNOVAZIONE, DATI E SERVIZI DIGITALI",,"SEZIONE INNOVAZIONE, DATI E SERVIZI DIGITALI",1,385.0,385,385,385,Excellent
2026-08-18,publisher,Ufficio tecnico,,Ufficio tecnico,2,385.0,385,385,385,Excellent
2026-08-18,publisher,ex Sezione Promozione della Salute e del Benessere - attuale Sezione Sanità Veterinaria e Sicurezza Alimentare,,ex Sezione Promozione della Salute e del Benessere - attuale Sezione Sanità Veterinaria e Sicurezza Alimentare,1,385.0,385,385,385,Excellent
2026-08-18,publisher,Agenzia Regionale Strategica per la Salute ed il Sociale,,Agenzia Regionale Strategica per la Salute ed il Sociale,4,385.0,385,385,385,Excellent
2026-08-18,publisher,Sezione Tutela e valorizzazione del paesaggio,,Sezione Tutela e valorizzazione del paesaggio,1,385.0,385,385,385,Excellent
2026-08-18,publisher,"Dipartimento Turismo, Economia della Cultura e Valorizzazione del Territorio - Sezione Economia della Cultura",,"Dipartimento Turismo, Economia della Cultura e Valorizzazione del Territorio - Sezione Economia della Cultura",1,385.0,385,385,385,Excellent
2026-08-18,publisher,Sezione Politiche Abitative,,Sezione Politiche Abitative,2,385.0,385,385,385,Excellent
2026-08-18,publisher,Programmazione Unitaria,,Programmazione Unitaria,1,385.0,385,385,385,Excellent
2026-08-18,publisher,Sezione Coordinamento dei Servizi Territoriali,,Sezione Coordinamento dei Servizi Territoriali,1,385.0,385,385,385,Excellent
2026-08-18,publisher,Comune di Palo del Colle – Ufficio Anagrafe,,Comune di Palo del Colle – Ufficio Anagrafe,1,385.0,385,385,385,Excellent
2026-08-18,publisher,Servizio Appalti,,Servizio Appalti,2,385.0,385,385,385,Excellent
2026-08-18,publisher,Servizio Finanziario – Comune di Palo del Colle,,Servizio Finanziario – Comune di Palo del Colle,1,385.0,385,385,385,Excellent
2026-08-18,publisher,Sezione Ricerca e Relazioni Internazionali,,Sezione Ricerca e Relazioni Internazionali,2,385.0,385,385,385,Excellent
2026-08-18,publisher,Sezione Gestione Sostenibile e tutela delle Risorse Forestali e Naturali - Servizio risorse forestali,,Sezione Gestione Sostenibile e tutela delle Risorse Forestali e Naturali - Servizio risorse forestali,2,385.0,385,385,385,Excellent
2026-08-18,publisher,Sezione Ciclo Rifiuti e Bonifiche,,Sezione Ciclo Rifiuti e Bonifiche,2,385.0,385,385,385,Excellent
2026-08-18,publisher,Sezione Trasformazione Digitale,,Sezione Trasformazione Digitale,2,385.0,385,385,385,Excellent
2026-08-18,publisher,Area Direzione Amministrativa - Servizio Risorse Umane,,Area Direzione Amministrativa - Servizio Risorse Umane,1,385.0,385,385,385,Excellent
2026-08-18,publisher,SEZIONE INCLUSIONE SOCIALE ATTIVA,,SEZIONE INCLUSIONE SOCIALE ATTIVA,5,385.0,385,385,385,Excellent
2026-08-18,publisher,Servizi Sociali Pubblica Istruzione,,Servizi Sociali Pubblica Istruzione,5,385.0,385,385,385,Excellent
2026-08-18,publisher,Redazione,,Redazione,1,385.0,385,385,385,Excellent
2026-08-18,publisher,SEZIONE INCLUSIONE SOCIALE ATTIVA e SEZIONE ISTRUZIONE E UNIVERSITA',,SEZIONE INCLUSIONE SOCIALE ATTIVA e SEZIONE ISTRUZIONE E UNIVERSITA',1,385.0,385,385,385,Excellent
2026-08-18,publisher,Ufficio Urbanistica,,Ufficio Urbanistica,1,385.0,385,385,385,Excellent
2026-08-18,publisher,"SEZIONE BENESSERE SOCIALE, INNOVAIONE E SUSSIDIARIETA'",,"SEZIONE BENESSERE SOCIALE, INNOVAIONE E SUSSIDIARIETA'",1,385.0,385,385,385,Excellent
2026-08-18,publisher,Servizio Risorse Finanziarie,,Servizio Risorse Finanziarie,1,385.0,385,385,385,Excellent
2026-08-18,publisher,Sezione Coordinamento dei servizi territoriali,,Sezione Coordinamento dei servizi territoriali,1,385.0,385,385,385,Excellent
2026-08-18,publisher,"Dipartimento Sviluppo Economico - Sezione Crescita Digitale delle persone, del territorio e delle imprese",,"Dipartimento Sviluppo Economico - Sezione Crescita Digitale delle persone, del territorio e delle imprese",1,385.0,385,385,385,Excellent
2026-08-18,publisher,Sezione Trasporto Pubblico Locale e Intermodalità,,Sezione Trasporto Pubblico Locale e Intermodalità,2,385.0,385,385,385,Excellent
2026-08-18,publisher,Ufficio Statistica e Studi,,Ufficio Statistica e Studi,5,385.0,385,385,385,Excellent
2026-08-18,publisher,Sezione Bilancio e ragioneria,,Sezione Bilancio e ragioneria,1,385.0,385,385,385,Excellent
2026-08-18,publisher,Sezione Transizione Energetica,,Sezione Transizione Energetica,2,385.0,385,385,385,Excellent
2026-08-18,publisher,Comune di Specchia,,Comune di Specchia,6,385.0,385,385,385,Excellent
2026-08-18,publisher,ASL Taranto,,ASL Taranto,3,385.0,385,385,385,Excellent
2026-08-18,publisher,Sezione Supporto Legsislativo,,Sezione Supporto Legsislativo,1,385.0,385,385,385,Excellent
2026-08-18,publisher,Fondazione IPRES,,Fondazione IPRES,51,385.0,385,385,385,Excellent
2026-08-18,publisher,Interreg Management Structure,,Interreg Management Structure,1,385.0,385,385,385,Excellent
2026-08-18,publisher,"Dipartimento Agricoltura, sviluppo rurale e Ambientale - Sezione Attuazione dei Programmi Comunitari per l'agricoltura",,"Dipartimento Agricoltura, sviluppo rurale e Ambientale - Sezione Attuazione dei Programmi Comunitari per l'agricoltura",1,385.0,385,385,385,Excellent
2026-08-18,publisher,Sezione Attuzione dei programmi comunitari per l'agricolturai,,Sezione Attuzione dei programmi comunitari per l'agricolturai,1,385.0,385,385,385,Excellent
2026-08-18,publisher,Arpa Puglia - Direzione Scientifica - Centro Regionale Aria,,Arpa Puglia - Direzione Scientifica - Centro Regionale Aria,4,385.0,385,385,385,Excellent
2026-08-18,publisher,Comune di Melpignano,,Comune di Melpignano,8,385.0,385,385,385,Excellent
2026-08-18,publisher,Sezione Difesa del suolo e rischio sismico,,Sezione Difesa del suolo e rischio sismico,2,385.0,385,385,385,Excellent
2026-08-18,publisher,Dott.ssa Rocca Anna Ettorre,,Dott.ssa Rocca Anna Ettorre,1,385.0,385,385,385,Excellent
2026-08-18,publisher,comune lecce,,comune lecce,4,385.0,385,385,385,Excellent
2026-08-18,publisher,"Sezione Promozione del Commercio, Artigianato e Internazionalizzazione delle imprese",,"Sezione Promozione del Commercio, Artigianato e Internazionalizzazione delle imprese",1,385.0,385,385,385,Excellent
2026-08-18,publisher,redazione OD,,redazione OD,2,385.0,385,385,385,Excellent
2026-08-18,publisher,Protezione Civile,,Protezione Civile,1,385.0,385,385,385,Excellent
2026-08-18,publisher,Area Analisi e Ricerche,,Area Analisi e Ricerche,5,385.0,385,385,385,Excellent
2026-08-18,publisher,Sezione Bilancio e Ragioneria,,Sezione Bilancio e Ragioneria,1,385.0,385,385,385,Excellent
2026-08-18,publisher,ARPA Puglia,,ARPA Puglia,2,385.0,385,385,385,Excellent
2026-08-18,publisher,AREA ANALISI E RICERCHE,,AREA ANALISI E RICERCHE,1,385.0,385,385,385,Excellent
2026-08-18,publisher,Segreteria Generale della Presidenza,,Segreteria Generale della Presidenza,1,385.0,385,385,385,Excellent
2026-08-18,publisher,Ufficio LL.PP.,,Ufficio LL.PP.,1,385.0,385,385,385,Excellent
2026-08-18,publisher,Puglia Sviluppo,,Puglia Sviluppo,2,385.0,385,385,385,Excellent
2026-08-18,publisher,Sezione Organizzazione e Formazione del Personale,,Sezione Organizzazione e Formazione del Personale,2,385.0,385,385,385,Excellent
2026-08-18,publisher,Sezione Infrastrutture per la Mobilità,,Sezione Infrastrutture per la Mobilità,2,385.0,385,385,385,Excellent
2026-08-18,publisher,Servizio Parchi e Tutela della Biodiversità,,Servizio Parchi e Tutela della Biodiversità,1,385.0,385,385,385,Excellent
2026-08-18,publisher,Sezione Istruzione e Università - Servizio Sistema dell'Istruzione e del Diritto allo Studio,,Sezione Istruzione e Università - Servizio Sistema dell'Istruzione e del Diritto allo Studio,1,385.0,385,385,385,Excellent
2026-08-18,publisher,PROTEZIONE CIVILE,,PROTEZIONE CIVILE,1,385.0,385,385,385,Excellent
2026-08-18,publisher,DIREZIONE AMMINISTRATIVA DEL GABINETTO - RTD,,DIREZIONE AMMINISTRATIVA DEL GABINETTO - RTD,1,385.0,385,385,385,Excellent
2026-08-18,publisher,"Dipartimento Welfare, Sezione Inclusione Sociale Attiva",,"Dipartimento Welfare, Sezione Inclusione Sociale Attiva",1,385.0,385,385,385,Excellent
2026-08-18,publisher,Dipartimento sviluppo territoriale,,Dipartimento sviluppo territoriale,1,385.0,385,385,385,Excellent
2026-08-18,publisher,Sezione Strategie e Governo dell'Offerta,,Sezione Strategie e Governo dell'Offerta,1,385.0,385,385,385,Excellent
2026-08-18,publisher,InnovaPuglia,,InnovaPuglia,2,385.0,385,385,385,Excellent
2026-08-18,publisher,Sezione Promozione della salute e del benessere (servizio.sportpertutti@regione.puglia.it),,Sezione Promozione della salute e del benessere (servizio.sportpertutti@regione.puglia.it),3,385.0,385,385,385,Excellent
2026-08-18,publisher,Sezione Urbanistica - Servizio Osservatorio Abusivismo e Usi Civici,,Sezione Urbanistica - Servizio Osservatorio Abusivismo e Usi Civici,1,385.0,385,385,385,Excellent
2026-08-18,publisher,Sezione Ricerca Industriale e Innovazione,,Sezione Ricerca Industriale e Innovazione,2,385.0,385,385,385,Excellent
2026-08-18,publisher,Team O.D.,,Team O.D.,2,385.0,385,385,385,Excellent
2026-08-18,publisher,Servizio politiche di benessere sociale e pari opportunità - Servizio programmazione Sociale ed integrazione socio-sanitaria,,Servizio politiche di benessere sociale e pari opportunità - Servizio programmazione Sociale ed integrazione socio-sanitaria,1,385.0,385,385,385,Excellent
2026-08-18,publisher,Sezione Bilancio e Ragioneria servizio.bilancio.ragioneria@pec.rupar.puglia.it,,Sezione Bilancio e Ragioneria servizio.bilancio.ragioneria@pec.rupar.puglia.it,1,385.0,385,385,385,Excellent
2026-08-18,publisher,"Sezione Personale e Organizzazione - P.O. Statistica,  servizio.personale@regione.puglia.it",,"Sezione Personale e Organizzazione - P.O. Statistica,  servizio.personale@regione.puglia.it",1,385.0,385,385,385,Excellent
2026-08-18,publisher,SEZIONE CONTROLLI REGOLARITA AMMINISTRATIVA,,SEZIONE CONTROLLI REGOLARITA AMMINISTRATIVA,1,385.0,385,385,385,Excellent
2026-08-18,publisher,Sezione Affari e Studi Giuridici e Legislativi,,Sezione Affari e Studi Giuridici e Legislativi,1,385.0,385,385,385,Excellent
2026-08-18,publisher,"Dipartimento Turismo, Economia della Cultura e Valorizzazione del Territorio - Sezione Tutela e valorizzazione dei patrimoni culturali",,"Dipartimento Turismo, Economia della Cultura e Valorizzazione del Territorio - Sezione Tutela e valorizzazione dei patrimoni culturali",1,385.0,385,385,385,Excellent
2026-08-18,publisher,"Sezione Farmaci, Dispositivi Medici e Assistenza Integrativa",,"Sezione Farmaci, Dispositivi Medici e Assistenza Integrativa",1,385.0,385,385,385,Excellent
2026-08-18,publisher,"Struttura di Progetto Attuazione della Politica Europea per gli Affari Marittimi, la Pesca e l'Acquacoltura",,"Struttura di Progetto Attuazione della Politica Europea per gli Affari Marittimi, la Pesca e l'Acquacoltura",2,385.0,385,385,385,Excellent
2026-08-18,publisher,Sezione Statistica,,Sezione Statistica,1,385.0,385,385,385,Excellent
2026-08-18,publisher,Autorità di Gestione del POR 2014-2020,,Autorità di Gestione del POR 2014-2020,1,385.0,385,385,385,Excellent
2026-08-18,publisher,RegionePuglia,,RegionePuglia,1,385.0,385,385,385,Excellent
2026-08-18,publisher,Sezione Raccordo al Sistema Regionale - Servizio Contratti e Programmazione Acquisti,,Sezione Raccordo al Sistema Regionale - Servizio Contratti e Programmazione Acquisti,1,385.0,385,385,385,Excellent
2026-08-18,publisher,Sezione Risorse Idriche - Servizio Sistema Idrico Integrato e Tutela delle Acque,,Sezione Risorse Idriche - Servizio Sistema Idrico Integrato e Tutela delle Acque,1,385.0,385,385,385,Excellent
2026-08-18,publisher,Comune di Nociglia,,Comune di Nociglia,3,385.0,385,385,385,Excellent
2026-08-18,publisher,SEZIONE FORMAZIONE,,SEZIONE FORMAZIONE,1,385.0,385,385,385,Excellent
2026-08-18,publisher,Sezione Politiche per lo sviluppo delle aree produttive e industriali,,Sezione Politiche per lo sviluppo delle aree produttive e industriali,1,385.0,385,385,385,Excellent
2026-08-18,publisher,PROGRAMMAZIONE UNITARIA,,PROGRAMMAZIONE UNITARIA,1,385.0,385,385,385,Excellent
2026-08-18,publisher,Sezione Demanio e Patrimonio,,Sezione Demanio e Patrimonio,1,385.0,385,385,385,Excellent
2026-08-18,publisher,Puglia Sviluppo spa,,Puglia Sviluppo spa,1,385.0,385,385,385,Excellent
2026-08-18,publisher,Centro Regionale HTA - Area Valutazione e Ricerca,,Centro Regionale HTA - Area Valutazione e Ricerca,2,385.0,385,385,385,Excellent
2026-08-18,publisher,Area E-Health,,Area E-Health,1,385.0,385,385,385,Excellent
2026-08-18,publisher,Area Direzione Amministrativa - Servizio PMO e Internazionalizzazione,,Area Direzione Amministrativa - Servizio PMO e Internazionalizzazione,1,385.0,385,385,385,Excellent
2026-08-18,publisher,Arti Puglia,,Arti Puglia,1,385.0,385,385,385,Excellent
2026-08-18,publisher,Struttura Speciale Comunicazione Istituzionale,,Struttura Speciale Comunicazione Istituzionale,2,385.0,385,385,385,Excellent
2026-08-18,publisher,Area Direzione Amministrativa - Servizio Formazione e Innovazione dei Saperi,,Area Direzione Amministrativa - Servizio Formazione e Innovazione dei Saperi,1,385.0,385,385,385,Excellent
2026-08-18,publisher,Labalestra Mary Jo,,Labalestra Mary Jo,1,385.0,385,385,385,Excellent
2026-08-18,publisher,"Dipartimento Turismo, Economia della Cultura e Valorizzazione del Territorio - Struttura di progetto Cooperazione territoriale europea e Poli BiblioMuseali",,"Dipartimento Turismo, Economia della Cultura e Valorizzazione del Territorio - Struttura di progetto Cooperazione territoriale europea e Poli BiblioMuseali",1,385.0,385,385,385,Excellent
2026-08-18,publisher,ufficio lavori pubblii,,ufficio lavori pubblii,1,385.0,385,385,385,Excellent
2026-08-18,publisher,Sezione Promozione della Salute e del Benessere - Servizio Sicurezza Alimentare e Sanità Veterinaria,,Sezione Promozione della Salute e del Benessere - Servizio Sicurezza Alimentare e Sanità Veterinaria,1,385.0,385,385,385,Excellent
2026-08-18,publisher,Sezione Contenzioso Amministrativo,,Sezione Contenzioso Amministrativo,1,385.0,385,385,385,Excellent
2026-08-18,publisher,Servizio Struttura di Staff Amministrazione e Affari generali,,Servizio Struttura di Staff Amministrazione e Affari generali,1,385.0,385,385,385,Excellent
2026-08-18,publisher,"Sezione Cloud, Cybersecurity e Infrastrutture tecnologiche",,"Sezione Cloud, Cybersecurity e Infrastrutture tecnologiche",1,385.0,385,385,385,Excellent
2026-08-18,publisher,Segreteria generale della Presidenza - Struttura Speciale Autorità di Audit,,Segreteria generale della Presidenza - Struttura Speciale Autorità di Audit,1,385.0,385,385,385,Excellent
2026-08-18,publisher,Sezione Autorizzazioni Ambientali,,Sezione Autorizzazioni Ambientali,1,385.0,385,385,385,Excellent
2026-08-18,publisher,Sezione datore di lavoro,,Sezione datore di lavoro,1,385.0,385,385,385,Excellent
2026-08-18,publisher,Luisa Maraschiello,,Luisa Maraschiello,1,385.0,385,385,385,Excellent
2026-08-18,publisher,Sezione Affari istituzionali e giuridici,,Sezione Affari istituzionali e giuridici,1,385.0,385,385,385,Excellent
2026-08-18,publisher,Sezione Personale,,Sezione Personale,1,385.0,385,385,385,Excellent
2026-08-18,publisher,"Dipartimento Turismo, Economia della Cultura e Valorizzazione del Territorio - Sezione Turismo e Internazionalizzazione",,"Dipartimento Turismo, Economia della Cultura e Valorizzazione del Territorio - Sezione Turismo e Internazionalizzazione",1,385.0,385,385,385,Excellent
2026-08-18,publisher,Ufficio lavori pubblici – Comune di Palo del Colle,,Ufficio lavori pubblici – Comune di Palo del Colle,1,385.0,385,385,385,Excellent
2026-08-18,publisher,Comune di Palo del Colle – Ufficio Anagrafe / Demografici,,Comune di Palo del Colle – Ufficio Anagrafe / Demografici,1,385.0,385,385,385,Excellent
2026-08-18,publisher,Sezione Economia della Cultura,,Sezione Economia della Cultura,1,385.0,385,385,385,Excellent
2026-08-18,publisher,"Sezione Promozione del Commercio, Artigianato e Internazionalizzazione delle Imprese",,"Sezione Promozione del Commercio, Artigianato e Internazionalizzazione delle Imprese",1,385.0,385,385,385,Excellent
2026-08-18,publisher,Sezione Regionale di Vigilanza,,Sezione Regionale di Vigilanza,1,385.0,385,385,385,Excellent
2026-08-18,publisher,Regione Puglia,,Regione Puglia,61,384.51,385,355,385,Excellent
2026-08-18,publisher,Comune di Massafra,,Comune di Massafra,38,384.21,385,355,385,Excellent
2026-08-18,publisher,ARET Ufficio Innovazione,,ARET Ufficio Innovazione,14,383.57,385,365,385,Excellent
2026-08-18,publisher,Comune di Bitonto,,Comune di Bitonto,55,383.55,385,305,385,Excellent
2026-08-18,publisher,Ufficio statistica,,Ufficio statistica,90,383.22,385,305,385,Excellent
2026-08-18,publisher,Ufficio Statistica e Studi Camera di Commercio di Lecce,,Ufficio Statistica e Studi Camera di Commercio di Lecce,96,382.29,385,305,385,Excellent
2026-08-18,publisher,Città di Trani,,Città di Trani,5,379.0,385,355,385,Excellent
2026-08-18,publisher,Sezione Competitività delle Filiere Agroalimentari,,Sezione Competitività delle Filiere Agroalimentari,3,378.33,385,365,385,Excellent
2026-08-18,publisher,Area Innovazione di Sistema e Qualità,,Area Innovazione di Sistema e Qualità,5,377.0,385,365,385,Excellent
2026-08-18,publisher,Autorità idrica Pugliese (AIP),,Autorità idrica Pugliese (AIP),13,375.77,385,365,385,Excellent
2026-08-18,publisher,re,,re,8,375.0,385,305,385,Excellent
2026-08-18,publisher,Comune di Binetto,,Comune di Binetto,3,375.0,385,355,385,Excellent
2026-08-18,publisher,Sezione Osservatorio fitosanitario,,Sezione Osservatorio fitosanitario,2,370.0,385,355,385,Excellent
2026-08-18,publisher,ARPAP,,ARPAP,2,370.0,385,355,385,Excellent
2026-08-18,publisher,"Dipartimento Turismo, Economia della Cultura e Valorizzazione del Territorio - Sezione Sviluppo Innovazione Reti",,"Dipartimento Turismo, Economia della Cultura e Valorizzazione del Territorio - Sezione Sviluppo Innovazione Reti",2,370.0,385,355,385,Excellent
2026-08-18,publisher,Polizia Municipale,,Polizia Municipale,5,363.0,385,275,385,Excellent
2026-08-18,publisher,Area di Epidemiologia e Care Intelligence,,Area di Epidemiologia e Care Intelligence,15,358.33,385,305,385,Excellent
2026-08-18,publisher,Servizio Transizione Digitale e Privacy,,Servizio Transizione Digitale e Privacy,11,357.73,365,305,385,Excellent
2026-08-18,publisher,Comune di San Marco in Lamis,,Comune di San Marco in Lamis,8,357.5,385,305,385,Excellent
2026-08-18,publisher,Interreg Managment Structure,,Interreg Managment Structure,1,355.0,355,355,355,Excellent
2026-08-18,publisher,Area Valutazione e Ricerca,,Area Valutazione e Ricerca,9,351.67,365,305,365,Excellent
2026-08-18,publisher,comune di lecce,,comune di lecce,22,350.91,385,305,385,Good
2026-08-18,publisher,Redazione O.D.,,Redazione O.D.,104,350.87,385,285,385,Good
2026-08-18,publisher,Redazione OD,,Redazione OD,382,349.35,385,275,385,Good
2026-08-18,publisher,Comune di Lecce,,Comune di Lecce,38,349.21,385,305,385,Good
2026-08-18,publisher,Comune di Martina Franca,,Comune di Martina Franca,29,345.69,365,305,385,Good
2026-08-18,publisher,Sonia Cappello,,Sonia Cappello,2,345.0,385,305,385,Good
2026-08-18,publisher,Ufficio transizione digitale,,Ufficio transizione digitale,2,345.0,385,305,385,Good
2026-08-18,publisher,Camera di Commercio di Lecce,,Camera di Commercio di Lecce,180,341.28,305,305,405,Good
2026-08-18,publisher,Comune Lecce,,Comune Lecce,8,335.0,305,305,385,Good
2026-08-18,publisher,REDAZIONE OD,,REDAZIONE OD,2,335.0,365,305,365,Good
2026-08-18,publisher,Area di Direzione Amministrativa,,Area di Direzione Amministrativa,6,331.67,305,305,385,Good
2026-08-18,publisher,Comune di Crispiano,,Comune di Crispiano,14,330.71,305,305,385,Good
2026-08-18,publisher,Arpa Puglia - Direzione Scientifica - Servizio Agenti Fisici,,Arpa Puglia - Direzione Scientifica - Servizio Agenti Fisici,4,327.5,315,305,385,Good
2026-08-18,publisher,Camera di Commercio,,Camera di Commercio,18,325.0,305,305,405,Good
2026-08-18,publisher,Ufficio Infortunistica,,Ufficio Infortunistica,5,321.0,305,305,385,Good
2026-08-18,publisher,Comune di Muro Leccese,,Comune di Muro Leccese,5,321.0,305,305,385,Good
2026-08-18,publisher,Ufficio Statistica,,Ufficio Statistica,57,309.21,305,305,385,Good
2026-08-18,publisher,Ufficio  Coordinamento PNRR,,Ufficio  Coordinamento PNRR,1,305.0,305,305,305,Good
2026-08-18,publisher,Ragioneria Crispiano,,Ragioneria Crispiano,2,305.0,305,305,305,Good
2026-08-18,publisher,Servizi Sociali,,Servizi Sociali,4,305.0,305,305,305,Good
2026-08-18,publisher,DO,,DO,3,305.0,305,305,305,Good
2026-08-18,publisher,Comune di Sternatia,,Comune di Sternatia,3,305.0,305,305,305,Good
2026-08-18,publisher,redazione  O.P.,,redazione  O.P.,1,305.0,305,305,305,Good
2026-08-18,publisher,Ufficio Servizi Finanziari,,Ufficio Servizi Finanziari,2,305.0,305,305,305,Good
2026-08-18,publisher,Comune di Bari,,Comune di Bari,167,305.0,305,285,385,Good
2026-08-18,publisher,redazione O.D.,,redazione O.D.,1,305.0,305,305,305,Good
2026-08-18,publisher,Redazione O.D,,Redazione O.D,1,305.0,305,305,305,Good
2026-08-18,publisher,Polizia Locale Lecce,,Polizia Locale Lecce,1,305.0,305,305,305,Good
2026-08-18,publisher,Mauro Nicola de Pinto,,Mauro Nicola de Pinto,1,255.0,255,255,255,Good
2026-08-24,publisher,PO CED,,PO CED,2,405.0,405,405,405,Excellent
2026-08-24,publisher,Andrea De Salve,,Andrea De Salve,2,395.0,405,385,405,Excellent
2026-08-24,publisher,Ufficio Commercio,,Ufficio Commercio,10,391.0,385,385,405,Excellent
2026-08-24,publisher,ASL TA,,ASL TA,12,386.67,385,385,405,Excellent
2026-08-24,publisher,"Struttura di Progetto Attuazione della Politica Europea per gli Affari Marittimi, la Pesca e l'Acquacoltura",,"Struttura di Progetto Attuazione della Politica Europea per gli Affari Marittimi, la Pesca e l'Acquacoltura",2,385.0,385,385,385,Excellent
2026-08-24,publisher,Arpa Puglia - Direzione Scientifica - Centro Regionale Mare,,Arpa Puglia - Direzione Scientifica - Centro Regionale Mare,9,385.0,385,385,385,Excellent
2026-08-24,publisher,Segreteria generale della Presidenza - Struttura Speciale Autorità di Audit,,Segreteria generale della Presidenza - Struttura Speciale Autorità di Audit,1,385.0,385,385,385,Excellent
2026-08-24,publisher,Comune di Manduria,,Comune di Manduria,5,385.0,385,385,385,Excellent
2026-08-24,publisher,Sezione Politiche per lo sviluppo delle aree produttive e industriali,,Sezione Politiche per lo sviluppo delle aree produttive e industriali,1,385.0,385,385,385,Excellent
2026-08-24,publisher,DIREZIONE AMMINISTRATIVA DEL GABINETTO - RTD,,DIREZIONE AMMINISTRATIVA DEL GABINETTO - RTD,1,385.0,385,385,385,Excellent
2026-08-24,publisher,Servizio Parchi e Tutela della Biodiversità,,Servizio Parchi e Tutela della Biodiversità,1,385.0,385,385,385,Excellent
2026-08-24,publisher,ARPA Puglia,,ARPA Puglia,2,385.0,385,385,385,Excellent
2026-08-24,publisher,Comune di Specchia,,Comune di Specchia,6,385.0,385,385,385,Excellent
2026-08-24,publisher,Comune di Melpignano,,Comune di Melpignano,8,385.0,385,385,385,Excellent
2026-08-24,publisher,Adisu,,Adisu,2,385.0,385,385,385,Excellent
2026-08-24,publisher,Sezione Organizzazione e Formazione del Personale,,Sezione Organizzazione e Formazione del Personale,2,385.0,385,385,385,Excellent
2026-08-24,publisher,Sezione Demanio e Patrimonio,,Sezione Demanio e Patrimonio,1,385.0,385,385,385,Excellent
2026-08-24,publisher,Sezione Ricerca e Relazioni Internazionali,,Sezione Ricerca e Relazioni Internazionali,2,385.0,385,385,385,Excellent
2026-08-24,publisher,Agenzia regionale strategica per lo Sviluppo Ecososteniile del Territorio,,Agenzia regionale strategica per lo Sviluppo Ecososteniile del Territorio,9,385.0,385,385,385,Excellent
2026-08-24,publisher,Puglia Sviluppo spa,,Puglia Sviluppo spa,1,385.0,385,385,385,Excellent
2026-08-24,publisher,Luisa Maraschiello,,Luisa Maraschiello,1,385.0,385,385,385,Excellent
2026-08-24,publisher,Comune di Nociglia,,Comune di Nociglia,3,385.0,385,385,385,Excellent
2026-08-24,publisher,AREA ANALISI E RICERCHE,,AREA ANALISI E RICERCHE,1,385.0,385,385,385,Excellent
2026-08-24,publisher,ADISU Puglia,,ADISU Puglia,10,385.0,385,385,385,Excellent
2026-08-24,publisher,Arti Puglia,,Arti Puglia,1,385.0,385,385,385,Excellent
2026-08-24,publisher,Dipartimento sviluppo territoriale,,Dipartimento sviluppo territoriale,1,385.0,385,385,385,Excellent
2026-08-24,publisher,Fondazione IPRES,,Fondazione IPRES,51,385.0,385,385,385,Excellent
2026-08-24,publisher,Ufficio LL.PP.,,Ufficio LL.PP.,1,385.0,385,385,385,Excellent
2026-08-24,publisher,Comune di Galatone,,Comune di Galatone,5,385.0,385,385,385,Excellent
2026-08-24,publisher,Puglia Sviluppo SpA,,Puglia Sviluppo SpA,5,385.0,385,385,385,Excellent
2026-08-24,publisher,SEZIONE INCLUSIONE SOCIALE ATTIVA,,SEZIONE INCLUSIONE SOCIALE ATTIVA,5,385.0,385,385,385,Excellent
2026-08-24,publisher,Area Direzione Amministrativa - Servizio PMO e Internazionalizzazione,,Area Direzione Amministrativa - Servizio PMO e Internazionalizzazione,1,385.0,385,385,385,Excellent
2026-08-24,publisher,Centro Regionale HTA - Area Valutazione e Ricerca,,Centro Regionale HTA - Area Valutazione e Ricerca,2,385.0,385,385,385,Excellent
2026-08-24,publisher,redazione OD,,redazione OD,2,385.0,385,385,385,Excellent
2026-08-24,publisher,Segretariato generale della Giunta regionale segretariatogenerale.giunta@regione.puglia.it,,Segretariato generale della Giunta regionale segretariatogenerale.giunta@regione.puglia.it,2,385.0,385,385,385,Excellent
2026-08-24,publisher,Asset,,Asset,19,385.0,385,385,385,Excellent
2026-08-24,publisher,comune lecce,,comune lecce,4,385.0,385,385,385,Excellent
2026-08-24,publisher,ARET - Ufficio Osservatorio,,ARET - Ufficio Osservatorio,4,385.0,385,385,385,Excellent
2026-08-24,publisher,Ufficio Ambiente,,Ufficio Ambiente,4,385.0,385,385,385,Excellent
2026-08-24,publisher,ASL Taranto,,ASL Taranto,3,385.0,385,385,385,Excellent
2026-08-24,publisher,Area Direzione Amministrativa - Servizio Formazione e Innovazione dei Saperi,,Area Direzione Amministrativa - Servizio Formazione e Innovazione dei Saperi,1,385.0,385,385,385,Excellent
2026-08-24,publisher,Servizi Sociali Pubblica Istruzione,,Servizi Sociali Pubblica Istruzione,5,385.0,385,385,385,Excellent
2026-08-24,publisher,Sezione Opere Pubbliche e Infrastrutture,,Sezione Opere Pubbliche e Infrastrutture,4,385.0,385,385,385,Excellent
2026-08-24,publisher,Segreteria Generale della Presidenza,,Segreteria Generale della Presidenza,1,385.0,385,385,385,Excellent
2026-08-24,publisher,Struttura Speciale Comunicazione Istituzionale,,Struttura Speciale Comunicazione Istituzionale,2,385.0,385,385,385,Excellent
2026-08-24,publisher,Osservatorio Turismo,,Osservatorio Turismo,5,385.0,385,385,385,Excellent
2026-08-24,publisher,Puglia Sviluppo,,Puglia Sviluppo,2,385.0,385,385,385,Excellent
2026-08-24,publisher,Area E-Health,,Area E-Health,1,385.0,385,385,385,Excellent
2026-08-24,publisher,Sezione politiche di benessere sociale e pari opportunità,,Sezione politiche di benessere sociale e pari opportunità,3,385.0,385,385,385,Excellent
2026-08-24,publisher,Comune di Miggiano,,Comune di Miggiano,3,385.0,385,385,385,Excellent
2026-08-24,publisher,Arpa Puglia - Direzione Scientifica - Centro Regionale Aria,,Arpa Puglia - Direzione Scientifica - Centro Regionale Aria,4,385.0,385,385,385,Excellent
2026-08-24,publisher,Sezione Trasformazione Digitale,,Sezione Trasformazione Digitale,2,385.0,385,385,385,Excellent
2026-08-24,publisher,Comune di Zollino,,Comune di Zollino,3,385.0,385,385,385,Excellent
2026-08-24,publisher,Ufficio Statistica e Studi,,Ufficio Statistica e Studi,5,385.0,385,385,385,Excellent
2026-08-24,publisher,Sezione Ricerca Industriale e Innovazione servizio.ricercainnovazione@regione.puglia.it,,Sezione Ricerca Industriale e Innovazione servizio.ricercainnovazione@regione.puglia.it,8,385.0,385,385,385,Excellent
2026-08-24,publisher,InnovaPuglia,,InnovaPuglia,2,385.0,385,385,385,Excellent
2026-08-24,publisher,Sezione Ricerca Industriale e Innovazione,,Sezione Ricerca Industriale e Innovazione,2,385.0,385,385,385,Excellent
2026-08-24,publisher,ARTI Puglia,,ARTI Puglia,12,385.0,385,385,385,Excellent
2026-08-24,publisher,Autorità di Gestione del POR 2014-2020,,Autorità di Gestione del POR 2014-2020,1,385.0,385,385,385,Excellent
2026-08-24,publisher,Sezione Demanio e Patrimonio serviziodemaniopatrimonio.bari@pec.rupar.puglia.it,,Sezione Demanio e Patrimonio serviziodemaniopatrimonio.bari@pec.rupar.puglia.it,3,385.0,385,385,385,Excellent
2026-08-24,publisher,Sezione datore di lavoro,,Sezione datore di lavoro,1,385.0,385,385,385,Excellent
2026-08-24,publisher,Sezione Promozione della salute e del benessere (servizio.sportpertutti@regione.puglia.it),,Sezione Promozione della salute e del benessere (servizio.sportpertutti@regione.puglia.it),3,385.0,385,385,385,Excellent
2026-08-24,publisher,InnovaPuglia Spa - Servizio Territorio e Ambiente info@sit.puglia.it,,InnovaPuglia Spa - Servizio Territorio e Ambiente info@sit.puglia.it,6,385.0,385,385,385,Excellent
2026-08-24,publisher,Comune di Minervino di Lecce,,Comune di Minervino di Lecce,5,385.0,385,385,385,Excellent
2026-08-24,publisher,Sezione Personale e Organizzazione,,Sezione Personale e Organizzazione,3,385.0,385,385,385,Excellent
2026-08-24,publisher,Servizio politiche di benessere sociale e pari opportunità - Servizio programmazione Sociale ed integrazione socio-sanitaria,,Servizio politiche di benessere sociale e pari opportunità - Servizio programmazione Sociale ed integrazione socio-sanitaria,1,385.0,385,385,385,Excellent
2026-08-24,publisher,Comune di Giuggianello,,Comune di Giuggianello,4,385.0,385,385,385,Excellent
2026-08-24,publisher,Comune di Carpignano Salentino,,Comune di Carpignano Salentino,4,385.0,385,385,385,Excellent
2026-08-24,publisher,Sezione Bilancio e Ragioneria servizio.bilancio.ragioneria@pec.rupar.puglia.it,,Sezione Bilancio e Ragioneria servizio.bilancio.ragioneria@pec.rupar.puglia.it,1,385.0,385,385,385,Excellent
2026-08-24,publisher,"Sezione Personale e Organizzazione - P.O. Statistica,  servizio.personale@regione.puglia.it",,"Sezione Personale e Organizzazione - P.O. Statistica,  servizio.personale@regione.puglia.it",1,385.0,385,385,385,Excellent
2026-08-24,publisher,Team O.D.,,Team O.D.,2,385.0,385,385,385,Excellent
2026-08-24,publisher,Comune di San Pietro in Lama,,Comune di San Pietro in Lama,3,385.0,385,385,385,Excellent
2026-08-24,publisher,Comune di Cursi,,Comune di Cursi,4,385.0,385,385,385,Excellent
2026-08-24,publisher,Comune di Santa Cesarea Terme,,Comune di Santa Cesarea Terme,4,385.0,385,385,385,Excellent
2026-08-24,publisher,Area Analisi e Ricerche,,Area Analisi e Ricerche,5,385.0,385,385,385,Excellent
2026-08-24,publisher,Sezione Personale,,Sezione Personale,1,385.0,385,385,385,Excellent
2026-08-24,publisher,Sezione Affari e Studi Giuridici e Legislativi,,Sezione Affari e Studi Giuridici e Legislativi,1,385.0,385,385,385,Excellent
2026-08-24,publisher,Ufficio Transizione Digitale,,Ufficio Transizione Digitale,13,385.0,385,385,385,Excellent
2026-08-24,publisher,Ufficio lavori pubblici – Comune di Palo del Colle,,Ufficio lavori pubblici – Comune di Palo del Colle,1,385.0,385,385,385,Excellent
2026-08-24,publisher,"Dipartimento Turismo, Economia della Cultura e Valorizzazione del Territorio - Sezione Turismo e Internazionalizzazione",,"Dipartimento Turismo, Economia della Cultura e Valorizzazione del Territorio - Sezione Turismo e Internazionalizzazione",1,385.0,385,385,385,Excellent
2026-08-24,publisher,"Dipartimento Turismo, Economia della Cultura e Valorizzazione del Territorio - Struttura di progetto Cooperazione territoriale europea e Poli BiblioMuseali",,"Dipartimento Turismo, Economia della Cultura e Valorizzazione del Territorio - Struttura di progetto Cooperazione territoriale europea e Poli BiblioMuseali",1,385.0,385,385,385,Excellent
2026-08-24,publisher,Comune di Palo del Colle – Ufficio Anagrafe / Demografici,,Comune di Palo del Colle – Ufficio Anagrafe / Demografici,1,385.0,385,385,385,Excellent
2026-08-24,publisher,ufficio lavori pubblii,,ufficio lavori pubblii,1,385.0,385,385,385,Excellent
2026-08-24,publisher,Sezione Mobilità Sostenibile e Vigilanza del Trasporto Pubblico Locale,,Sezione Mobilità Sostenibile e Vigilanza del Trasporto Pubblico Locale,2,385.0,385,385,385,Excellent
2026-08-24,publisher,Servizio Appalti,,Servizio Appalti,2,385.0,385,385,385,Excellent
2026-08-24,publisher,Agenzia Regionale Strategica per la Salute ed il Sociale,,Agenzia Regionale Strategica per la Salute ed il Sociale,4,385.0,385,385,385,Excellent
2026-08-24,publisher,Labalestra Mary Jo,,Labalestra Mary Jo,1,385.0,385,385,385,Excellent
2026-08-24,publisher,Sezione Regionale di Vigilanza,,Sezione Regionale di Vigilanza,1,385.0,385,385,385,Excellent
2026-08-24,publisher,Aress Puglia,,Aress Puglia,4,385.0,385,385,385,Excellent
2026-08-24,publisher,"Dipartimento Turismo, Economia della Cultura e Valorizzazione del Territorio - Sezione Tutela e valorizzazione dei patrimoni culturali",,"Dipartimento Turismo, Economia della Cultura e Valorizzazione del Territorio - Sezione Tutela e valorizzazione dei patrimoni culturali",1,385.0,385,385,385,Excellent
2026-08-24,publisher,comune di martina franca,,comune di martina franca,3,385.0,385,385,385,Excellent
2026-08-24,publisher,Sistemi Informativi e Transizione Digitale,,Sistemi Informativi e Transizione Digitale,5,385.0,385,385,385,Excellent
2026-08-24,publisher,Città di Putignano,,Città di Putignano,3,385.0,385,385,385,Excellent
2026-08-24,publisher,Sezione Ciclo Rifiuti e Bonifiche,,Sezione Ciclo Rifiuti e Bonifiche,2,385.0,385,385,385,Excellent
2026-08-24,publisher,PROTEZIONE CIVILE,,PROTEZIONE CIVILE,1,385.0,385,385,385,Excellent
2026-08-24,publisher,"Dipartimento Welfare, Sezione Inclusione Sociale Attiva",,"Dipartimento Welfare, Sezione Inclusione Sociale Attiva",1,385.0,385,385,385,Excellent
2026-08-24,publisher,"Sezione Promozione del Commercio, Artigianato e Internazionalizzazione delle Imprese",,"Sezione Promozione del Commercio, Artigianato e Internazionalizzazione delle Imprese",1,385.0,385,385,385,Excellent
2026-08-24,publisher,SEZIONE FORMAZIONE,,SEZIONE FORMAZIONE,1,385.0,385,385,385,Excellent
2026-08-24,publisher,Sezione Istruzione e Università - Servizio Sistema dell'Istruzione e del Diritto allo Studio,,Sezione Istruzione e Università - Servizio Sistema dell'Istruzione e del Diritto allo Studio,1,385.0,385,385,385,Excellent
2026-08-24,publisher,Comune di Andrano,,Comune di Andrano,3,385.0,385,385,385,Excellent
2026-08-24,publisher,ufficio tecnico,,ufficio tecnico,7,385.0,385,385,385,Excellent
2026-08-24,publisher,SEZIONE CONTROLLI REGOLARITA AMMINISTRATIVA,,SEZIONE CONTROLLI REGOLARITA AMMINISTRATIVA,1,385.0,385,385,385,Excellent
2026-08-24,publisher,Comune di Neviano,,Comune di Neviano,3,385.0,385,385,385,Excellent
2026-08-24,publisher,Ufficio tecnico,,Ufficio tecnico,2,385.0,385,385,385,Excellent
2026-08-24,publisher,Sezione Autorizzazioni Ambientali,,Sezione Autorizzazioni Ambientali,1,385.0,385,385,385,Excellent
2026-08-24,publisher,Sezione Infrastrutture per la Mobilità,,Sezione Infrastrutture per la Mobilità,2,385.0,385,385,385,Excellent
2026-08-24,publisher,Sezione Urbanistica - Servizio Osservatorio Abusivismo e Usi Civici,,Sezione Urbanistica - Servizio Osservatorio Abusivismo e Usi Civici,1,385.0,385,385,385,Excellent
2026-08-24,publisher,Sezione Contenzioso Amministrativo,,Sezione Contenzioso Amministrativo,1,385.0,385,385,385,Excellent
2026-08-24,publisher,Sezione Politiche Abitative,,Sezione Politiche Abitative,2,385.0,385,385,385,Excellent
2026-08-24,publisher,Sezione Risorse Idriche - Servizio Sistema Idrico Integrato e Tutela delle Acque,,Sezione Risorse Idriche - Servizio Sistema Idrico Integrato e Tutela delle Acque,1,385.0,385,385,385,Excellent
2026-08-24,publisher,Sezione Affari istituzionali e giuridici,,Sezione Affari istituzionali e giuridici,1,385.0,385,385,385,Excellent
2026-08-24,publisher,Sezione Provveditorato Economato,,Sezione Provveditorato Economato,2,385.0,385,385,385,Excellent
2026-08-24,publisher,Sezione Raccordo al Sistema Regionale - Servizio Contratti e Programmazione Acquisti,,Sezione Raccordo al Sistema Regionale - Servizio Contratti e Programmazione Acquisti,1,385.0,385,385,385,Excellent
2026-08-24,publisher,"Sezione Farmaci, Dispositivi Medici e Assistenza Integrativa",,"Sezione Farmaci, Dispositivi Medici e Assistenza Integrativa",1,385.0,385,385,385,Excellent
2026-08-24,publisher,Sezione Statistica,,Sezione Statistica,1,385.0,385,385,385,Excellent
2026-08-24,publisher,Sezione Politiche Giovanili,,Sezione Politiche Giovanili,3,385.0,385,385,385,Excellent
2026-08-24,publisher,Sezione Strategie e Governo dell'Offerta,,Sezione Strategie e Governo dell'Offerta,1,385.0,385,385,385,Excellent
2026-08-24,publisher,Sezione Promozione della Salute e del Benessere - Servizio Sicurezza Alimentare e Sanità Veterinaria,,Sezione Promozione della Salute e del Benessere - Servizio Sicurezza Alimentare e Sanità Veterinaria,1,385.0,385,385,385,Excellent
2026-08-24,publisher,Struttura Speciale Monitoraggio dell'Attuazione Regionale del PNRR,,Struttura Speciale Monitoraggio dell'Attuazione Regionale del PNRR,2,385.0,385,385,385,Excellent
2026-08-24,publisher,Sezione Difesa del suolo e rischio sismico,,Sezione Difesa del suolo e rischio sismico,2,385.0,385,385,385,Excellent
2026-08-24,publisher,Servizio Struttura di Staff Amministrazione e Affari generali,,Servizio Struttura di Staff Amministrazione e Affari generali,1,385.0,385,385,385,Excellent
2026-08-24,publisher,PROGRAMMAZIONE UNITARIA,,PROGRAMMAZIONE UNITARIA,1,385.0,385,385,385,Excellent
2026-08-24,publisher,Sezione Gestione Sostenibile e tutela delle Risorse Forestali e Naturali - Servizio risorse forestali,,Sezione Gestione Sostenibile e tutela delle Risorse Forestali e Naturali - Servizio risorse forestali,2,385.0,385,385,385,Excellent
2026-08-24,publisher,Sezione Bilancio e Ragioneria,,Sezione Bilancio e Ragioneria,1,385.0,385,385,385,Excellent
2026-08-24,publisher,"Sezione Cloud, Cybersecurity e Infrastrutture tecnologiche",,"Sezione Cloud, Cybersecurity e Infrastrutture tecnologiche",1,385.0,385,385,385,Excellent
2026-08-24,publisher,Sezione Transizione Energetica,,Sezione Transizione Energetica,2,385.0,385,385,385,Excellent
2026-08-24,publisher,RegionePuglia,,RegionePuglia,1,385.0,385,385,385,Excellent
2026-08-24,publisher,Sezione Economia della Cultura,,Sezione Economia della Cultura,1,385.0,385,385,385,Excellent
2026-08-24,publisher,ced,,ced,2,385.0,385,385,385,Excellent
2026-08-24,publisher,Area Valutazione e Ricerca – Servizio Ricerca Sanitaria e Sperimentazioni Gestionali,,Area Valutazione e Ricerca – Servizio Ricerca Sanitaria e Sperimentazioni Gestionali,2,385.0,385,385,385,Excellent
2026-08-24,publisher,Area Valutazione e Ricerca – Servizio Valutazione e Governo dell'Innovazione,,Area Valutazione e Ricerca – Servizio Valutazione e Governo dell'Innovazione,1,385.0,385,385,385,Excellent
2026-08-24,publisher,SEZIONE INCLUSIONE SOCIALE ATTIVA e SEZIONE ISTRUZIONE E UNIVERSITA',,SEZIONE INCLUSIONE SOCIALE ATTIVA e SEZIONE ISTRUZIONE E UNIVERSITA',1,385.0,385,385,385,Excellent
2026-08-24,publisher,Struttura Speciale Cooperazione Euro-Mediterranea,,Struttura Speciale Cooperazione Euro-Mediterranea,1,385.0,385,385,385,Excellent
2026-08-24,publisher,Sezione Bilancio della Sanità e dello Sport,,Sezione Bilancio della Sanità e dello Sport,1,385.0,385,385,385,Excellent
2026-08-24,publisher,Sezione Coordinamento dei Servizi Territoriali,,Sezione Coordinamento dei Servizi Territoriali,1,385.0,385,385,385,Excellent
2026-08-24,publisher,Affari Generali,,Affari Generali,2,385.0,385,385,385,Excellent
2026-08-24,publisher,"Dipartimento Welfare, sezione Benessere Sociale, Innovazione e Sussidiarietà",,"Dipartimento Welfare, sezione Benessere Sociale, Innovazione e Sussidiarietà",1,385.0,385,385,385,Excellent
2026-08-24,publisher,Sezione Tutela e valorizzazione del paesaggio,,Sezione Tutela e valorizzazione del paesaggio,1,385.0,385,385,385,Excellent
2026-08-24,publisher,"Sezione Turismo e Internazionalizzazione - Servizio Sviluppo, Infrastrutture, Imprese, Professioni",,"Sezione Turismo e Internazionalizzazione - Servizio Sviluppo, Infrastrutture, Imprese, Professioni",1,385.0,385,385,385,Excellent
2026-08-24,publisher,Redazione,,Redazione,1,385.0,385,385,385,Excellent
2026-08-24,publisher,Sezione Tutela e Valorizzazione dei Patrimoni Culturali,,Sezione Tutela e Valorizzazione dei Patrimoni Culturali,1,385.0,385,385,385,Excellent
2026-08-24,publisher,"Dipartimento Turismo, Economia della Cultura e Valorizzazione del Territorio - Struttura Progetto Cooperazione Territoriale Europea E Poli Biblio-Museali",,"Dipartimento Turismo, Economia della Cultura e Valorizzazione del Territorio - Struttura Progetto Cooperazione Territoriale Europea E Poli Biblio-Museali",1,385.0,385,385,385,Excellent
2026-08-24,publisher,"SEZIONE BENESSERE SOCIALE, INNOVAIONE E SUSSIDIARIETA'",,"SEZIONE BENESSERE SOCIALE, INNOVAIONE E SUSSIDIARIETA'",1,385.0,385,385,385,Excellent
2026-08-24,publisher,Dipartimento Personale e Organizzazione - Sezione Personale,,Dipartimento Personale e Organizzazione - Sezione Personale,1,385.0,385,385,385,Excellent
2026-08-24,publisher,"Sezione Sicurezza del Cittadino, politiche per le migrazioni ed Antimafia sociale",,"Sezione Sicurezza del Cittadino, politiche per le migrazioni ed Antimafia sociale",1,385.0,385,385,385,Excellent
2026-08-24,publisher,Sezione Supporto Legsislativo,,Sezione Supporto Legsislativo,1,385.0,385,385,385,Excellent
2026-08-24,publisher,Comune di Oria,,Comune di Oria,1,385.0,385,385,385,Excellent
2026-08-24,publisher,ASL Brindisi,,ASL Brindisi,1,385.0,385,385,385,Excellent
2026-08-24,publisher,Sezione Personale e Sezione Statistica,,Sezione Personale e Sezione Statistica,1,385.0,385,385,385,Excellent
2026-08-24,publisher,Sezione Competitività,,Sezione Competitività,2,385.0,385,385,385,Excellent
2026-08-24,publisher,Sezione Finanze,,Sezione Finanze,1,385.0,385,385,385,Excellent
2026-08-24,publisher,Ufficio Sistemi Informativi e Flussi Informativi,,Ufficio Sistemi Informativi e Flussi Informativi,1,385.0,385,385,385,Excellent
2026-08-24,publisher,SEZIONE POLITICHE E MERCATO DEL LAVORO,,SEZIONE POLITICHE E MERCATO DEL LAVORO,1,385.0,385,385,385,Excellent
2026-08-24,publisher,Dott.ssa Rocca Anna Ettorre,,Dott.ssa Rocca Anna Ettorre,1,385.0,385,385,385,Excellent
2026-08-24,publisher,Urbanistica,,Urbanistica,1,385.0,385,385,385,Excellent
2026-08-24,publisher,Area Direzione Amministrativa - Servizio Risorse Umane,,Area Direzione Amministrativa - Servizio Risorse Umane,1,385.0,385,385,385,Excellent
2026-08-24,publisher,Affari generali,,Affari generali,1,385.0,385,385,385,Excellent
2026-08-24,publisher,Ufficio Urbanistica,,Ufficio Urbanistica,1,385.0,385,385,385,Excellent
2026-08-24,publisher,"Sezione Promozione del Commercio, Artigianato e Internazionalizzazione delle imprese",,"Sezione Promozione del Commercio, Artigianato e Internazionalizzazione delle imprese",1,385.0,385,385,385,Excellent
2026-08-24,publisher,Protezione Civile,,Protezione Civile,1,385.0,385,385,385,Excellent
2026-08-24,publisher,"Dipartimento Turismo, Economia della Cultura e Valorizzazione del Territorio - Sezione Economia della Cultura",,"Dipartimento Turismo, Economia della Cultura e Valorizzazione del Territorio - Sezione Economia della Cultura",1,385.0,385,385,385,Excellent
2026-08-24,publisher,ex Sezione Promozione della Salute e del Benessere - attuale Sezione Sanità Veterinaria e Sicurezza Alimentare,,ex Sezione Promozione della Salute e del Benessere - attuale Sezione Sanità Veterinaria e Sicurezza Alimentare,1,385.0,385,385,385,Excellent
2026-08-24,publisher,Sezione Trattamento Economico,,Sezione Trattamento Economico,2,385.0,385,385,385,Excellent
2026-08-24,publisher,Sezione Ricerca industriale e Innovazione,,Sezione Ricerca industriale e Innovazione,2,385.0,385,385,385,Excellent
2026-08-24,publisher,Marica Girardi - laboratoriurbani@regione.puglia.it,,Marica Girardi - laboratoriurbani@regione.puglia.it,1,385.0,385,385,385,Excellent
2026-08-24,publisher,Servizio Ricerca Industriale e Innovazione,,Servizio Ricerca Industriale e Innovazione,1,385.0,385,385,385,Excellent
2026-08-24,publisher,Sezione Personale e Organizzazione servizio.personale@regione.puglia.it,,Sezione Personale e Organizzazione servizio.personale@regione.puglia.it,1,385.0,385,385,385,Excellent
2026-08-24,publisher,InnovaPuglia spa infolivinglabs@innova.puglia.it,,InnovaPuglia spa infolivinglabs@innova.puglia.it,2,385.0,385,385,385,Excellent
2026-08-24,publisher,Servizio Programmazione Acquisti,,Servizio Programmazione Acquisti,1,385.0,385,385,385,Excellent
2026-08-24,publisher,Sezione Bilancio e ragioneria,,Sezione Bilancio e ragioneria,1,385.0,385,385,385,Excellent
2026-08-24,publisher,Sezione Promozione della salute e del benessere,,Sezione Promozione della salute e del benessere,1,385.0,385,385,385,Excellent
2026-08-24,publisher,Servizio Protezione Civile servizio.protezionecivile@regione.puglia.it,,Servizio Protezione Civile servizio.protezionecivile@regione.puglia.it,1,385.0,385,385,385,Excellent
2026-08-24,publisher,Sezione politiche di benessere sociale e pari opportunità Sezione programmazione Sociale ed integrazione socio-sanitaria,,Sezione politiche di benessere sociale e pari opportunità Sezione programmazione Sociale ed integrazione socio-sanitaria,1,385.0,385,385,385,Excellent
2026-08-24,publisher,Sezione Programmazione e coordinamento,,Sezione Programmazione e coordinamento,2,385.0,385,385,385,Excellent
2026-08-24,publisher,Comune di Palo del Colle – Ufficio Anagrafe,,Comune di Palo del Colle – Ufficio Anagrafe,1,385.0,385,385,385,Excellent
2026-08-24,publisher,M. Capozzi,,M. Capozzi,1,385.0,385,385,385,Excellent
2026-08-24,publisher,Servizio Finanziario – Comune di Palo del Colle,,Servizio Finanziario – Comune di Palo del Colle,1,385.0,385,385,385,Excellent
2026-08-24,publisher,Segreteria generale della Presidenza - Struttura Speciale Audit FSE+,,Segreteria generale della Presidenza - Struttura Speciale Audit FSE+,1,385.0,385,385,385,Excellent
2026-08-24,publisher,Comune di Candela,,Comune di Candela,4,385.0,385,385,385,Excellent
2026-08-24,publisher,Sezione Controlli,,Sezione Controlli,1,385.0,385,385,385,Excellent
2026-08-24,publisher,Sezione Personale e Organizzazione - servizio.personale@regione.puglia.it,,Sezione Personale e Organizzazione - servizio.personale@regione.puglia.it,1,385.0,385,385,385,Excellent
2026-08-24,publisher,Sezione politiche di benessere sociale e pari opportunità - Sezione programmazione Sociale ed integrazione socio-sanitaria - InnovaPuglia S.p.a.,,Sezione politiche di benessere sociale e pari opportunità - Sezione programmazione Sociale ed integrazione socio-sanitaria - InnovaPuglia S.p.a.,1,385.0,385,385,385,Excellent
2026-08-24,publisher,Sezione Programmazione Acquisti servizio.affarigenerali@regione.puglia.it,,Sezione Programmazione Acquisti servizio.affarigenerali@regione.puglia.it,1,385.0,385,385,385,Excellent
2026-08-24,publisher,DIPARTIMENTO PROMOZIONE DELLA SALUTE E DEL BENESSERE ANIMALE/SEZIONE PROMOZIONE DELLA SALUTE E DEL BENESSERE,,DIPARTIMENTO PROMOZIONE DELLA SALUTE E DEL BENESSERE ANIMALE/SEZIONE PROMOZIONE DELLA SALUTE E DEL BENESSERE,3,385.0,385,385,385,Excellent
2026-08-24,publisher,Dipartimento Ambiente Paesaggio e Qualità Urbana,,Dipartimento Ambiente Paesaggio e Qualità Urbana,1,385.0,385,385,385,Excellent
2026-08-24,publisher,"Dipartimento Agricoltura, sviluppo rurale e Ambientale - Sezione Attuazione dei Programmi Comunitari per l'agricoltura",,"Dipartimento Agricoltura, sviluppo rurale e Ambientale - Sezione Attuazione dei Programmi Comunitari per l'agricoltura",1,385.0,385,385,385,Excellent
2026-08-24,publisher,Sezione Trasporto Pubblico Locale e Intermodalità,,Sezione Trasporto Pubblico Locale e Intermodalità,2,385.0,385,385,385,Excellent
2026-08-24,publisher,Servizio Risorse Finanziarie,,Servizio Risorse Finanziarie,1,385.0,385,385,385,Excellent
2026-08-24,publisher,Interreg Management Structure,,Interreg Management Structure,1,385.0,385,385,385,Excellent
2026-08-24,publisher,"Dipartimento Sviluppo Economico - Sezione Crescita Digitale delle persone, del territorio e delle imprese",,"Dipartimento Sviluppo Economico - Sezione Crescita Digitale delle persone, del territorio e delle imprese",1,385.0,385,385,385,Excellent
2026-08-24,publisher,Sezione Coordinamento dei servizi territoriali,,Sezione Coordinamento dei servizi territoriali,1,385.0,385,385,385,Excellent
2026-08-24,publisher,Programmazione Unitaria,,Programmazione Unitaria,1,385.0,385,385,385,Excellent
2026-08-24,publisher,Dipartimento Sviluppo Economico,,Dipartimento Sviluppo Economico,1,385.0,385,385,385,Excellent
2026-08-24,publisher,Sezione Attuzione dei programmi comunitari per l'agricolturai,,Sezione Attuzione dei programmi comunitari per l'agricolturai,1,385.0,385,385,385,Excellent
2026-08-24,publisher,Sezione APG,,Sezione APG,1,385.0,385,385,385,Excellent
2026-08-24,publisher,"SEZIONE INNOVAZIONE, DATI E SERVIZI DIGITALI",,"SEZIONE INNOVAZIONE, DATI E SERVIZI DIGITALI",1,385.0,385,385,385,Excellent
2026-08-24,publisher,Regione Puglia,,Regione Puglia,61,384.51,385,355,385,Excellent
2026-08-24,publisher,Comune di Massafra,,Comune di Massafra,38,384.21,385,355,385,Excellent
2026-08-24,publisher,ARET Ufficio Innovazione,,ARET Ufficio Innovazione,14,383.57,385,365,385,Excellent
2026-08-24,publisher,Comune di Bitonto,,Comune di Bitonto,55,383.55,385,305,385,Excellent
2026-08-24,publisher,Ufficio statistica,,Ufficio statistica,90,383.22,385,305,385,Excellent
2026-08-24,publisher,Ufficio Statistica e Studi Camera di Commercio di Lecce,,Ufficio Statistica e Studi Camera di Commercio di Lecce,96,382.29,385,305,385,Excellent
2026-08-24,publisher,Città di Trani,,Città di Trani,5,379.0,385,355,385,Excellent
2026-08-24,publisher,Sezione Competitività delle Filiere Agroalimentari,,Sezione Competitività delle Filiere Agroalimentari,3,378.33,385,365,385,Excellent
2026-08-24,publisher,Area Innovazione di Sistema e Qualità,,Area Innovazione di Sistema e Qualità,5,377.0,385,365,385,Excellent
2026-08-24,publisher,Autorità idrica Pugliese (AIP),,Autorità idrica Pugliese (AIP),13,375.77,385,365,385,Excellent
2026-08-24,publisher,re,,re,8,375.0,385,305,385,Excellent
2026-08-24,publisher,Comune di Binetto,,Comune di Binetto,3,375.0,385,355,385,Excellent
2026-08-24,publisher,"Dipartimento Turismo, Economia della Cultura e Valorizzazione del Territorio - Sezione Sviluppo Innovazione Reti",,"Dipartimento Turismo, Economia della Cultura e Valorizzazione del Territorio - Sezione Sviluppo Innovazione Reti",2,370.0,385,355,385,Excellent
2026-08-24,publisher,Sezione Osservatorio fitosanitario,,Sezione Osservatorio fitosanitario,2,370.0,385,355,385,Excellent
2026-08-24,publisher,ARPAP,,ARPAP,2,370.0,385,355,385,Excellent
2026-08-24,publisher,Polizia Municipale,,Polizia Municipale,5,363.0,385,275,385,Excellent
2026-08-24,publisher,Area di Epidemiologia e Care Intelligence,,Area di Epidemiologia e Care Intelligence,15,358.33,385,305,385,Excellent
2026-08-24,publisher,Servizio Transizione Digitale e Privacy,,Servizio Transizione Digitale e Privacy,11,357.73,365,305,385,Excellent
2026-08-24,publisher,Comune di San Marco in Lamis,,Comune di San Marco in Lamis,8,357.5,385,305,385,Excellent
2026-08-24,publisher,Interreg Managment Structure,,Interreg Managment Structure,1,355.0,355,355,355,Excellent
2026-08-24,publisher,Area Valutazione e Ricerca,,Area Valutazione e Ricerca,9,351.67,365,305,365,Excellent
2026-08-24,publisher,comune di lecce,,comune di lecce,22,350.91,385,305,385,Good
2026-08-24,publisher,Redazione O.D.,,Redazione O.D.,104,350.87,385,285,385,Good
2026-08-24,publisher,Redazione OD,,Redazione OD,382,349.35,385,275,385,Good
2026-08-24,publisher,Comune di Lecce,,Comune di Lecce,38,349.21,385,305,385,Good
2026-08-24,publisher,Comune di Martina Franca,,Comune di Martina Franca,29,345.69,365,305,385,Good
2026-08-24,publisher,Sonia Cappello,,Sonia Cappello,2,345.0,385,305,385,Good
2026-08-24,publisher,Ufficio transizione digitale,,Ufficio transizione digitale,2,345.0,385,305,385,Good
2026-08-24,publisher,Camera di Commercio di Lecce,,Camera di Commercio di Lecce,180,341.28,305,305,405,Good
2026-08-24,publisher,Comune Lecce,,Comune Lecce,8,335.0,305,305,385,Good
2026-08-24,publisher,REDAZIONE OD,,REDAZIONE OD,2,335.0,365,305,365,Good
2026-08-24,publisher,Area di Direzione Amministrativa,,Area di Direzione Amministrativa,6,331.67,305,305,385,Good
2026-08-24,publisher,Comune di Crispiano,,Comune di Crispiano,14,330.71,305,305,385,Good
2026-08-24,publisher,Arpa Puglia - Direzione Scientifica - Servizio Agenti Fisici,,Arpa Puglia - Direzione Scientifica - Servizio Agenti Fisici,4,327.5,315,305,385,Good
2026-08-24,publisher,Camera di Commercio,,Camera di Commercio,18,325.0,305,305,405,Good
2026-08-24,publisher,Ufficio Infortunistica,,Ufficio Infortunistica,5,321.0,305,305,385,Good
2026-08-24,publisher,Comune di Muro Leccese,,Comune di Muro Leccese,5,321.0,305,305,385,Good
2026-08-24,publisher,Ufficio Statistica,,Ufficio Statistica,57,309.21,305,305,385,Good
2026-08-24,publisher,Comune di Bari,,Comune di Bari,167,305.0,305,285,385,Good
2026-08-24,publisher,redazione O.D.,,redazione O.D.,1,305.0,305,305,305,Good
2026-08-24,publisher,Servizi Sociali,,Servizi Sociali,4,305.0,305,305,305,Good
2026-08-24,publisher,Polizia Locale Lecce,,Polizia Locale Lecce,1,305.0,305,305,305,Good
2026-08-24,publisher,Ufficio Servizi Finanziari,,Ufficio Servizi Finanziari,2,305.0,305,305,305,Good
2026-08-24,publisher,DO,,DO,3,305.0,305,305,305,Good
2026-08-24,publisher,Comune di Sternatia,,Comune di Sternatia,3,305.0,305,305,305,Good
2026-08-24,publisher,Ragioneria Crispiano,,Ragioneria Crispiano,2,305.0,305,305,305,Good
2026-08-24,publisher,Redazione O.D,,Redazione O.D,1,305.0,305,305,305,Good
2026-08-24,publisher,Ufficio  Coordinamento PNRR,,Ufficio  Coordinamento PNRR,1,305.0,305,305,305,Good
2026-08-24,publisher,redazione  O.P.,,redazione  O.P.,1,305.0,305,305,305,Good
2026-08-24,publisher,Mauro Nicola de Pinto,,Mauro Nicola de Pinto,1,255.0,255,255,255,Good
2026-08-31,publisher,PO CED,,PO CED,2,405.0,405,405,405,Excellent
2026-08-31,publisher,Andrea De Salve,,Andrea De Salve,2,395.0,405,385,405,Excellent
2026-08-31,publisher,Ufficio Commercio,,Ufficio Commercio,10,391.0,385,385,405,Excellent
2026-08-31,publisher,ASL TA,,ASL TA,12,386.67,385,385,405,Excellent
2026-08-31,publisher,Sezione Opere Pubbliche e Infrastrutture,,Sezione Opere Pubbliche e Infrastrutture,4,385.0,385,385,385,Excellent
2026-08-31,publisher,Puglia Sviluppo SpA,,Puglia Sviluppo SpA,5,385.0,385,385,385,Excellent
2026-08-31,publisher,Segreteria Generale della Presidenza,,Segreteria Generale della Presidenza,1,385.0,385,385,385,Excellent
2026-08-31,publisher,SEZIONE INCLUSIONE SOCIALE ATTIVA,,SEZIONE INCLUSIONE SOCIALE ATTIVA,5,385.0,385,385,385,Excellent
2026-08-31,publisher,Ufficio Ambiente,,Ufficio Ambiente,4,385.0,385,385,385,Excellent
2026-08-31,publisher,Servizi Sociali Pubblica Istruzione,,Servizi Sociali Pubblica Istruzione,5,385.0,385,385,385,Excellent
2026-08-31,publisher,Centro Regionale HTA - Area Valutazione e Ricerca,,Centro Regionale HTA - Area Valutazione e Ricerca,2,385.0,385,385,385,Excellent
2026-08-31,publisher,Area Direzione Amministrativa - Servizio PMO e Internazionalizzazione,,Area Direzione Amministrativa - Servizio PMO e Internazionalizzazione,1,385.0,385,385,385,Excellent
2026-08-31,publisher,Fondazione IPRES,,Fondazione IPRES,51,385.0,385,385,385,Excellent
2026-08-31,publisher,Arti Puglia,,Arti Puglia,1,385.0,385,385,385,Excellent
2026-08-31,publisher,Ufficio LL.PP.,,Ufficio LL.PP.,1,385.0,385,385,385,Excellent
2026-08-31,publisher,Dipartimento sviluppo territoriale,,Dipartimento sviluppo territoriale,1,385.0,385,385,385,Excellent
2026-08-31,publisher,Osservatorio Turismo,,Osservatorio Turismo,5,385.0,385,385,385,Excellent
2026-08-31,publisher,Puglia Sviluppo,,Puglia Sviluppo,2,385.0,385,385,385,Excellent
2026-08-31,publisher,ADISU Puglia,,ADISU Puglia,10,385.0,385,385,385,Excellent
2026-08-31,publisher,ASL Taranto,,ASL Taranto,3,385.0,385,385,385,Excellent
2026-08-31,publisher,Area Direzione Amministrativa - Servizio Formazione e Innovazione dei Saperi,,Area Direzione Amministrativa - Servizio Formazione e Innovazione dei Saperi,1,385.0,385,385,385,Excellent
2026-08-31,publisher,Arpa Puglia - Direzione Scientifica - Centro Regionale Mare,,Arpa Puglia - Direzione Scientifica - Centro Regionale Mare,9,385.0,385,385,385,Excellent
2026-08-31,publisher,Segreteria generale della Presidenza - Struttura Speciale Autorità di Audit,,Segreteria generale della Presidenza - Struttura Speciale Autorità di Audit,1,385.0,385,385,385,Excellent
2026-08-31,publisher,Comune di Manduria,,Comune di Manduria,5,385.0,385,385,385,Excellent
2026-08-31,publisher,Sezione Politiche per lo sviluppo delle aree produttive e industriali,,Sezione Politiche per lo sviluppo delle aree produttive e industriali,1,385.0,385,385,385,Excellent
2026-08-31,publisher,DIREZIONE AMMINISTRATIVA DEL GABINETTO - RTD,,DIREZIONE AMMINISTRATIVA DEL GABINETTO - RTD,1,385.0,385,385,385,Excellent
2026-08-31,publisher,Servizio Parchi e Tutela della Biodiversità,,Servizio Parchi e Tutela della Biodiversità,1,385.0,385,385,385,Excellent
2026-08-31,publisher,Segretariato generale della Giunta regionale segretariatogenerale.giunta@regione.puglia.it,,Segretariato generale della Giunta regionale segretariatogenerale.giunta@regione.puglia.it,2,385.0,385,385,385,Excellent
2026-08-31,publisher,ARET - Ufficio Osservatorio,,ARET - Ufficio Osservatorio,4,385.0,385,385,385,Excellent
2026-08-31,publisher,redazione OD,,redazione OD,2,385.0,385,385,385,Excellent
2026-08-31,publisher,Asset,,Asset,19,385.0,385,385,385,Excellent
2026-08-31,publisher,Sezione Affari istituzionali e giuridici,,Sezione Affari istituzionali e giuridici,1,385.0,385,385,385,Excellent
2026-08-31,publisher,Sezione Urbanistica - Servizio Osservatorio Abusivismo e Usi Civici,,Sezione Urbanistica - Servizio Osservatorio Abusivismo e Usi Civici,1,385.0,385,385,385,Excellent
2026-08-31,publisher,Sezione Contenzioso Amministrativo,,Sezione Contenzioso Amministrativo,1,385.0,385,385,385,Excellent
2026-08-31,publisher,Sezione Politiche Abitative,,Sezione Politiche Abitative,2,385.0,385,385,385,Excellent
2026-08-31,publisher,Sezione Risorse Idriche - Servizio Sistema Idrico Integrato e Tutela delle Acque,,Sezione Risorse Idriche - Servizio Sistema Idrico Integrato e Tutela delle Acque,1,385.0,385,385,385,Excellent
2026-08-31,publisher,Ufficio Statistica e Studi,,Ufficio Statistica e Studi,5,385.0,385,385,385,Excellent
2026-08-31,publisher,Sistemi Informativi e Transizione Digitale,,Sistemi Informativi e Transizione Digitale,5,385.0,385,385,385,Excellent
2026-08-31,publisher,Città di Putignano,,Città di Putignano,3,385.0,385,385,385,Excellent
2026-08-31,publisher,Agenzia Regionale Strategica per la Salute ed il Sociale,,Agenzia Regionale Strategica per la Salute ed il Sociale,4,385.0,385,385,385,Excellent
2026-08-31,publisher,Comune di Palo del Colle – Ufficio Anagrafe / Demografici,,Comune di Palo del Colle – Ufficio Anagrafe / Demografici,1,385.0,385,385,385,Excellent
2026-08-31,publisher,ufficio lavori pubblii,,ufficio lavori pubblii,1,385.0,385,385,385,Excellent
2026-08-31,publisher,Servizio Appalti,,Servizio Appalti,2,385.0,385,385,385,Excellent
2026-08-31,publisher,"Dipartimento Turismo, Economia della Cultura e Valorizzazione del Territorio - Sezione Turismo e Internazionalizzazione",,"Dipartimento Turismo, Economia della Cultura e Valorizzazione del Territorio - Sezione Turismo e Internazionalizzazione",1,385.0,385,385,385,Excellent
2026-08-31,publisher,"Dipartimento Turismo, Economia della Cultura e Valorizzazione del Territorio - Struttura di progetto Cooperazione territoriale europea e Poli BiblioMuseali",,"Dipartimento Turismo, Economia della Cultura e Valorizzazione del Territorio - Struttura di progetto Cooperazione territoriale europea e Poli BiblioMuseali",1,385.0,385,385,385,Excellent
2026-08-31,publisher,"Dipartimento Turismo, Economia della Cultura e Valorizzazione del Territorio - Sezione Tutela e valorizzazione dei patrimoni culturali",,"Dipartimento Turismo, Economia della Cultura e Valorizzazione del Territorio - Sezione Tutela e valorizzazione dei patrimoni culturali",1,385.0,385,385,385,Excellent
2026-08-31,publisher,RegionePuglia,,RegionePuglia,1,385.0,385,385,385,Excellent
2026-08-31,publisher,AREA ANALISI E RICERCHE,,AREA ANALISI E RICERCHE,1,385.0,385,385,385,Excellent
2026-08-31,publisher,Comune di Nociglia,,Comune di Nociglia,3,385.0,385,385,385,Excellent
2026-08-31,publisher,Luisa Maraschiello,,Luisa Maraschiello,1,385.0,385,385,385,Excellent
2026-08-31,publisher,"Struttura di Progetto Attuazione della Politica Europea per gli Affari Marittimi, la Pesca e l'Acquacoltura",,"Struttura di Progetto Attuazione della Politica Europea per gli Affari Marittimi, la Pesca e l'Acquacoltura",2,385.0,385,385,385,Excellent
2026-08-31,publisher,Sezione Bilancio e Ragioneria,,Sezione Bilancio e Ragioneria,1,385.0,385,385,385,Excellent
2026-08-31,publisher,ARPA Puglia,,ARPA Puglia,2,385.0,385,385,385,Excellent
2026-08-31,publisher,Sezione Infrastrutture per la Mobilità,,Sezione Infrastrutture per la Mobilità,2,385.0,385,385,385,Excellent
2026-08-31,publisher,Sezione Gestione Sostenibile e tutela delle Risorse Forestali e Naturali - Servizio risorse forestali,,Sezione Gestione Sostenibile e tutela delle Risorse Forestali e Naturali - Servizio risorse forestali,2,385.0,385,385,385,Excellent
2026-08-31,publisher,"Sezione Cloud, Cybersecurity e Infrastrutture tecnologiche",,"Sezione Cloud, Cybersecurity e Infrastrutture tecnologiche",1,385.0,385,385,385,Excellent
2026-08-31,publisher,ced,,ced,2,385.0,385,385,385,Excellent
2026-08-31,publisher,Comune di Melpignano,,Comune di Melpignano,8,385.0,385,385,385,Excellent
2026-08-31,publisher,Puglia Sviluppo spa,,Puglia Sviluppo spa,1,385.0,385,385,385,Excellent
2026-08-31,publisher,Adisu,,Adisu,2,385.0,385,385,385,Excellent
2026-08-31,publisher,Ufficio Transizione Digitale,,Ufficio Transizione Digitale,13,385.0,385,385,385,Excellent
2026-08-31,publisher,Sezione Transizione Energetica,,Sezione Transizione Energetica,2,385.0,385,385,385,Excellent
2026-08-31,publisher,Sezione Economia della Cultura,,Sezione Economia della Cultura,1,385.0,385,385,385,Excellent
2026-08-31,publisher,Ufficio lavori pubblici – Comune di Palo del Colle,,Ufficio lavori pubblici – Comune di Palo del Colle,1,385.0,385,385,385,Excellent
2026-08-31,publisher,Struttura Speciale Comunicazione Istituzionale,,Struttura Speciale Comunicazione Istituzionale,2,385.0,385,385,385,Excellent
2026-08-31,publisher,Area E-Health,,Area E-Health,1,385.0,385,385,385,Excellent
2026-08-31,publisher,Agenzia regionale strategica per lo Sviluppo Ecososteniile del Territorio,,Agenzia regionale strategica per lo Sviluppo Ecososteniile del Territorio,9,385.0,385,385,385,Excellent
2026-08-31,publisher,Sezione Organizzazione e Formazione del Personale,,Sezione Organizzazione e Formazione del Personale,2,385.0,385,385,385,Excellent
2026-08-31,publisher,Sezione Demanio e Patrimonio,,Sezione Demanio e Patrimonio,1,385.0,385,385,385,Excellent
2026-08-31,publisher,Sezione Ricerca e Relazioni Internazionali,,Sezione Ricerca e Relazioni Internazionali,2,385.0,385,385,385,Excellent
2026-08-31,publisher,Arpa Puglia - Direzione Scientifica - Centro Regionale Aria,,Arpa Puglia - Direzione Scientifica - Centro Regionale Aria,4,385.0,385,385,385,Excellent
2026-08-31,publisher,Sezione Trasformazione Digitale,,Sezione Trasformazione Digitale,2,385.0,385,385,385,Excellent
2026-08-31,publisher,Comune di Zollino,,Comune di Zollino,3,385.0,385,385,385,Excellent
2026-08-31,publisher,Comune di San Pietro in Lama,,Comune di San Pietro in Lama,3,385.0,385,385,385,Excellent
2026-08-31,publisher,Comune di Cursi,,Comune di Cursi,4,385.0,385,385,385,Excellent
2026-08-31,publisher,Comune di Santa Cesarea Terme,,Comune di Santa Cesarea Terme,4,385.0,385,385,385,Excellent
2026-08-31,publisher,Sezione politiche di benessere sociale e pari opportunità,,Sezione politiche di benessere sociale e pari opportunità,3,385.0,385,385,385,Excellent
2026-08-31,publisher,Sezione Autorizzazioni Ambientali,,Sezione Autorizzazioni Ambientali,1,385.0,385,385,385,Excellent
2026-08-31,publisher,comune di martina franca,,comune di martina franca,3,385.0,385,385,385,Excellent
2026-08-31,publisher,"Dipartimento Welfare, Sezione Inclusione Sociale Attiva",,"Dipartimento Welfare, Sezione Inclusione Sociale Attiva",1,385.0,385,385,385,Excellent
2026-08-31,publisher,"Sezione Promozione del Commercio, Artigianato e Internazionalizzazione delle Imprese",,"Sezione Promozione del Commercio, Artigianato e Internazionalizzazione delle Imprese",1,385.0,385,385,385,Excellent
2026-08-31,publisher,SEZIONE FORMAZIONE,,SEZIONE FORMAZIONE,1,385.0,385,385,385,Excellent
2026-08-31,publisher,Sezione Istruzione e Università - Servizio Sistema dell'Istruzione e del Diritto allo Studio,,Sezione Istruzione e Università - Servizio Sistema dell'Istruzione e del Diritto allo Studio,1,385.0,385,385,385,Excellent
2026-08-31,publisher,Sezione Ciclo Rifiuti e Bonifiche,,Sezione Ciclo Rifiuti e Bonifiche,2,385.0,385,385,385,Excellent
2026-08-31,publisher,Sezione Difesa del suolo e rischio sismico,,Sezione Difesa del suolo e rischio sismico,2,385.0,385,385,385,Excellent
2026-08-31,publisher,Servizio Struttura di Staff Amministrazione e Affari generali,,Servizio Struttura di Staff Amministrazione e Affari generali,1,385.0,385,385,385,Excellent
2026-08-31,publisher,Sezione Promozione della Salute e del Benessere - Servizio Sicurezza Alimentare e Sanità Veterinaria,,Sezione Promozione della Salute e del Benessere - Servizio Sicurezza Alimentare e Sanità Veterinaria,1,385.0,385,385,385,Excellent
2026-08-31,publisher,Struttura Speciale Monitoraggio dell'Attuazione Regionale del PNRR,,Struttura Speciale Monitoraggio dell'Attuazione Regionale del PNRR,2,385.0,385,385,385,Excellent
2026-08-31,publisher,PROGRAMMAZIONE UNITARIA,,PROGRAMMAZIONE UNITARIA,1,385.0,385,385,385,Excellent
2026-08-31,publisher,Sezione Politiche Giovanili,,Sezione Politiche Giovanili,3,385.0,385,385,385,Excellent
2026-08-31,publisher,Sezione Strategie e Governo dell'Offerta,,Sezione Strategie e Governo dell'Offerta,1,385.0,385,385,385,Excellent
2026-08-31,publisher,Sezione Provveditorato Economato,,Sezione Provveditorato Economato,2,385.0,385,385,385,Excellent
2026-08-31,publisher,"Sezione Farmaci, Dispositivi Medici e Assistenza Integrativa",,"Sezione Farmaci, Dispositivi Medici e Assistenza Integrativa",1,385.0,385,385,385,Excellent
2026-08-31,publisher,Sezione Statistica,,Sezione Statistica,1,385.0,385,385,385,Excellent
2026-08-31,publisher,PROTEZIONE CIVILE,,PROTEZIONE CIVILE,1,385.0,385,385,385,Excellent
2026-08-31,publisher,Sezione Raccordo al Sistema Regionale - Servizio Contratti e Programmazione Acquisti,,Sezione Raccordo al Sistema Regionale - Servizio Contratti e Programmazione Acquisti,1,385.0,385,385,385,Excellent
2026-08-31,publisher,Sezione Affari e Studi Giuridici e Legislativi,,Sezione Affari e Studi Giuridici e Legislativi,1,385.0,385,385,385,Excellent
2026-08-31,publisher,Area Analisi e Ricerche,,Area Analisi e Ricerche,5,385.0,385,385,385,Excellent
2026-08-31,publisher,Sezione Mobilità Sostenibile e Vigilanza del Trasporto Pubblico Locale,,Sezione Mobilità Sostenibile e Vigilanza del Trasporto Pubblico Locale,2,385.0,385,385,385,Excellent
2026-08-31,publisher,Labalestra Mary Jo,,Labalestra Mary Jo,1,385.0,385,385,385,Excellent
2026-08-31,publisher,Sezione Regionale di Vigilanza,,Sezione Regionale di Vigilanza,1,385.0,385,385,385,Excellent
2026-08-31,publisher,ARTI Puglia,,ARTI Puglia,12,385.0,385,385,385,Excellent
2026-08-31,publisher,Autorità di Gestione del POR 2014-2020,,Autorità di Gestione del POR 2014-2020,1,385.0,385,385,385,Excellent
2026-08-31,publisher,Sezione Demanio e Patrimonio serviziodemaniopatrimonio.bari@pec.rupar.puglia.it,,Sezione Demanio e Patrimonio serviziodemaniopatrimonio.bari@pec.rupar.puglia.it,3,385.0,385,385,385,Excellent
2026-08-31,publisher,Sezione datore di lavoro,,Sezione datore di lavoro,1,385.0,385,385,385,Excellent
2026-08-31,publisher,ufficio tecnico,,ufficio tecnico,7,385.0,385,385,385,Excellent
2026-08-31,publisher,Sezione Personale,,Sezione Personale,1,385.0,385,385,385,Excellent
2026-08-31,publisher,SEZIONE CONTROLLI REGOLARITA AMMINISTRATIVA,,SEZIONE CONTROLLI REGOLARITA AMMINISTRATIVA,1,385.0,385,385,385,Excellent
2026-08-31,publisher,Comune di Neviano,,Comune di Neviano,3,385.0,385,385,385,Excellent
2026-08-31,publisher,Sezione Personale e Organizzazione,,Sezione Personale e Organizzazione,3,385.0,385,385,385,Excellent
2026-08-31,publisher,Servizio politiche di benessere sociale e pari opportunità - Servizio programmazione Sociale ed integrazione socio-sanitaria,,Servizio politiche di benessere sociale e pari opportunità - Servizio programmazione Sociale ed integrazione socio-sanitaria,1,385.0,385,385,385,Excellent
2026-08-31,publisher,Sezione Ricerca Industriale e Innovazione,,Sezione Ricerca Industriale e Innovazione,2,385.0,385,385,385,Excellent
2026-08-31,publisher,Sezione Ricerca Industriale e Innovazione servizio.ricercainnovazione@regione.puglia.it,,Sezione Ricerca Industriale e Innovazione servizio.ricercainnovazione@regione.puglia.it,8,385.0,385,385,385,Excellent
2026-08-31,publisher,Ufficio tecnico,,Ufficio tecnico,2,385.0,385,385,385,Excellent
2026-08-31,publisher,InnovaPuglia Spa - Servizio Territorio e Ambiente info@sit.puglia.it,,InnovaPuglia Spa - Servizio Territorio e Ambiente info@sit.puglia.it,6,385.0,385,385,385,Excellent
2026-08-31,publisher,Comune di Minervino di Lecce,,Comune di Minervino di Lecce,5,385.0,385,385,385,Excellent
2026-08-31,publisher,Comune di Miggiano,,Comune di Miggiano,3,385.0,385,385,385,Excellent
2026-08-31,publisher,Comune di Andrano,,Comune di Andrano,3,385.0,385,385,385,Excellent
2026-08-31,publisher,Comune di Giuggianello,,Comune di Giuggianello,4,385.0,385,385,385,Excellent
2026-08-31,publisher,Comune di Carpignano Salentino,,Comune di Carpignano Salentino,4,385.0,385,385,385,Excellent
2026-08-31,publisher,Team O.D.,,Team O.D.,2,385.0,385,385,385,Excellent
2026-08-31,publisher,"Sezione Personale e Organizzazione - P.O. Statistica,  servizio.personale@regione.puglia.it",,"Sezione Personale e Organizzazione - P.O. Statistica,  servizio.personale@regione.puglia.it",1,385.0,385,385,385,Excellent
2026-08-31,publisher,Sezione Promozione della salute e del benessere (servizio.sportpertutti@regione.puglia.it),,Sezione Promozione della salute e del benessere (servizio.sportpertutti@regione.puglia.it),3,385.0,385,385,385,Excellent
2026-08-31,publisher,Sezione Bilancio e Ragioneria servizio.bilancio.ragioneria@pec.rupar.puglia.it,,Sezione Bilancio e Ragioneria servizio.bilancio.ragioneria@pec.rupar.puglia.it,1,385.0,385,385,385,Excellent
2026-08-31,publisher,InnovaPuglia,,InnovaPuglia,2,385.0,385,385,385,Excellent
2026-08-31,publisher,Area Valutazione e Ricerca – Servizio Ricerca Sanitaria e Sperimentazioni Gestionali,,Area Valutazione e Ricerca – Servizio Ricerca Sanitaria e Sperimentazioni Gestionali,2,385.0,385,385,385,Excellent
2026-08-31,publisher,Area Valutazione e Ricerca – Servizio Valutazione e Governo dell'Innovazione,,Area Valutazione e Ricerca – Servizio Valutazione e Governo dell'Innovazione,1,385.0,385,385,385,Excellent
2026-08-31,publisher,SEZIONE INCLUSIONE SOCIALE ATTIVA e SEZIONE ISTRUZIONE E UNIVERSITA',,SEZIONE INCLUSIONE SOCIALE ATTIVA e SEZIONE ISTRUZIONE E UNIVERSITA',1,385.0,385,385,385,Excellent
2026-08-31,publisher,Dipartimento Personale e Organizzazione - Sezione Personale,,Dipartimento Personale e Organizzazione - Sezione Personale,1,385.0,385,385,385,Excellent
2026-08-31,publisher,"Sezione Sicurezza del Cittadino, politiche per le migrazioni ed Antimafia sociale",,"Sezione Sicurezza del Cittadino, politiche per le migrazioni ed Antimafia sociale",1,385.0,385,385,385,Excellent
2026-08-31,publisher,"Dipartimento Welfare, sezione Benessere Sociale, Innovazione e Sussidiarietà",,"Dipartimento Welfare, sezione Benessere Sociale, Innovazione e Sussidiarietà",1,385.0,385,385,385,Excellent
2026-08-31,publisher,Sezione Tutela e valorizzazione del paesaggio,,Sezione Tutela e valorizzazione del paesaggio,1,385.0,385,385,385,Excellent
2026-08-31,publisher,"Sezione Turismo e Internazionalizzazione - Servizio Sviluppo, Infrastrutture, Imprese, Professioni",,"Sezione Turismo e Internazionalizzazione - Servizio Sviluppo, Infrastrutture, Imprese, Professioni",1,385.0,385,385,385,Excellent
2026-08-31,publisher,Area Direzione Amministrativa - Servizio Risorse Umane,,Area Direzione Amministrativa - Servizio Risorse Umane,1,385.0,385,385,385,Excellent
2026-08-31,publisher,Redazione,,Redazione,1,385.0,385,385,385,Excellent
2026-08-31,publisher,Affari Generali,,Affari Generali,2,385.0,385,385,385,Excellent
2026-08-31,publisher,Dott.ssa Rocca Anna Ettorre,,Dott.ssa Rocca Anna Ettorre,1,385.0,385,385,385,Excellent
2026-08-31,publisher,Sezione Competitività,,Sezione Competitività,2,385.0,385,385,385,Excellent
2026-08-31,publisher,Comune di Candela,,Comune di Candela,4,385.0,385,385,385,Excellent
2026-08-31,publisher,Dipartimento Ambiente Paesaggio e Qualità Urbana,,Dipartimento Ambiente Paesaggio e Qualità Urbana,1,385.0,385,385,385,Excellent
2026-08-31,publisher,"SEZIONE BENESSERE SOCIALE, INNOVAIONE E SUSSIDIARIETA'",,"SEZIONE BENESSERE SOCIALE, INNOVAIONE E SUSSIDIARIETA'",1,385.0,385,385,385,Excellent
2026-08-31,publisher,Struttura Speciale Cooperazione Euro-Mediterranea,,Struttura Speciale Cooperazione Euro-Mediterranea,1,385.0,385,385,385,Excellent
2026-08-31,publisher,Sezione Bilancio della Sanità e dello Sport,,Sezione Bilancio della Sanità e dello Sport,1,385.0,385,385,385,Excellent
2026-08-31,publisher,Sezione Coordinamento dei Servizi Territoriali,,Sezione Coordinamento dei Servizi Territoriali,1,385.0,385,385,385,Excellent
2026-08-31,publisher,Urbanistica,,Urbanistica,1,385.0,385,385,385,Excellent
2026-08-31,publisher,Ufficio Urbanistica,,Ufficio Urbanistica,1,385.0,385,385,385,Excellent
2026-08-31,publisher,Affari generali,,Affari generali,1,385.0,385,385,385,Excellent
2026-08-31,publisher,Sezione Tutela e Valorizzazione dei Patrimoni Culturali,,Sezione Tutela e Valorizzazione dei Patrimoni Culturali,1,385.0,385,385,385,Excellent
2026-08-31,publisher,"Dipartimento Turismo, Economia della Cultura e Valorizzazione del Territorio - Struttura Progetto Cooperazione Territoriale Europea E Poli Biblio-Museali",,"Dipartimento Turismo, Economia della Cultura e Valorizzazione del Territorio - Struttura Progetto Cooperazione Territoriale Europea E Poli Biblio-Museali",1,385.0,385,385,385,Excellent
2026-08-31,publisher,Servizio Programmazione Acquisti,,Servizio Programmazione Acquisti,1,385.0,385,385,385,Excellent
2026-08-31,publisher,DIPARTIMENTO PROMOZIONE DELLA SALUTE E DEL BENESSERE ANIMALE/SEZIONE PROMOZIONE DELLA SALUTE E DEL BENESSERE,,DIPARTIMENTO PROMOZIONE DELLA SALUTE E DEL BENESSERE ANIMALE/SEZIONE PROMOZIONE DELLA SALUTE E DEL BENESSERE,3,385.0,385,385,385,Excellent
2026-08-31,publisher,Sezione politiche di benessere sociale e pari opportunità Sezione programmazione Sociale ed integrazione socio-sanitaria,,Sezione politiche di benessere sociale e pari opportunità Sezione programmazione Sociale ed integrazione socio-sanitaria,1,385.0,385,385,385,Excellent
2026-08-31,publisher,Sezione Programmazione e coordinamento,,Sezione Programmazione e coordinamento,2,385.0,385,385,385,Excellent
2026-08-31,publisher,Marica Girardi - laboratoriurbani@regione.puglia.it,,Marica Girardi - laboratoriurbani@regione.puglia.it,1,385.0,385,385,385,Excellent
2026-08-31,publisher,Servizio Ricerca Industriale e Innovazione,,Servizio Ricerca Industriale e Innovazione,1,385.0,385,385,385,Excellent
2026-08-31,publisher,Sezione Personale e Organizzazione servizio.personale@regione.puglia.it,,Sezione Personale e Organizzazione servizio.personale@regione.puglia.it,1,385.0,385,385,385,Excellent
2026-08-31,publisher,InnovaPuglia spa infolivinglabs@innova.puglia.it,,InnovaPuglia spa infolivinglabs@innova.puglia.it,2,385.0,385,385,385,Excellent
2026-08-31,publisher,Sezione Promozione della salute e del benessere,,Sezione Promozione della salute e del benessere,1,385.0,385,385,385,Excellent
2026-08-31,publisher,Servizio Protezione Civile servizio.protezionecivile@regione.puglia.it,,Servizio Protezione Civile servizio.protezionecivile@regione.puglia.it,1,385.0,385,385,385,Excellent
2026-08-31,publisher,Sezione Ricerca industriale e Innovazione,,Sezione Ricerca industriale e Innovazione,2,385.0,385,385,385,Excellent
2026-08-31,publisher,Sezione Controlli,,Sezione Controlli,1,385.0,385,385,385,Excellent
2026-08-31,publisher,Sezione Personale e Organizzazione - servizio.personale@regione.puglia.it,,Sezione Personale e Organizzazione - servizio.personale@regione.puglia.it,1,385.0,385,385,385,Excellent
2026-08-31,publisher,Sezione politiche di benessere sociale e pari opportunità - Sezione programmazione Sociale ed integrazione socio-sanitaria - InnovaPuglia S.p.a.,,Sezione politiche di benessere sociale e pari opportunità - Sezione programmazione Sociale ed integrazione socio-sanitaria - InnovaPuglia S.p.a.,1,385.0,385,385,385,Excellent
2026-08-31,publisher,Sezione Programmazione Acquisti servizio.affarigenerali@regione.puglia.it,,Sezione Programmazione Acquisti servizio.affarigenerali@regione.puglia.it,1,385.0,385,385,385,Excellent
2026-08-31,publisher,"Dipartimento Agricoltura, sviluppo rurale e Ambientale - Sezione Attuazione dei Programmi Comunitari per l'agricoltura",,"Dipartimento Agricoltura, sviluppo rurale e Ambientale - Sezione Attuazione dei Programmi Comunitari per l'agricoltura",1,385.0,385,385,385,Excellent
2026-08-31,publisher,Sezione Bilancio e ragioneria,,Sezione Bilancio e ragioneria,1,385.0,385,385,385,Excellent
2026-08-31,publisher,"Sezione Promozione del Commercio, Artigianato e Internazionalizzazione delle imprese",,"Sezione Promozione del Commercio, Artigianato e Internazionalizzazione delle imprese",1,385.0,385,385,385,Excellent
2026-08-31,publisher,Sezione Supporto Legsislativo,,Sezione Supporto Legsislativo,1,385.0,385,385,385,Excellent
2026-08-31,publisher,Sezione Finanze,,Sezione Finanze,1,385.0,385,385,385,Excellent
2026-08-31,publisher,Ufficio Sistemi Informativi e Flussi Informativi,,Ufficio Sistemi Informativi e Flussi Informativi,1,385.0,385,385,385,Excellent
2026-08-31,publisher,Comune di Oria,,Comune di Oria,1,385.0,385,385,385,Excellent
2026-08-31,publisher,Segreteria generale della Presidenza - Struttura Speciale Audit FSE+,,Segreteria generale della Presidenza - Struttura Speciale Audit FSE+,1,385.0,385,385,385,Excellent
2026-08-31,publisher,ASL Brindisi,,ASL Brindisi,1,385.0,385,385,385,Excellent
2026-08-31,publisher,Sezione Personale e Sezione Statistica,,Sezione Personale e Sezione Statistica,1,385.0,385,385,385,Excellent
2026-08-31,publisher,SEZIONE POLITICHE E MERCATO DEL LAVORO,,SEZIONE POLITICHE E MERCATO DEL LAVORO,1,385.0,385,385,385,Excellent
2026-08-31,publisher,Comune di Palo del Colle – Ufficio Anagrafe,,Comune di Palo del Colle – Ufficio Anagrafe,1,385.0,385,385,385,Excellent
2026-08-31,publisher,"Dipartimento Turismo, Economia della Cultura e Valorizzazione del Territorio - Sezione Economia della Cultura",,"Dipartimento Turismo, Economia della Cultura e Valorizzazione del Territorio - Sezione Economia della Cultura",1,385.0,385,385,385,Excellent
2026-08-31,publisher,Protezione Civile,,Protezione Civile,1,385.0,385,385,385,Excellent
2026-08-31,publisher,Programmazione Unitaria,,Programmazione Unitaria,1,385.0,385,385,385,Excellent
2026-08-31,publisher,Servizio Finanziario – Comune di Palo del Colle,,Servizio Finanziario – Comune di Palo del Colle,1,385.0,385,385,385,Excellent
2026-08-31,publisher,Sezione Trattamento Economico,,Sezione Trattamento Economico,2,385.0,385,385,385,Excellent
2026-08-31,publisher,Sezione Coordinamento dei servizi territoriali,,Sezione Coordinamento dei servizi territoriali,1,385.0,385,385,385,Excellent
2026-08-31,publisher,Sezione Attuzione dei programmi comunitari per l'agricolturai,,Sezione Attuzione dei programmi comunitari per l'agricolturai,1,385.0,385,385,385,Excellent
2026-08-31,publisher,Sezione APG,,Sezione APG,1,385.0,385,385,385,Excellent
2026-08-31,publisher,"SEZIONE INNOVAZIONE, DATI E SERVIZI DIGITALI",,"SEZIONE INNOVAZIONE, DATI E SERVIZI DIGITALI",1,385.0,385,385,385,Excellent
2026-08-31,publisher,"Dipartimento Sviluppo Economico - Sezione Crescita Digitale delle persone, del territorio e delle imprese",,"Dipartimento Sviluppo Economico - Sezione Crescita Digitale delle persone, del territorio e delle imprese",1,385.0,385,385,385,Excellent
2026-08-31,publisher,Servizio Risorse Finanziarie,,Servizio Risorse Finanziarie,1,385.0,385,385,385,Excellent
2026-08-31,publisher,Sezione Trasporto Pubblico Locale e Intermodalità,,Sezione Trasporto Pubblico Locale e Intermodalità,2,385.0,385,385,385,Excellent
2026-08-31,publisher,Interreg Management Structure,,Interreg Management Structure,1,385.0,385,385,385,Excellent
2026-08-31,publisher,M. Capozzi,,M. Capozzi,1,385.0,385,385,385,Excellent
2026-08-31,publisher,Dipartimento Sviluppo Economico,,Dipartimento Sviluppo Economico,1,385.0,385,385,385,Excellent
2026-08-31,publisher,ex Sezione Promozione della Salute e del Benessere - attuale Sezione Sanità Veterinaria e Sicurezza Alimentare,,ex Sezione Promozione della Salute e del Benessere - attuale Sezione Sanità Veterinaria e Sicurezza Alimentare,1,385.0,385,385,385,Excellent
2026-08-31,publisher,Regione Puglia,,Regione Puglia,61,384.51,385,355,385,Excellent
2026-08-31,publisher,Comune di Massafra,,Comune di Massafra,38,384.21,385,355,385,Excellent
2026-08-31,publisher,ARET Ufficio Innovazione,,ARET Ufficio Innovazione,14,383.57,385,365,385,Excellent
2026-08-31,publisher,Ufficio statistica,,Ufficio statistica,90,383.22,385,305,385,Excellent
2026-08-31,publisher,Comune di Galatone,,Comune di Galatone,5,381.0,385,365,385,Excellent
2026-08-31,publisher,Città di Trani,,Città di Trani,5,379.0,385,355,385,Excellent
2026-08-31,publisher,Sezione Competitività delle Filiere Agroalimentari,,Sezione Competitività delle Filiere Agroalimentari,3,378.33,385,365,385,Excellent
2026-08-31,publisher,Area Innovazione di Sistema e Qualità,,Area Innovazione di Sistema e Qualità,5,377.0,385,365,385,Excellent
2026-08-31,publisher,Autorità idrica Pugliese (AIP),,Autorità idrica Pugliese (AIP),13,375.77,385,365,385,Excellent
2026-08-31,publisher,re,,re,8,375.0,385,305,385,Excellent
2026-08-31,publisher,Comune di Binetto,,Comune di Binetto,3,375.0,385,355,385,Excellent
2026-08-31,publisher,"Dipartimento Turismo, Economia della Cultura e Valorizzazione del Territorio - Sezione Sviluppo Innovazione Reti",,"Dipartimento Turismo, Economia della Cultura e Valorizzazione del Territorio - Sezione Sviluppo Innovazione Reti",2,370.0,385,355,385,Excellent
2026-08-31,publisher,Sezione Osservatorio fitosanitario,,Sezione Osservatorio fitosanitario,2,370.0,385,355,385,Excellent
2026-08-31,publisher,ARPAP,,ARPAP,2,370.0,385,355,385,Excellent
2026-08-31,publisher,Ufficio Statistica e Studi Camera di Commercio di Lecce,,Ufficio Statistica e Studi Camera di Commercio di Lecce,96,365.62,385,305,385,Excellent
2026-08-31,publisher,Polizia Municipale,,Polizia Municipale,5,363.0,385,275,385,Excellent
2026-08-31,publisher,Area di Epidemiologia e Care Intelligence,,Area di Epidemiologia e Care Intelligence,15,358.33,385,305,385,Excellent
2026-08-31,publisher,Servizio Transizione Digitale e Privacy,,Servizio Transizione Digitale e Privacy,11,357.73,365,305,385,Excellent
2026-08-31,publisher,Comune di San Marco in Lamis,,Comune di San Marco in Lamis,8,357.5,385,305,385,Excellent
2026-08-31,publisher,Interreg Managment Structure,,Interreg Managment Structure,1,355.0,355,355,355,Excellent
2026-08-31,publisher,Area Valutazione e Ricerca,,Area Valutazione e Ricerca,9,351.67,365,305,365,Excellent
2026-08-31,publisher,Redazione O.D.,,Redazione O.D.,104,350.87,385,285,385,Good
2026-08-31,publisher,Redazione OD,,Redazione OD,382,346.81,365,275,385,Good
2026-08-31,publisher,Comune di Bari,,Comune di Bari,167,345.24,365,285,385,Good
2026-08-31,publisher,Aress Puglia,,Aress Puglia,4,345.0,385,305,385,Good
2026-08-31,publisher,comune lecce,,comune lecce,4,345.0,385,305,385,Good
2026-08-31,publisher,Sonia Cappello,,Sonia Cappello,2,345.0,385,305,385,Good
2026-08-31,publisher,Ufficio transizione digitale,,Ufficio transizione digitale,2,345.0,385,305,385,Good
2026-08-31,publisher,comune di lecce,,comune di lecce,22,343.64,355,305,385,Good
2026-08-31,publisher,Comune di Martina Franca,,Comune di Martina Franca,29,342.93,305,305,385,Good
2026-08-31,publisher,Camera di Commercio di Lecce,,Camera di Commercio di Lecce,180,341.28,305,305,405,Good
2026-08-31,publisher,Comune di Lecce,,Comune di Lecce,38,340.79,305,305,385,Good
2026-08-31,publisher,Comune di Bitonto,,Comune di Bitonto,55,338.45,305,305,385,Good
2026-08-31,publisher,REDAZIONE OD,,REDAZIONE OD,2,335.0,365,305,365,Good
2026-08-31,publisher,Comune di Specchia,,Comune di Specchia,6,331.67,305,305,385,Good
2026-08-31,publisher,Area di Direzione Amministrativa,,Area di Direzione Amministrativa,6,331.67,305,305,385,Good
2026-08-31,publisher,Comune di Crispiano,,Comune di Crispiano,14,330.71,305,305,385,Good
2026-08-31,publisher,Arpa Puglia - Direzione Scientifica - Servizio Agenti Fisici,,Arpa Puglia - Direzione Scientifica - Servizio Agenti Fisici,4,327.5,315,305,385,Good
2026-08-31,publisher,Camera di Commercio,,Camera di Commercio,18,325.0,305,305,405,Good
2026-08-31,publisher,Ufficio Infortunistica,,Ufficio Infortunistica,5,321.0,305,305,385,Good
2026-08-31,publisher,Comune di Muro Leccese,,Comune di Muro Leccese,5,321.0,305,305,385,Good
2026-08-31,publisher,Comune Lecce,,Comune Lecce,8,315.0,305,305,385,Good
2026-08-31,publisher,Ufficio Statistica,,Ufficio Statistica,57,309.21,305,305,385,Good
2026-08-31,publisher,Servizi Sociali,,Servizi Sociali,4,305.0,305,305,305,Good
2026-08-31,publisher,DO,,DO,3,305.0,305,305,305,Good
2026-08-31,publisher,Ragioneria Crispiano,,Ragioneria Crispiano,2,305.0,305,305,305,Good
2026-08-31,publisher,Redazione O.D,,Redazione O.D,1,305.0,305,305,305,Good
2026-08-31,publisher,redazione O.D.,,redazione O.D.,1,305.0,305,305,305,Good
2026-08-31,publisher,Polizia Locale Lecce,,Polizia Locale Lecce,1,305.0,305,305,305,Good
2026-08-31,publisher,Ufficio Servizi Finanziari,,Ufficio Servizi Finanziari,2,305.0,305,305,305,Good
2026-08-31,publisher,Comune di Sternatia,,Comune di Sternatia,3,305.0,305,305,305,Good
2026-08-31,publisher,Ufficio  Coordinamento PNRR,,Ufficio  Coordinamento PNRR,1,305.0,305,305,305,Good
2026-08-31,publisher,redazione  O.P.,,redazione  O.P.,1,305.0,305,305,305,Good
2026-08-31,publisher,Mauro Nicola de Pinto,,Mauro Nicola de Pinto,1,255.0,255,255,255,Good
