{"type":"FeatureCollection","features":[{"type":"Feature","properties":{"terr":"Piemonte","key":"Piemonte"},"geometry":{"type":"Polygon","coordinates":[[[7.13605,45.27996],[7.12157,45.29856],[7.11793,45.31098],[7.10936,45.31828],[7.1094,45.3277],[7.12608,45.32733],[7.13454,45.3317],[7.13077,45.33913],[7.13297,45.34734],[7.15236,45.35365],[7.15951,45.35946],[7.15902,45.37213],[7.16328,45.38179],[7.18585,45.40323],[7.18378,45.40744],[7.15785,45.41622],[7.15226,45.42263],[7.11443,45.43346],[7.11472,45.44084],[7.10034,45.45618],[7.10027,45.46425],[7.11451,45.4752],[7.11488,45.48709],[7.12125,45.4978],[7.12167,45.50624],[7.1343,45.51546],[7.13753,45.51626],[7.14106,45.51092],[7.14366,45.49699],[7.13692,45.49086],[7.14358,45.47783],[7.16033,45.48659],[7.19946,45.48115],[7.20984,45.47256],[7.22266,45.47048],[7.24755,45.49407],[7.26373,45.49903],[7.2695,45.51468],[7.30117,45.51722],[7.32295,45.51445],[7.33376,45.52072],[7.3593,45.52587],[7.37724,45.5169],[7.39675,45.52851],[7.39579,45.53164],[7.40888,45.53521],[7.42217,45.54601],[7.44796,45.55557],[7.44864,45.56083],[7.46367,45.57399],[7.48932,45.58311],[7.53177,45.57679],[7.54792,45.5886],[7.56647,45.59162],[7.58156,45.58269],[7.59969,45.57809],[7.60621,45.57284],[7.60907,45.56288],[7.63404,45.57079],[7.64594,45.56899],[7.67679,45.55209],[7.68827,45.55735],[7.7032,45.55562],[7.71893,45.55889],[7.7327,45.55034],[7.75573,45.5637],[7.78532,45.57479],[7.79682,45.58272],[7.79567,45.58639],[7.82778,45.59707],[7.84144,45.59723],[7.84887,45.60226],[7.86228,45.59699],[7.87917,45.60016],[7.89058,45.597],[7.89579,45.59003],[7.90077,45.59172],[7.89589,45.60067],[7.89746,45.61252],[7.91504,45.63274],[7.93611,45.63569],[7.93938,45.64325],[7.92258,45.65807],[7.92162,45.66642],[7.91186,45.67068],[7.91114,45.67977],[7.90479,45.68473],[7.91148,45.7004],[7.9203,45.7019],[7.93662,45.72434],[7.92726,45.7347],[7.929,45.74244],[7.90016,45.74925],[7.88493,45.7602],[7.88086,45.76716],[7.88221,45.77238],[7.87342,45.77829],[7.86264,45.79216],[7.86662,45.80164],[7.86233,45.8199],[7.8735,45.82592],[7.86386,45.83958],[7.86671,45.84828],[7.87394,45.85316],[7.87592,45.86158],[7.86866,45.86823],[7.86137,45.91041],[7.866,45.91934],[7.87696,45.92643],[7.8684,45.93764],[7.87066,45.94774],[7.87706,45.94978],[7.87806,45.9734],[7.89533,45.98216],[7.90882,45.99732],[7.97784,45.99951],[7.98891,45.99649],[8.00119,46.01204],[8.01218,46.01191],[8.01678,46.02478],[8.01277,46.03197],[8.03459,46.04334],[8.02237,46.0697],[8.03329,46.09938],[8.10805,46.11159],[8.11376,46.11777],[8.11497,46.13031],[8.12642,46.13546],[8.14157,46.13607],[8.15026,46.1413],[8.15407,46.1478],[8.1497,46.1585],[8.15058,46.16391],[8.16484,46.17684],[8.16545,46.18226],[8.15346,46.19165],[8.15124,46.20298],[8.139,46.22608],[8.12761,46.22831],[8.11564,46.23697],[8.11014,46.2493],[8.08761,46.25414],[8.08043,46.26077],[8.11342,46.28121],[8.12107,46.29202],[8.13771,46.30161],[8.14583,46.30195],[8.16136,46.29621],[8.20316,46.30427],[8.21172,46.30918],[8.21544,46.32006],[8.22331,46.32434],[8.2237,46.33364],[8.23507,46.34031],[8.24907,46.34048],[8.24956,46.34476],[8.25316,46.3463],[8.2617,46.34518],[8.25992,46.34875],[8.26552,46.3529],[8.26087,46.36048],[8.2634,46.36366],[8.27295,46.3667],[8.28378,46.36337],[8.30093,46.37436],[8.31235,46.37684],[8.31868,46.38629],[8.31419,46.38957],[8.3169,46.39724],[8.30974,46.4035],[8.30361,46.40248],[8.28969,46.40859],[8.30031,46.41935],[8.33687,46.43155],[8.3645,46.45114],[8.39355,46.45228],[8.40736,46.45861],[8.44654,46.46348],[8.46176,46.45081],[8.46582,46.44349],[8.45757,46.43479],[8.45756,46.42548],[8.45864,46.42053],[8.46853,46.41163],[8.46342,46.40564],[8.46747,46.39959],[8.46097,46.38654],[8.46637,46.38063],[8.46855,46.36487],[8.46202,46.35321],[8.46444,46.33299],[8.45368,46.32131],[8.44401,46.31964],[8.44013,46.30477],[8.42766,46.2984],[8.45625,46.26351],[8.44892,46.26105],[8.44249,46.25364],[8.44308,46.25022],[8.46457,46.2444],[8.46876,46.23349],[8.53258,46.21806],[8.54069,46.19767],[8.56372,46.18394],[8.57371,46.16438],[8.58804,46.15696],[8.60271,46.15525],[8.59488,46.14224],[8.61045,46.13204],[8.61171,46.12182],[8.64769,46.12317],[8.65829,46.11256],[8.66904,46.10908],[8.67929,46.11036],[8.6909,46.10206],[8.71482,46.09804],[8.70785,46.09081],[8.70548,46.08193],[8.71556,46.06227],[8.72064,46.04105],[8.72876,46.02923],[8.72803,46.02112],[8.7208,46.01229],[8.59384,45.92183],[8.57064,45.90003],[8.57051,45.88951],[8.59231,45.85245],[8.5952,45.83361],[8.58794,45.81893],[8.58008,45.81287],[8.56351,45.80724],[8.55556,45.80004],[8.55227,45.7881],[8.55567,45.77499],[8.58291,45.74867],[8.59375,45.73041],[8.607,45.72585],[8.64287,45.72316],[8.65343,45.71397],[8.65436,45.70788],[8.64043,45.68472],[8.6408,45.67681],[8.65743,45.67445],[8.6812,45.6764],[8.68198,45.66945],[8.67237,45.66632],[8.66983,45.66142],[8.68467,45.64688],[8.68818,45.63699],[8.67865,45.63363],[8.66566,45.64288],[8.66036,45.64186],[8.65894,45.63775],[8.66594,45.63032],[8.66309,45.62203],[8.68213,45.62034],[8.69386,45.60965],[8.68878,45.60823],[8.69186,45.6041],[8.69927,45.60171],[8.69983,45.60449],[8.70315,45.60006],[8.70444,45.58831],[8.69334,45.57778],[8.70553,45.56915],[8.70775,45.54752],[8.7194,45.53105],[8.71441,45.52788],[8.71307,45.52013],[8.72789,45.5024],[8.74071,45.49781],[8.76035,45.49685],[8.77349,45.4847],[8.78749,45.48623],[8.7908,45.47874],[8.78935,45.46198],[8.81007,45.44598],[8.81198,45.43897],[8.8081,45.43333],[8.82634,45.43259],[8.82287,45.42943],[8.82453,45.4195],[8.84219,45.39895],[8.8429,45.39384],[8.81123,45.38911],[8.8119,45.38327],[8.80154,45.37918],[8.79338,45.37896],[8.76543,45.38894],[8.76402,45.3773],[8.76089,45.37648],[8.74829,45.37438],[8.71908,45.37808],[8.72078,45.37043],[8.7467,45.35629],[8.76066,45.3557],[8.75873,45.35465],[8.76254,45.34862],[8.74375,45.3403],[8.74212,45.33206],[8.72477,45.33571],[8.72654,45.33289],[8.71612,45.30288],[8.70724,45.29856],[8.70398,45.30154],[8.69065,45.29253],[8.66659,45.29221],[8.65887,45.30367],[8.6632,45.30967],[8.65571,45.32568],[8.63167,45.33838],[8.62883,45.34986],[8.61178,45.35443],[8.60101,45.35107],[8.5869,45.35193],[8.57881,45.34723],[8.5572,45.3533],[8.55175,45.36132],[8.55038,45.3548],[8.52645,45.34255],[8.53311,45.33537],[8.5379,45.31725],[8.53116,45.31932],[8.52161,45.31228],[8.51354,45.31328],[8.49834,45.29223],[8.512,45.29102],[8.51595,45.28627],[8.51408,45.27432],[8.52325,45.27437],[8.52241,45.27914],[8.53511,45.2778],[8.53611,45.27222],[8.53071,45.26713],[8.53622,45.2627],[8.53305,45.25814],[8.54338,45.25328],[8.53601,45.24759],[8.53091,45.25369],[8.52277,45.25463],[8.52249,45.24924],[8.5378,45.24311],[8.55618,45.2414],[8.55536,45.23881],[8.54873,45.23796],[8.5291,45.23951],[8.54365,45.234],[8.53917,45.23014],[8.52708,45.22915],[8.52324,45.2216],[8.53659,45.21497],[8.54805,45.20412],[8.53224,45.19928],[8.52542,45.20199],[8.52451,45.19833],[8.52941,45.19345],[8.54648,45.19486],[8.5523,45.19642],[8.5506,45.20115],[8.55603,45.20486],[8.57779,45.20792],[8.58119,45.20223],[8.56303,45.19627],[8.54554,45.18294],[8.54293,45.17284],[8.555,45.16431],[8.55366,45.15786],[8.58,45.1527],[8.58647,45.14672],[8.59011,45.13302],[8.59903,45.13147],[8.61098,45.12363],[8.60909,45.10689],[8.62337,45.09835],[8.62202,45.09124],[8.62749,45.08826],[8.63549,45.08904],[8.64015,45.0767],[8.64599,45.07533],[8.6369,45.06653],[8.64469,45.06094],[8.64214,45.0605],[8.64695,45.05469],[8.63474,45.04096],[8.65226,45.03492],[8.65703,45.02843],[8.65188,45.02337],[8.65907,45.01798],[8.66562,45.02027],[8.67116,45.02717],[8.68128,45.02905],[8.692,45.02331],[8.70081,45.02652],[8.70251,45.03449],[8.71006,45.03829],[8.72666,45.02186],[8.74198,45.02435],[8.75054,45.02073],[8.75411,45.01533],[8.74817,45.01418],[8.74788,45.00915],[8.76017,45.01062],[8.77175,45.00678],[8.77827,45.01309],[8.7777,45.02373],[8.79804,45.02097],[8.80231,45.02607],[8.79437,45.03262],[8.79536,45.03528],[8.81272,45.03746],[8.82389,45.04659],[8.84212,45.04263],[8.84048,45.04817],[8.84268,45.05059],[8.8706,45.05199],[8.884,45.06087],[8.88769,45.05916],[8.88106,45.05408],[8.89807,45.05066],[8.90016,45.04362],[8.89508,45.04043],[8.90248,45.03612],[8.90476,45.02607],[8.90116,45.00819],[8.91057,44.99548],[8.9256,44.98216],[8.94859,44.98847],[8.96062,44.98728],[8.97812,44.96721],[8.9696,44.94351],[8.97715,44.9401],[8.98255,44.93164],[8.98821,44.93085],[8.99969,44.90932],[9.00617,44.90374],[9.0184,44.9008],[9.03036,44.8885],[9.0436,44.8848],[9.0559,44.88884],[9.07007,44.86468],[9.06758,44.86009],[9.049,44.84986],[9.06495,44.83272],[9.06411,44.83019],[9.07291,44.82803],[9.07543,44.8218],[9.07264,44.81709],[9.0799,44.8142],[9.09515,44.81903],[9.10317,44.81454],[9.10899,44.80544],[9.11898,44.80844],[9.13083,44.80573],[9.14647,44.80882],[9.15604,44.81536],[9.16098,44.81474],[9.15512,44.80941],[9.1735,44.79615],[9.17173,44.77168],[9.19416,44.75684],[9.21355,44.75235],[9.21111,44.732],[9.20283,44.72206],[9.20844,44.70292],[9.19914,44.68313],[9.20639,44.66079],[9.20361,44.65378],[9.19804,44.64984],[9.20024,44.61634],[9.20495,44.59854],[9.19831,44.59253],[9.18467,44.59203],[9.17402,44.58742],[9.15255,44.57422],[9.13519,44.57448],[9.1107,44.58197],[9.10238,44.59285],[9.10353,44.60939],[9.07585,44.6237],[9.05489,44.62138],[9.04391,44.61443],[9.04529,44.62751],[9.03876,44.64087],[9.03154,44.64241],[9.03325,44.64745],[9.02505,44.65053],[9.02111,44.66086],[9.01469,44.66607],[9.0067,44.66849],[8.99166,44.66231],[8.97252,44.66335],[8.95952,44.67602],[8.93114,44.67613],[8.90826,44.64682],[8.88262,44.63875],[8.88497,44.63175],[8.9034,44.62186],[8.90543,44.61524],[8.90937,44.61333],[8.90669,44.60467],[8.90764,44.59546],[8.91237,44.58907],[8.91135,44.58148],[8.92171,44.56711],[8.9175,44.56106],[8.89494,44.55537],[8.89114,44.55063],[8.88428,44.55233],[8.86861,44.56624],[8.86501,44.56587],[8.8629,44.56061],[8.82684,44.5618],[8.82221,44.55025],[8.82877,44.54307],[8.82373,44.53823],[8.80722,44.53499],[8.79908,44.53015],[8.79511,44.52186],[8.79665,44.50011],[8.78245,44.48836],[8.76694,44.49195],[8.77357,44.50393],[8.76898,44.5099],[8.76756,44.52496],[8.76047,44.53024],[8.75392,44.52412],[8.74981,44.52566],[8.75575,44.53061],[8.75698,44.53669],[8.7508,44.5434],[8.74995,44.54895],[8.73819,44.55177],[8.74027,44.55683],[8.73277,44.57043],[8.721,44.57987],[8.71408,44.58145],[8.69822,44.57942],[8.69005,44.58196],[8.68142,44.57488],[8.66676,44.58246],[8.66166,44.57921],[8.64677,44.58231],[8.63247,44.58046],[8.62386,44.58638],[8.61912,44.58265],[8.62017,44.57673],[8.61492,44.56859],[8.60976,44.57082],[8.60121,44.56824],[8.59782,44.55656],[8.61291,44.54712],[8.61237,44.5433],[8.60709,44.53754],[8.6007,44.53888],[8.5928,44.53518],[8.58669,44.52419],[8.578,44.52573],[8.57376,44.52332],[8.57171,44.51613],[8.57616,44.50923],[8.5597,44.50282],[8.54954,44.50399],[8.54366,44.512],[8.53478,44.51335],[8.51427,44.50988],[8.47807,44.51065],[8.47448,44.51199],[8.47498,44.51802],[8.47066,44.52248],[8.45301,44.50981],[8.4495,44.49739],[8.42603,44.50519],[8.41859,44.51328],[8.40388,44.50897],[8.40099,44.49338],[8.39075,44.48774],[8.39021,44.48425],[8.39445,44.48023],[8.39243,44.47705],[8.37492,44.47439],[8.37263,44.47032],[8.35953,44.465],[8.34918,44.48555],[8.32164,44.48802],[8.30455,44.50265],[8.27131,44.5068],[8.26822,44.514],[8.25278,44.52875],[8.23944,44.5194],[8.22416,44.51417],[8.2162,44.4973],[8.22327,44.48561],[8.21848,44.48183],[8.19733,44.47756],[8.19845,44.46964],[8.19574,44.46427],[8.21026,44.45552],[8.20715,44.44814],[8.22184,44.42956],[8.20828,44.41714],[8.20805,44.41034],[8.2035,44.40489],[8.18651,44.3953],[8.18126,44.39715],[8.16985,44.39255],[8.16193,44.38583],[8.14952,44.38479],[8.15036,44.37532],[8.14148,44.36807],[8.14864,44.35481],[8.14492,44.34578],[8.1385,44.34206],[8.13428,44.3321],[8.10644,44.33237],[8.10513,44.32657],[8.10907,44.31512],[8.10196,44.30093],[8.08452,44.3066],[8.07602,44.31396],[8.05974,44.3007],[8.06356,44.28827],[8.07604,44.28753],[8.08287,44.27784],[8.0907,44.2748],[8.08126,44.26203],[8.0631,44.25307],[8.0811,44.24004],[8.06721,44.2252],[8.06536,44.21694],[8.07465,44.20578],[8.08796,44.20316],[8.09553,44.19694],[8.09308,44.19212],[8.09717,44.17871],[8.07366,44.15873],[8.07481,44.15172],[8.0682,44.14498],[8.04293,44.14283],[8.02878,44.15409],[8.01184,44.1559],[7.97963,44.13846],[7.97893,44.13354],[7.99146,44.13228],[7.99173,44.12741],[8.00594,44.12616],[8.01199,44.12094],[8.00269,44.11663],[8.01559,44.1107],[8.00688,44.10259],[7.97153,44.1131],[7.96467,44.11091],[7.958,44.10369],[7.94237,44.10012],[7.9372,44.09975],[7.92596,44.1103],[7.88394,44.10466],[7.88079,44.1129],[7.86612,44.11816],[7.816,44.12307],[7.77514,44.13997],[7.76274,44.14088],[7.72423,44.1239],[7.7193,44.10448],[7.73202,44.08426],[7.75936,44.0843],[7.73789,44.07637],[7.7271,44.06012],[7.71433,44.06156],[7.71698,44.08332],[7.69043,44.10852],[7.67232,44.11984],[7.66643,44.13066],[7.67875,44.14663],[7.6705,44.15264],[7.67233,44.15965],[7.68465,44.17392],[7.67342,44.17729],[7.63603,44.17708],[7.62522,44.15608],[7.61738,44.14984],[7.56502,44.15234],[7.54867,44.14573],[7.53495,44.14744],[7.5214,44.1378],[7.50383,44.14366],[7.48306,44.13374],[7.4717,44.13333],[7.45996,44.12586],[7.42817,44.13041],[7.42585,44.11423],[7.42335,44.11332],[7.40342,44.11828],[7.39265,44.12556],[7.36658,44.1169],[7.35606,44.11672],[7.34062,44.14645],[7.31949,44.14339],[7.31054,44.14747],[7.30634,44.14407],[7.29134,44.14608],[7.2788,44.14128],[7.24842,44.15797],[7.24295,44.16592],[7.24392,44.17148],[7.23514,44.17494],[7.22852,44.16819],[7.21887,44.16856],[7.20386,44.18526],[7.1936,44.18683],[7.18867,44.1989],[7.18476,44.2006],[7.17637,44.19901],[7.1628,44.20803],[7.14275,44.20051],[7.11626,44.21632],[7.0972,44.22051],[7.08643,44.22931],[7.06963,44.23364],[7.03498,44.22397],[7.02808,44.23136],[7.00728,44.23599],[6.99671,44.25071],[6.99575,44.28014],[6.98099,44.28722],[6.97099,44.2845],[6.95834,44.29548],[6.95626,44.29824],[6.96071,44.3112],[6.95292,44.31924],[6.92678,44.33319],[6.92201,44.35173],[6.88723,44.36203],[6.88816,44.3674],[6.89464,44.37002],[6.89684,44.37474],[6.89782,44.40512],[6.89279,44.42023],[6.9138,44.4243],[6.92531,44.42267],[6.93249,44.42463],[6.93465,44.42994],[6.94734,44.42759],[6.9484,44.42983],[6.91301,44.45104],[6.90633,44.46783],[6.87617,44.48149],[6.87714,44.48812],[6.86679,44.49401],[6.8566,44.51373],[6.85505,44.53221],[6.87054,44.54037],[6.87892,44.55432],[6.91358,44.55866],[6.91637,44.56173],[6.91247,44.56852],[6.93324,44.57339],[6.93316,44.59355],[6.93771,44.60312],[6.94836,44.60803],[6.95085,44.61267],[6.94926,44.61764],[6.95228,44.62051],[6.9577,44.62216],[6.96734,44.61928],[6.96848,44.62633],[6.95492,44.6348],[6.94752,44.65358],[6.95929,44.66469],[6.95761,44.67042],[6.96268,44.67774],[6.97123,44.67757],[6.98892,44.69023],[6.99847,44.69062],[7.00345,44.68681],[7.02922,44.69161],[7.04894,44.68307],[7.07112,44.67987],[7.07616,44.68385],[7.07326,44.69594],[7.06769,44.70339],[7.06535,44.71383],[7.04248,44.71883],[7.03245,44.72788],[7.02367,44.7397],[7.02132,44.75181],[7.02472,44.76233],[7.01924,44.77596],[7.0113,44.78391],[7.00008,44.78905],[7.00939,44.79832],[7.02385,44.82333],[7.0097,44.82639],[7.00609,44.83997],[6.98268,44.84647],[6.97048,44.84626],[6.93151,44.86344],[6.92155,44.85054],[6.91129,44.84457],[6.86294,44.85072],[6.85483,44.85756],[6.83966,44.86005],[6.83001,44.8679],[6.80895,44.87547],[6.79263,44.88929],[6.785,44.8887],[6.77293,44.90261],[6.75084,44.90617],[6.75093,44.92411],[6.75999,44.93379],[6.75574,44.93774],[6.74622,44.93858],[6.75782,44.94821],[6.76555,44.96161],[6.76364,44.97145],[6.75043,44.97815],[6.74827,44.98524],[6.73756,44.99076],[6.73749,44.99355],[6.75131,44.99756],[6.74595,45.01386],[6.72459,45.02198],[6.6736,45.02004],[6.66454,45.03405],[6.66577,45.03976],[6.67077,45.04254],[6.66183,45.05399],[6.66226,45.07138],[6.64617,45.07502],[6.64444,45.08569],[6.62664,45.10332],[6.63478,45.11579],[6.64869,45.11511],[6.67306,45.12453],[6.68021,45.14041],[6.69253,45.13949],[6.71203,45.14477],[6.72504,45.13909],[6.7402,45.13697],[6.76916,45.15984],[6.8131,45.14853],[6.84114,45.13574],[6.84832,45.12731],[6.87238,45.13598],[6.89449,45.13747],[6.89792,45.14135],[6.8842,45.15605],[6.89352,45.16901],[6.90739,45.16629],[6.93198,45.1711],[6.94747,45.17047],[6.94321,45.1759],[6.95061,45.17997],[6.95872,45.19165],[6.96778,45.19565],[6.96062,45.20298],[6.96576,45.20772],[6.98909,45.21018],[7.00322,45.22006],[7.01962,45.21461],[7.0269,45.21562],[7.0421,45.2257],[7.05097,45.22571],[7.06699,45.21029],[7.08309,45.21635],[7.08426,45.22424],[7.10963,45.2455],[7.1243,45.244],[7.13692,45.25555],[7.13148,45.27401],[7.13605,45.27996]],[[8.04782,45.10787],[8.04485,45.11579],[8.04681,45.12815],[8.03077,45.12994],[8.02884,45.13272],[8.02396,45.13255],[8.02055,45.12687],[8.01444,45.12523],[8.00629,45.12866],[7.99235,45.12831],[7.98028,45.12383],[7.99007,45.11388],[8.0111,45.10244],[8.0221,45.10883],[8.04782,45.10787]]]}},{"type":"Feature","properties":{"terr":"Valle d'Aosta/Vall\u00e9e d'Aoste","key":"Valle d'Aosta/Vall\u00e9e d'Aoste"},"geometry":{"type":"Polygon","coordinates":[[[7.73455,45.92365],[7.74731,45.93776],[7.75369,45.93961],[7.76923,45.93685],[7.80009,45.91712],[7.8214,45.92686],[7.83692,45.92167],[7.85777,45.92087],[7.86405,45.91644],[7.86137,45.91041],[7.86561,45.87904],[7.86882,45.86772],[7.87592,45.86158],[7.87394,45.85316],[7.86671,45.84828],[7.86386,45.83958],[7.8735,45.82592],[7.86233,45.8199],[7.86662,45.80164],[7.86264,45.79216],[7.87342,45.77829],[7.88221,45.77238],[7.88086,45.76716],[7.88493,45.7602],[7.90016,45.74925],[7.929,45.74244],[7.92726,45.7347],[7.93662,45.72434],[7.9203,45.7019],[7.91148,45.7004],[7.90479,45.68473],[7.91114,45.67977],[7.91186,45.67068],[7.92162,45.66642],[7.92258,45.65807],[7.93938,45.64325],[7.93611,45.63569],[7.91504,45.63274],[7.89746,45.61252],[7.89589,45.60067],[7.90077,45.59172],[7.89579,45.59003],[7.89058,45.597],[7.87917,45.60016],[7.86228,45.59699],[7.84887,45.60226],[7.84144,45.59723],[7.82778,45.59707],[7.79567,45.58639],[7.79682,45.58272],[7.78532,45.57479],[7.75573,45.5637],[7.7327,45.55034],[7.71893,45.55889],[7.7032,45.55562],[7.68827,45.55735],[7.67679,45.55209],[7.64594,45.56899],[7.63404,45.57079],[7.60907,45.56288],[7.60621,45.57284],[7.59969,45.57809],[7.58156,45.58269],[7.56647,45.59162],[7.54792,45.5886],[7.53177,45.57679],[7.48932,45.58311],[7.46367,45.57399],[7.44864,45.56083],[7.44796,45.55557],[7.42217,45.54601],[7.40888,45.53521],[7.39579,45.53164],[7.39675,45.52851],[7.37724,45.5169],[7.3593,45.52587],[7.33376,45.52072],[7.32295,45.51445],[7.30117,45.51722],[7.2695,45.51468],[7.26373,45.49903],[7.24755,45.49407],[7.22266,45.47048],[7.20984,45.47256],[7.19946,45.48115],[7.16033,45.48659],[7.14358,45.47783],[7.13692,45.49086],[7.14366,45.49699],[7.13753,45.51626],[7.12633,45.5117],[7.12167,45.50624],[7.12125,45.4978],[7.11488,45.48709],[7.11451,45.4752],[7.10433,45.46696],[7.07555,45.47422],[7.04789,45.47248],[7.04461,45.47997],[7.05419,45.48838],[7.05319,45.49499],[7.04347,45.49771],[7.02067,45.49712],[6.99969,45.50457],[7.00478,45.51724],[6.99405,45.5288],[6.99266,45.53866],[6.99557,45.54483],[6.98963,45.56311],[6.99529,45.56849],[6.99503,45.57615],[6.98017,45.58418],[6.97786,45.58894],[6.98512,45.60802],[6.98419,45.62517],[6.99497,45.62897],[7.00136,45.6365],[7.0008,45.64026],[6.97367,45.64691],[6.96857,45.65451],[6.96086,45.65507],[6.93098,45.64705],[6.91521,45.65252],[6.91645,45.66025],[6.90602,45.6674],[6.90653,45.67524],[6.9028,45.68026],[6.89352,45.67596],[6.85406,45.68696],[6.84283,45.69742],[6.82784,45.70392],[6.81988,45.71851],[6.80863,45.72709],[6.81728,45.73975],[6.80554,45.7482],[6.80652,45.76177],[6.80133,45.78126],[6.80472,45.79127],[6.81223,45.79675],[6.8133,45.80755],[6.80939,45.82078],[6.81865,45.83621],[6.84311,45.84225],[6.8649,45.83319],[6.87411,45.8422],[6.87388,45.84612],[6.88018,45.84989],[6.89663,45.84267],[6.94065,45.84707],[6.95074,45.85883],[6.97727,45.86866],[6.99039,45.86814],[6.99768,45.87261],[7.0065,45.88662],[7.00335,45.89151],[7.0038,45.89922],[7.01841,45.9147],[7.03292,45.92143],[7.04469,45.92268],[7.06181,45.91241],[7.06524,45.89985],[7.09508,45.87592],[7.09487,45.87001],[7.10165,45.85904],[7.11827,45.85954],[7.13255,45.86777],[7.13509,45.8727],[7.15648,45.87934],[7.16449,45.87688],[7.16187,45.87104],[7.17533,45.86291],[7.19026,45.8586],[7.20028,45.86314],[7.19746,45.87037],[7.19976,45.87488],[7.21565,45.884],[7.21641,45.88875],[7.24841,45.89299],[7.25971,45.89037],[7.27697,45.90116],[7.28516,45.91556],[7.29298,45.92136],[7.30144,45.91756],[7.31595,45.91664],[7.31799,45.91177],[7.3242,45.91039],[7.34386,45.91525],[7.38586,45.89729],[7.3974,45.90554],[7.42716,45.91567],[7.44428,45.93148],[7.47417,45.93559],[7.47141,45.94727],[7.47813,45.95263],[7.50234,45.96066],[7.54101,45.95636],[7.54602,45.96208],[7.54159,45.97659],[7.54625,45.9845],[7.57144,45.98758],[7.57809,45.98625],[7.58162,45.97554],[7.58857,45.97075],[7.63922,45.97032],[7.65789,45.97663],[7.66371,45.97555],[7.68126,45.95718],[7.70255,45.95353],[7.70988,45.94826],[7.7073,45.9347],[7.71816,45.92461],[7.73455,45.92365]]]}},{"type":"Feature","properties":{"terr":"Lombardia","key":"Lombardia"},"geometry":{"type":"MultiPolygon","coordinates":[[[[8.57964,45.75172],[8.55632,45.77411],[8.55227,45.7881],[8.55828,45.80356],[8.58165,45.81366],[8.59203,45.82444],[8.5952,45.83361],[8.59231,45.85245],[8.57051,45.88951],[8.57064,45.90003],[8.59384,45.92183],[8.72643,46.01797],[8.72847,46.03022],[8.72064,46.04105],[8.71556,46.06227],[8.70556,46.08513],[8.72464,46.11017],[8.74269,46.12215],[8.76017,46.1017],[8.78342,46.09394],[8.79976,46.09458],[8.80615,46.10091],[8.83271,46.08345],[8.85205,46.07552],[8.85452,46.06163],[8.8443,46.04854],[8.83443,46.05135],[8.83085,46.04731],[8.83515,46.04373],[8.82991,46.04159],[8.82798,46.03332],[8.81968,46.02527],[8.80594,46.02161],[8.79206,46.00498],[8.7859,45.98902],[8.79096,45.98859],[8.79465,45.99209],[8.83128,45.98798],[8.86823,45.96039],[8.88286,45.95656],[8.89427,45.95847],[8.89872,45.94516],[8.89306,45.93134],[8.92461,45.90585],[8.92224,45.89494],[8.93216,45.88467],[8.93409,45.87006],[8.94306,45.87017],[8.9456,45.8672],[8.9343,45.86206],[8.919,45.84771],[8.91245,45.83028],[8.92012,45.83421],[8.92936,45.83331],[8.93409,45.83937],[8.94954,45.84348],[8.9698,45.83232],[8.9867,45.83832],[8.99749,45.83474],[8.99328,45.82263],[9.01277,45.8191],[9.03376,45.8226],[9.03123,45.82519],[9.03792,45.83585],[9.03585,45.84117],[9.04933,45.85224],[9.04847,45.86251],[9.05401,45.8729],[9.06555,45.87601],[9.07779,45.88559],[9.08876,45.90072],[9.08006,45.90043],[9.07496,45.9063],[9.07632,45.91144],[9.06724,45.91086],[9.06824,45.91319],[9.04895,45.92022],[9.04303,45.92674],[9.0194,45.92858],[9.02185,45.93765],[9.01294,45.94233],[9.01406,45.96016],[8.98877,45.97058],[9.02829,45.99366],[9.02246,46.01647],[9.0091,46.02717],[9.00897,46.03698],[9.01679,46.0497],[9.02208,46.05238],[9.04938,46.06241],[9.07337,46.06262],[9.07787,46.06532],[9.07876,46.07563],[9.08984,46.08849],[9.07163,46.11952],[9.09912,46.12724],[9.11299,46.13467],[9.1208,46.13461],[9.13444,46.15287],[9.15182,46.16121],[9.15957,46.17052],[9.18263,46.17052],[9.19353,46.1799],[9.19634,46.187],[9.19389,46.19402],[9.20097,46.20834],[9.21822,46.21466],[9.2213,46.22987],[9.23485,46.23384],[9.24762,46.23363],[9.25164,46.26549],[9.27401,46.29116],[9.28454,46.29695],[9.28146,46.30936],[9.28541,46.31466],[9.29449,46.31718],[9.30005,46.32659],[9.29181,46.33496],[9.2992,46.34385],[9.29574,46.35568],[9.28147,46.35888],[9.27668,46.36942],[9.27649,46.37423],[9.28434,46.38606],[9.27875,46.38876],[9.27571,46.39474],[9.28116,46.40063],[9.28064,46.41236],[9.27505,46.41856],[9.26921,46.41852],[9.24947,46.43116],[9.24747,46.43624],[9.24677,46.44693],[9.26561,46.45148],[9.27782,46.4616],[9.27378,46.46357],[9.27387,46.48223],[9.28237,46.49666],[9.30958,46.50447],[9.33483,46.50631],[9.33901,46.50411],[9.36468,46.50773],[9.37234,46.50369],[9.37371,46.49983],[9.36838,46.49403],[9.37556,46.48523],[9.38473,46.48227],[9.38943,46.47326],[9.41028,46.46655],[9.4238,46.47649],[9.42481,46.48952],[9.43393,46.49786],[9.44939,46.49972],[9.45329,46.5049],[9.45986,46.50662],[9.45926,46.48493],[9.44946,46.48337],[9.44978,46.47947],[9.46153,46.48021],[9.46351,46.4704],[9.45737,46.46319],[9.45906,46.44248],[9.45341,46.42053],[9.46106,46.41223],[9.46875,46.38869],[9.4616,46.37625],[9.49604,46.36404],[9.50832,46.3491],[9.51862,46.32723],[9.53713,46.30965],[9.54938,46.30234],[9.55953,46.30634],[9.5829,46.29448],[9.60986,46.29451],[9.61845,46.28744],[9.63508,46.28622],[9.64925,46.28976],[9.6757,46.30309],[9.68833,46.29368],[9.70306,46.29071],[9.7145,46.29307],[9.71801,46.30609],[9.72417,46.30973],[9.72613,46.3192],[9.72184,46.32821],[9.72712,46.33349],[9.72302,46.34045],[9.73728,46.35066],[9.74363,46.35152],[9.7647,46.33782],[9.77748,46.33496],[9.79153,46.34262],[9.82166,46.35161],[9.83871,46.36149],[9.85044,46.36464],[9.86962,46.36249],[9.90636,46.38088],[9.92536,46.36601],[9.93093,46.36805],[9.92983,46.37166],[9.93353,46.37454],[9.95266,46.37947],[9.95859,46.37812],[9.95541,46.37373],[9.96449,46.36341],[9.99635,46.35094],[9.99404,46.34142],[9.98489,46.33354],[9.98085,46.3236],[9.99468,46.31405],[9.9982,46.30477],[9.99161,46.29568],[9.99549,46.28546],[10.03011,46.27712],[10.05546,46.26292],[10.06053,46.24814],[10.04745,46.22874],[10.07084,46.21714],[10.08307,46.22645],[10.09452,46.22855],[10.12329,46.22377],[10.14568,46.23038],[10.15094,46.2397],[10.17634,46.25791],[10.17301,46.26544],[10.16143,46.27635],[10.15379,46.2931],[10.13956,46.29956],[10.13893,46.3047],[10.11714,46.31374],[10.10432,46.33354],[10.10777,46.35138],[10.12918,46.36123],[10.12607,46.37125],[10.1286,46.37836],[10.14212,46.38609],[10.16166,46.3875],[10.16394,46.3909],[10.16241,46.40446],[10.16668,46.40778],[10.16059,46.41581],[10.148,46.41923],[10.1431,46.42812],[10.13067,46.43187],[10.10673,46.42677],[10.10125,46.42233],[10.07959,46.42111],[10.07931,46.42346],[10.0605,46.42822],[10.05653,46.44056],[10.04052,46.44413],[10.04392,46.45484],[10.05336,46.46315],[10.0509,46.47209],[10.04304,46.47941],[10.04681,46.51058],[10.05404,46.52093],[10.0531,46.53146],[10.04365,46.53785],[10.04924,46.54391],[10.06645,46.55009],[10.07257,46.55949],[10.08314,46.56406],[10.08514,46.5676],[10.07937,46.57487],[10.09442,46.57689],[10.10109,46.58278],[10.10123,46.58959],[10.09725,46.59308],[10.10215,46.61077],[10.13017,46.6056],[10.19063,46.62609],[10.21354,46.61758],[10.21819,46.61963],[10.22296,46.62829],[10.24033,46.63507],[10.24342,46.6238],[10.25822,46.60986],[10.24225,46.59252],[10.244,46.5784],[10.25352,46.57183],[10.26913,46.5778],[10.28354,46.57122],[10.29588,46.55853],[10.29575,46.5504],[10.31539,46.54842],[10.32565,46.55171],[10.33823,46.54301],[10.34915,46.54904],[10.35221,46.55557],[10.37068,46.55385],[10.39756,46.54394],[10.41934,46.55105],[10.43656,46.5374],[10.45314,46.53055],[10.45794,46.51059],[10.47612,46.49553],[10.48453,46.4936],[10.49329,46.49811],[10.55196,46.49146],[10.56003,46.48275],[10.57708,46.47337],[10.60049,46.46866],[10.62184,46.44796],[10.61662,46.44364],[10.61972,46.43503],[10.61624,46.42878],[10.62107,46.41375],[10.63046,46.40255],[10.60747,46.37938],[10.56704,46.37793],[10.54664,46.36643],[10.54102,46.35523],[10.5195,46.35576],[10.51593,46.34636],[10.51571,46.34322],[10.52838,46.34122],[10.56562,46.32634],[10.56451,46.31362],[10.57957,46.29883],[10.55972,46.28305],[10.57567,46.27568],[10.58573,46.24534],[10.58075,46.23963],[10.56822,46.23372],[10.57041,46.22321],[10.54972,46.20553],[10.5414,46.18862],[10.55455,46.18027],[10.56539,46.16684],[10.55729,46.1596],[10.55432,46.14878],[10.54927,46.14643],[10.5495,46.11739],[10.5414,46.10302],[10.51718,46.08008],[10.49092,46.06681],[10.48095,46.05629],[10.47734,46.05132],[10.48137,46.04991],[10.48351,46.04377],[10.48471,46.02462],[10.48204,46.02124],[10.47082,46.02108],[10.45829,46.01043],[10.45719,45.99568],[10.45293,45.98962],[10.45341,45.97655],[10.48849,45.96935],[10.48987,45.96229],[10.48303,45.95193],[10.48471,45.94511],[10.49144,45.94195],[10.49124,45.93323],[10.50857,45.92357],[10.50769,45.90534],[10.50195,45.90035],[10.49508,45.89982],[10.49004,45.88461],[10.50231,45.87126],[10.50153,45.85855],[10.50591,45.84328],[10.50283,45.82973],[10.50857,45.82359],[10.52888,45.82655],[10.54363,45.81765],[10.53707,45.81056],[10.52971,45.80957],[10.52601,45.8057],[10.53319,45.80508],[10.53511,45.8017],[10.53088,45.79586],[10.53275,45.78806],[10.56347,45.78411],[10.58045,45.78889],[10.58218,45.7942],[10.60098,45.803],[10.63515,45.80667],[10.64141,45.80189],[10.65104,45.81249],[10.65475,45.82127],[10.65464,45.83263],[10.67572,45.83046],[10.69951,45.84166],[10.71101,45.83606],[10.72639,45.84237],[10.73555,45.84272],[10.74522,45.84044],[10.75635,45.83003],[10.76306,45.83996],[10.77463,45.84308],[10.79168,45.8331],[10.79689,45.83629],[10.80358,45.83441],[10.82539,45.83774],[10.84015,45.83276],[10.83247,45.81557],[10.80959,45.79836],[10.77199,45.75078],[10.70561,45.67641],[10.63104,45.60951],[10.62847,45.60206],[10.64301,45.45731],[10.64774,45.44854],[10.64341,45.44438],[10.62365,45.44362],[10.62725,45.43827],[10.64028,45.4435],[10.64945,45.44079],[10.65155,45.4279],[10.64387,45.41782],[10.65463,45.41582],[10.66523,45.42772],[10.69814,45.4229],[10.71579,45.41664],[10.71937,45.40596],[10.71684,45.39557],[10.70793,45.38501],[10.69774,45.38009],[10.70639,45.37],[10.71463,45.36793],[10.70365,45.35832],[10.68554,45.35368],[10.68676,45.34217],[10.70308,45.34136],[10.71497,45.33408],[10.71318,45.32369],[10.70638,45.3163],[10.72196,45.31883],[10.73048,45.31586],[10.7331,45.30545],[10.72835,45.2913],[10.73742,45.28724],[10.78282,45.31542],[10.81649,45.29408],[10.81687,45.28931],[10.84001,45.27289],[10.83998,45.26642],[10.84661,45.25657],[10.874,45.25243],[10.88191,45.24687],[10.89966,45.24692],[10.90209,45.23748],[10.93679,45.23294],[10.93075,45.22622],[10.93073,45.21801],[10.93498,45.2142],[10.94344,45.21128],[10.94696,45.20574],[10.96358,45.2054],[10.97636,45.19978],[10.98411,45.19978],[10.99712,45.18694],[10.99343,45.18013],[10.99888,45.16527],[10.99773,45.15785],[10.99269,45.15301],[10.99452,45.15036],[11.01024,45.14866],[11.02837,45.15924],[11.03228,45.14985],[11.04663,45.15314],[11.05015,45.14999],[11.04229,45.14395],[11.04385,45.13428],[11.0284,45.12673],[11.03072,45.12071],[11.0427,45.11169],[11.07294,45.09875],[11.0833,45.0997],[11.09757,45.09525],[11.0939,45.0999],[11.09489,45.10607],[11.10057,45.11273],[11.11436,45.10492],[11.1274,45.10323],[11.13482,45.10986],[11.13441,45.11669],[11.13874,45.12386],[11.14588,45.12601],[11.15924,45.11854],[11.18819,45.10969],[11.20343,45.11167],[11.20548,45.10949],[11.17751,45.09734],[11.17682,45.08849],[11.18837,45.08408],[11.17465,45.07449],[11.17528,45.06007],[11.21219,45.05748],[11.24044,45.04295],[11.2476,45.04446],[11.25948,45.05536],[11.2659,45.05622],[11.27046,45.04451],[11.26305,45.03294],[11.27128,45.02713],[11.27404,45.01826],[11.30874,45.01236],[11.33825,44.98942],[11.41614,44.96677],[11.42623,44.95983],[11.42674,44.95008],[11.42631,44.9521],[11.40882,44.95004],[11.39919,44.95483],[11.37819,44.95793],[11.36276,44.95547],[11.35716,44.95008],[11.32932,44.9607],[11.31246,44.95821],[11.30158,44.96236],[11.2968,44.95764],[11.28435,44.95661],[11.27226,44.93832],[11.26669,44.94399],[11.24621,44.95144],[11.23801,44.94505],[11.21312,44.94348],[11.20208,44.93949],[11.15854,44.93809],[11.15244,44.93324],[11.11802,44.95447],[11.07347,44.96295],[11.05954,44.94889],[10.99747,44.95509],[10.96716,44.93481],[10.95059,44.93333],[10.95137,44.92787],[10.94137,44.92191],[10.91696,44.92413],[10.89031,44.91244],[10.88789,44.91427],[10.89799,44.92181],[10.87663,44.91706],[10.87398,44.92183],[10.86963,44.92041],[10.86498,44.92357],[10.86539,44.92962],[10.84719,44.92674],[10.81975,44.93672],[10.74372,44.94908],[10.7428,44.95392],[10.74816,44.9627],[10.74146,44.9739],[10.74168,44.98035],[10.73644,44.98709],[10.7294,44.98669],[10.7319,44.99105],[10.7274,44.99203],[10.71216,44.98526],[10.71077,44.97309],[10.69474,44.96194],[10.68804,44.9656],[10.69596,44.97447],[10.68668,44.98659],[10.67979,44.97666],[10.66208,44.96708],[10.65033,44.94807],[10.63852,44.93846],[10.62788,44.9242],[10.62021,44.92463],[10.59883,44.91474],[10.56984,44.90834],[10.51985,44.91273],[10.49853,44.92473],[10.46094,44.93823],[10.43567,44.94314],[10.41677,44.97765],[10.40567,44.98449],[10.3898,44.98233],[10.36797,44.96736],[10.35883,44.96549],[10.34886,44.96858],[10.33077,44.9808],[10.3089,44.98738],[10.31001,44.99301],[10.30469,44.99904],[10.27447,44.99793],[10.26511,45.00478],[10.25586,45.01781],[10.21107,45.03403],[10.1873,45.02822],[10.17475,45.03425],[10.16875,45.04319],[10.15772,45.04408],[10.14673,45.03498],[10.10619,45.02213],[10.09288,45.02376],[10.0891,45.02719],[10.08413,45.03293],[10.08231,45.04661],[10.05022,45.04128],[10.05286,45.05059],[10.04695,45.05929],[10.04351,45.06308],[10.02967,45.06681],[10.02165,45.07589],[10.0295,45.08724],[10.02853,45.09623],[9.98547,45.13343],[9.97834,45.13374],[9.96642,45.12747],[9.93489,45.10393],[9.91849,45.0996],[9.91346,45.10465],[9.92707,45.12599],[9.92261,45.13594],[9.91369,45.13913],[9.88103,45.127],[9.87542,45.12171],[9.87783,45.11353],[9.90063,45.09544],[9.90102,45.08808],[9.89677,45.08054],[9.88065,45.07479],[9.86152,45.09356],[9.83836,45.09565],[9.83304,45.09181],[9.83139,45.08396],[9.83551,45.07188],[9.83376,45.06168],[9.82376,45.05259],[9.81656,45.05446],[9.81512,45.07642],[9.77896,45.08958],[9.76666,45.10727],[9.75754,45.11254],[9.74507,45.11094],[9.7531,45.0866],[9.74959,45.07784],[9.73783,45.0732],[9.72768,45.06214],[9.71499,45.05824],[9.68368,45.07034],[9.67689,45.07761],[9.65954,45.08209],[9.64231,45.08066],[9.63228,45.08627],[9.64092,45.11662],[9.63742,45.12549],[9.62935,45.13203],[9.61897,45.13355],[9.61196,45.1115],[9.60188,45.10414],[9.58745,45.09962],[9.58595,45.10499],[9.56858,45.10734],[9.5608,45.1225],[9.54866,45.13265],[9.53722,45.12605],[9.53575,45.122],[9.551,45.09079],[9.53342,45.0789],[9.52548,45.08014],[9.50891,45.0992],[9.49929,45.10392],[9.47141,45.0955],[9.43901,45.09345],[9.43896,45.08614],[9.4356,45.08183],[9.41074,45.08273],[9.41256,45.07891],[9.40591,45.07286],[9.3893,45.06405],[9.38794,45.06017],[9.37082,45.04815],[9.3762,45.04167],[9.36945,45.02373],[9.37561,45.01992],[9.36542,45.00267],[9.36079,44.99961],[9.35321,45.00102],[9.34545,44.99513],[9.33516,44.97374],[9.33755,44.96538],[9.32459,44.95605],[9.32182,44.9441],[9.31453,44.93682],[9.28683,44.93413],[9.28503,44.93177],[9.29166,44.92089],[9.28608,44.90321],[9.27741,44.89561],[9.29283,44.89032],[9.29011,44.88221],[9.30869,44.8759],[9.32239,44.87974],[9.32668,44.87251],[9.34168,44.86981],[9.34832,44.83977],[9.35827,44.82429],[9.3631,44.8224],[9.35419,44.81186],[9.32987,44.79999],[9.32153,44.80003],[9.31676,44.78395],[9.28697,44.7725],[9.28651,44.75868],[9.33258,44.73504],[9.32591,44.7231],[9.31258,44.7171],[9.30848,44.70563],[9.31701,44.69528],[9.32615,44.69381],[9.32464,44.69002],[9.30668,44.68816],[9.29851,44.68102],[9.29087,44.68092],[9.28302,44.68598],[9.25948,44.67995],[9.25394,44.69601],[9.23508,44.71636],[9.23205,44.70233],[9.24048,44.68831],[9.23709,44.68512],[9.21791,44.68347],[9.20032,44.6864],[9.20844,44.70292],[9.20283,44.72206],[9.21111,44.732],[9.21355,44.75235],[9.19416,44.75684],[9.17173,44.77168],[9.1735,44.79615],[9.15512,44.80941],[9.16098,44.81474],[9.15604,44.81536],[9.14647,44.80882],[9.13083,44.80573],[9.11898,44.80844],[9.10899,44.80544],[9.10317,44.81454],[9.09515,44.81903],[9.0799,44.8142],[9.07264,44.81709],[9.07543,44.8218],[9.07291,44.82803],[9.06411,44.83019],[9.06495,44.83272],[9.049,44.84986],[9.06758,44.86009],[9.07007,44.86468],[9.0559,44.88884],[9.0436,44.8848],[9.03036,44.8885],[9.0184,44.9008],[9.00617,44.90374],[8.99969,44.90932],[8.98821,44.93085],[8.98255,44.93164],[8.97715,44.9401],[8.9696,44.94351],[8.97812,44.96721],[8.96062,44.98728],[8.94859,44.98847],[8.9256,44.98216],[8.91057,44.99548],[8.90116,45.00819],[8.90476,45.02607],[8.90248,45.03612],[8.89508,45.04043],[8.90016,45.04362],[8.89872,45.04983],[8.88106,45.05408],[8.8874,45.0598],[8.88093,45.06026],[8.86569,45.05097],[8.84268,45.05059],[8.84048,45.04817],[8.84212,45.04263],[8.82389,45.04659],[8.81272,45.03746],[8.79621,45.03581],[8.79437,45.03262],[8.80231,45.02607],[8.79834,45.02112],[8.7921,45.01982],[8.7777,45.02373],[8.77827,45.01309],[8.77175,45.00678],[8.76017,45.01062],[8.74788,45.00915],[8.74817,45.01418],[8.75411,45.01533],[8.75054,45.02073],[8.74198,45.02435],[8.72666,45.02186],[8.71006,45.03829],[8.70251,45.03449],[8.70081,45.02652],[8.692,45.02331],[8.68128,45.02905],[8.67116,45.02717],[8.66562,45.02027],[8.65907,45.01798],[8.65188,45.02337],[8.65703,45.02843],[8.65226,45.03492],[8.63474,45.04096],[8.64695,45.05469],[8.64214,45.0605],[8.64469,45.06094],[8.6369,45.06653],[8.64599,45.07533],[8.64015,45.0767],[8.63549,45.08904],[8.62749,45.08826],[8.62202,45.09124],[8.62337,45.09835],[8.60909,45.10689],[8.61098,45.12363],[8.59903,45.13147],[8.59011,45.13302],[8.58647,45.14672],[8.58,45.1527],[8.55366,45.15786],[8.555,45.16431],[8.54293,45.17284],[8.54554,45.18294],[8.56303,45.19627],[8.58119,45.20223],[8.57779,45.20792],[8.55603,45.20486],[8.5506,45.20115],[8.5523,45.19642],[8.54648,45.19486],[8.52941,45.19345],[8.52451,45.19833],[8.52542,45.20199],[8.53224,45.19928],[8.54805,45.20412],[8.53659,45.21497],[8.52324,45.2216],[8.52708,45.22915],[8.53917,45.23014],[8.54365,45.234],[8.5291,45.23951],[8.54873,45.23796],[8.55536,45.23881],[8.55618,45.2414],[8.5378,45.24311],[8.52249,45.24924],[8.52277,45.25463],[8.53091,45.25369],[8.53601,45.24759],[8.54338,45.25328],[8.53305,45.25814],[8.53622,45.2627],[8.53071,45.26713],[8.53611,45.27222],[8.53511,45.2778],[8.52241,45.27914],[8.52325,45.27437],[8.51408,45.27432],[8.51595,45.28627],[8.512,45.29102],[8.49834,45.29223],[8.51354,45.31328],[8.52161,45.31228],[8.53116,45.31932],[8.5379,45.31725],[8.53311,45.33537],[8.52645,45.34255],[8.55038,45.3548],[8.55175,45.36132],[8.5572,45.3533],[8.57881,45.34723],[8.5869,45.35193],[8.60101,45.35107],[8.61178,45.35443],[8.62883,45.34986],[8.63167,45.33838],[8.65571,45.32568],[8.6632,45.30967],[8.65887,45.30367],[8.66659,45.29221],[8.69065,45.29253],[8.70398,45.30154],[8.70724,45.29856],[8.71612,45.30288],[8.72654,45.33289],[8.72477,45.33571],[8.74212,45.33206],[8.74375,45.3403],[8.76254,45.34862],[8.75873,45.35465],[8.76066,45.3557],[8.7467,45.35629],[8.72078,45.37043],[8.71908,45.37808],[8.74829,45.37438],[8.76089,45.37648],[8.76402,45.3773],[8.76543,45.38894],[8.79338,45.37896],[8.80154,45.37918],[8.8119,45.38327],[8.81123,45.38911],[8.8429,45.39384],[8.84219,45.39895],[8.82453,45.4195],[8.82287,45.42943],[8.82634,45.43259],[8.8081,45.43333],[8.81198,45.43897],[8.81007,45.44598],[8.78935,45.46198],[8.7908,45.47874],[8.78749,45.48623],[8.77349,45.4847],[8.76035,45.49685],[8.74071,45.49781],[8.72789,45.5024],[8.71307,45.52013],[8.71441,45.52788],[8.7194,45.53105],[8.70775,45.54752],[8.70553,45.56915],[8.69334,45.57778],[8.70444,45.58831],[8.70315,45.60006],[8.69983,45.60449],[8.69927,45.60171],[8.69186,45.6041],[8.68878,45.60823],[8.69386,45.60965],[8.68213,45.62034],[8.66309,45.62203],[8.66594,45.63032],[8.65894,45.63775],[8.66036,45.64186],[8.66566,45.64288],[8.67865,45.63363],[8.68818,45.63699],[8.68467,45.64688],[8.66983,45.66142],[8.67237,45.66632],[8.68198,45.66945],[8.6812,45.6764],[8.65743,45.67445],[8.6409,45.67653],[8.64144,45.68725],[8.65436,45.70788],[8.65179,45.71599],[8.64287,45.72316],[8.607,45.72585],[8.59375,45.73041],[8.57964,45.75172]],[[8.69752,45.84474],[8.68105,45.83515],[8.67035,45.8346],[8.65989,45.82765],[8.65864,45.82081],[8.66636,45.81993],[8.67212,45.81396],[8.69116,45.81278],[8.70584,45.83102],[8.71691,45.83433],[8.70187,45.83513],[8.69752,45.84474]]],[[[8.97382,45.98355],[8.97754,45.98302],[8.97619,45.97599],[8.97905,45.9706],[8.97609,45.96248],[8.95788,45.96474],[8.96685,45.98403],[8.97382,45.98355]]]]}},{"type":"Feature","properties":{"terr":"Veneto","key":"Veneto"},"geometry":{"type":"Polygon","coordinates":[[[10.63538,45.53543],[10.62847,45.60206],[10.63104,45.60951],[10.70561,45.67641],[10.77199,45.75078],[10.80959,45.79836],[10.83247,45.81557],[10.84015,45.83276],[10.8834,45.81697],[10.88759,45.81165],[10.87669,45.80323],[10.8728,45.78856],[10.88382,45.77934],[10.88498,45.77465],[10.86694,45.76424],[10.86263,45.74366],[10.85569,45.74239],[10.84993,45.73578],[10.84383,45.71859],[10.88958,45.71507],[10.91878,45.70055],[10.912,45.68831],[10.93746,45.67342],[10.9445,45.67407],[10.95133,45.6845],[10.962,45.68568],[10.9722,45.70182],[10.97494,45.69597],[10.96832,45.68012],[10.98634,45.68881],[10.99763,45.69703],[10.99898,45.70761],[11.00756,45.71042],[11.0119,45.71489],[11.01147,45.71895],[11.01702,45.71946],[11.01647,45.70573],[11.04138,45.70632],[11.05641,45.71847],[11.07384,45.70306],[11.0924,45.69515],[11.1214,45.69554],[11.12256,45.68909],[11.13851,45.69685],[11.13585,45.69958],[11.13866,45.70932],[11.1459,45.71695],[11.15319,45.71832],[11.17843,45.73807],[11.17506,45.74909],[11.18059,45.7658],[11.17355,45.78667],[11.17838,45.78811],[11.19007,45.78162],[11.20279,45.78337],[11.19351,45.79385],[11.18882,45.81357],[11.20313,45.82709],[11.21907,45.83272],[11.21845,45.84396],[11.22186,45.84896],[11.23932,45.85598],[11.24436,45.87695],[11.24065,45.87555],[11.23485,45.87966],[11.24644,45.88644],[11.25508,45.88401],[11.25463,45.89124],[11.24889,45.89918],[11.25697,45.90291],[11.26044,45.90921],[11.26124,45.91825],[11.25832,45.92068],[11.26994,45.91661],[11.2753,45.91969],[11.30289,45.91802],[11.30182,45.92469],[11.31302,45.92982],[11.31581,45.92345],[11.32417,45.91752],[11.34932,45.90953],[11.35069,45.91397],[11.34503,45.92094],[11.35806,45.92529],[11.36067,45.93477],[11.3583,45.94366],[11.38075,45.94267],[11.38331,45.95103],[11.37809,45.95637],[11.3724,45.97317],[11.37374,45.9835],[11.40015,45.9801],[11.44678,45.98089],[11.46805,45.99756],[11.48348,46.00067],[11.4912,46.00855],[11.5107,46.012],[11.51721,46.00918],[11.53891,46.0133],[11.55241,46.01177],[11.567,46.00574],[11.57723,46.00652],[11.58759,45.969],[11.59787,45.97207],[11.60909,45.96942],[11.62092,45.97156],[11.63068,45.96938],[11.62761,45.96064],[11.67323,45.96435],[11.6858,45.96929],[11.68232,45.97589],[11.68428,45.98408],[11.69,45.98881],[11.66665,46.0171],[11.68187,46.02842],[11.67304,46.02949],[11.66675,46.03795],[11.67883,46.04605],[11.70644,46.04599],[11.70389,46.05513],[11.6865,46.066],[11.682,46.08693],[11.68529,46.09357],[11.69185,46.09502],[11.70346,46.09049],[11.71802,46.10333],[11.75077,46.10514],[11.75869,46.0956],[11.77322,46.10669],[11.7801,46.1027],[11.81367,46.10227],[11.81896,46.10779],[11.89341,46.12115],[11.90558,46.1345],[11.90124,46.13663],[11.92177,46.14934],[11.91832,46.15527],[11.92186,46.16229],[11.92833,46.16657],[11.92863,46.1758],[11.9509,46.17027],[11.94947,46.18163],[11.96227,46.18786],[11.9626,46.19966],[11.93936,46.19882],[11.92777,46.20905],[11.92424,46.21717],[11.90957,46.22443],[11.91813,46.23838],[11.9291,46.24883],[11.89199,46.25263],[11.88494,46.26073],[11.88836,46.27251],[11.88525,46.27881],[11.8629,46.27133],[11.83802,46.27035],[11.82626,46.28497],[11.83353,46.29912],[11.84145,46.30634],[11.83137,46.31338],[11.83185,46.32515],[11.80281,46.33322],[11.80234,46.34287],[11.7795,46.35164],[11.77438,46.35824],[11.79217,46.36782],[11.80172,46.36491],[11.81418,46.36775],[11.81593,46.37461],[11.82017,46.37662],[11.83539,46.36622],[11.83204,46.38719],[11.84369,46.40992],[11.83822,46.41523],[11.8503,46.43419],[11.87088,46.43321],[11.88911,46.44274],[11.88683,46.46457],[11.87716,46.47178],[11.81731,46.47661],[11.81316,46.47814],[11.81039,46.48487],[11.81545,46.50032],[11.82831,46.50891],[11.85135,46.51784],[11.88497,46.52273],[11.91188,46.53296],[11.93389,46.5279],[11.94549,46.52942],[11.94953,46.53923],[11.96615,46.54468],[11.98756,46.5453],[11.99842,46.53286],[12.03418,46.57679],[12.04669,46.58472],[12.04962,46.59948],[12.04545,46.60795],[12.05302,46.61801],[12.06406,46.62169],[12.06923,46.64007],[12.07422,46.64262],[12.06655,46.65273],[12.06827,46.67507],[12.07551,46.67443],[12.08206,46.66747],[12.10746,46.65818],[12.111,46.65298],[12.14513,46.63407],[12.16109,46.63682],[12.17133,46.6341],[12.1822,46.62102],[12.19426,46.61933],[12.19224,46.59456],[12.20379,46.59928],[12.21242,46.60896],[12.24184,46.61632],[12.24465,46.6241],[12.26122,46.62912],[12.27007,46.62103],[12.28384,46.61793],[12.3055,46.61917],[12.31379,46.62333],[12.31602,46.62994],[12.3397,46.63138],[12.34674,46.62417],[12.3601,46.61948],[12.38516,46.62278],[12.38993,46.62739],[12.3784,46.63669],[12.37977,46.64291],[12.40546,46.64309],[12.43424,46.66828],[12.47759,46.67982],[12.4825,46.67688],[12.49629,46.67708],[12.50206,46.68046],[12.521,46.67649],[12.54631,46.65933],[12.56703,46.6508],[12.57813,46.65614],[12.60271,46.65559],[12.6244,46.6609],[12.63162,46.6604],[12.6341,46.65433],[12.64246,46.65193],[12.65797,46.65643],[12.6894,46.6561],[12.70078,46.65046],[12.71456,46.64831],[12.73198,46.63381],[12.70624,46.62078],[12.70858,46.60202],[12.68753,46.59986],[12.67455,46.5852],[12.66459,46.58197],[12.65679,46.57255],[12.64394,46.57605],[12.63704,46.57264],[12.6202,46.54377],[12.62153,46.52649],[12.63158,46.5089],[12.63002,46.50071],[12.65406,46.48439],[12.66236,46.46797],[12.65477,46.46546],[12.64235,46.47233],[12.62075,46.47537],[12.60607,46.46413],[12.59294,46.4714],[12.56995,46.47549],[12.54172,46.45891],[12.53084,46.46493],[12.52708,46.45946],[12.52794,46.45309],[12.50458,46.44001],[12.49248,46.42426],[12.49869,46.4122],[12.48198,46.40326],[12.46935,46.39008],[12.46419,46.38839],[12.45505,46.39167],[12.46294,46.36926],[12.42867,46.3516],[12.41737,46.35485],[12.42121,46.34258],[12.41146,46.33083],[12.39805,46.32855],[12.37812,46.33162],[12.35465,46.31968],[12.35083,46.29384],[12.32914,46.28212],[12.32275,46.27312],[12.32122,46.26446],[12.32398,46.25493],[12.32781,46.25388],[12.33833,46.23895],[12.34642,46.23925],[12.35999,46.229],[12.36574,46.22931],[12.37642,46.22294],[12.40168,46.229],[12.40871,46.22234],[12.40027,46.21126],[12.40627,46.20727],[12.44645,46.20777],[12.44229,46.19869],[12.44718,46.18841],[12.44726,46.17958],[12.465,46.16567],[12.49151,46.1569],[12.49581,46.15255],[12.49433,46.14826],[12.49883,46.13771],[12.4972,46.12976],[12.49189,46.12514],[12.49407,46.12091],[12.48443,46.10447],[12.46483,46.09276],[12.44285,46.0842],[12.43749,46.08483],[12.4172,46.0605],[12.40995,46.05915],[12.40508,46.04274],[12.39899,46.04142],[12.41528,46.02686],[12.41494,46.01998],[12.42373,45.99888],[12.42818,45.99576],[12.42233,45.95595],[12.42614,45.94701],[12.4535,45.94734],[12.4631,45.93452],[12.4747,45.92847],[12.506,45.92271],[12.50864,45.91042],[12.51582,45.9041],[12.52319,45.90309],[12.50703,45.89783],[12.53226,45.88193],[12.53709,45.86865],[12.52986,45.86361],[12.54961,45.8607],[12.55911,45.84599],[12.55445,45.84006],[12.54992,45.8395],[12.55408,45.82942],[12.5593,45.82592],[12.5653,45.83181],[12.57287,45.82437],[12.582,45.82423],[12.58764,45.81531],[12.59385,45.81518],[12.59565,45.81682],[12.59209,45.81987],[12.59739,45.82214],[12.59444,45.83077],[12.60568,45.83825],[12.61592,45.82947],[12.63142,45.83],[12.63773,45.81833],[12.654,45.80951],[12.65028,45.80367],[12.66165,45.79243],[12.66904,45.79089],[12.69502,45.80635],[12.72999,45.83728],[12.74286,45.82662],[12.7688,45.84524],[12.76608,45.84755],[12.7695,45.85048],[12.77982,45.85444],[12.8043,45.84462],[12.7986,45.83239],[12.80158,45.82316],[12.80858,45.82018],[12.81882,45.82432],[12.8189,45.83373],[12.82351,45.83676],[12.82878,45.83548],[12.83724,45.84127],[12.83687,45.84746],[12.86118,45.85079],[12.87498,45.85034],[12.87723,45.8432],[12.86967,45.83376],[12.89006,45.82047],[12.9008,45.8245],[12.91502,45.82462],[12.92051,45.83134],[12.9295,45.81735],[12.95207,45.82221],[12.95137,45.843],[12.96143,45.84687],[12.96718,45.83601],[12.97905,45.83404],[12.97088,45.82867],[12.97419,45.82336],[12.98207,45.8273],[12.97816,45.8241],[12.98132,45.81867],[12.99324,45.81501],[12.98838,45.80874],[12.98349,45.81489],[12.97874,45.81457],[12.9739,45.80664],[12.98236,45.79558],[12.99062,45.80084],[12.99127,45.79695],[12.98125,45.79295],[12.98123,45.78689],[12.99978,45.76759],[13.01204,45.76251],[13.0067,45.76061],[13.00119,45.74929],[13.01565,45.74134],[13.01565,45.73526],[13.00797,45.73104],[13.00831,45.72489],[13.01503,45.72445],[13.01643,45.73061],[13.02921,45.73617],[13.03016,45.72527],[13.04065,45.70603],[13.03684,45.69938],[13.04497,45.69383],[13.04976,45.69702],[13.05325,45.69452],[13.05046,45.68855],[13.0436,45.68549],[13.05425,45.67765],[13.06249,45.67917],[13.06677,45.67234],[13.06188,45.66292],[13.06337,45.65677],[13.08114,45.65882],[13.0871,45.65117],[13.10213,45.64191],[13.09768,45.63594],[13.0748,45.6323],[12.97812,45.62648],[12.91784,45.61263],[12.90836,45.61444],[12.88438,45.59688],[12.79917,45.56213],[12.73652,45.53173],[12.63203,45.49918],[12.5844,45.47874],[12.48027,45.44939],[12.4499,45.43701],[12.43493,45.426],[12.43621,45.42255],[12.4269,45.41797],[12.41148,45.42754],[12.39957,45.4298],[12.38078,45.41687],[12.36014,45.39609],[12.33068,45.35355],[12.32895,45.33753],[12.34276,45.33377],[12.32621,45.33231],[12.319,45.32023],[12.30601,45.28785],[12.30003,45.24913],[12.2959,45.24446],[12.29784,45.23482],[12.31427,45.23375],[12.3123,45.22871],[12.30202,45.22931],[12.29946,45.22162],[12.30625,45.19438],[12.3309,45.16371],[12.33469,45.16378],[12.32641,45.13193],[12.33723,45.08952],[12.36519,45.07238],[12.39353,45.0455],[12.44415,45.01321],[12.48514,44.99295],[12.50343,44.989],[12.50823,44.99145],[12.51457,44.98998],[12.54833,44.97424],[12.55409,44.96541],[12.50913,44.92644],[12.4942,44.89391],[12.46501,44.84373],[12.44785,44.83507],[12.42904,44.83093],[12.41498,44.81939],[12.42159,44.81229],[12.41519,44.80375],[12.39676,44.79068],[12.39811,44.79278],[12.35328,44.81703],[12.34614,44.82942],[12.34053,44.85007],[12.30193,44.85574],[12.29411,44.86036],[12.286,44.87237],[12.28187,44.91002],[12.29474,44.92741],[12.28185,44.94126],[12.25618,44.94253],[12.23881,44.93468],[12.22497,44.92298],[12.2112,44.92703],[12.18767,44.92643],[12.17068,44.94205],[12.15988,44.93766],[12.15803,44.93055],[12.14242,44.9279],[12.12247,44.94311],[12.11313,44.96037],[12.10123,44.96183],[12.09981,44.96608],[12.09156,44.97021],[12.07235,44.97204],[12.06106,44.96958],[12.04749,44.97696],[12.01545,44.97656],[11.96268,44.98683],[11.92638,44.97479],[11.89563,44.97792],[11.83793,44.97278],[11.80472,44.97696],[11.78383,44.96419],[11.74563,44.95733],[11.73997,44.94978],[11.74485,44.93497],[11.73407,44.92714],[11.71553,44.92634],[11.68752,44.91685],[11.67128,44.91476],[11.61959,44.88806],[11.59354,44.89089],[11.58469,44.91318],[11.56006,44.92051],[11.53413,44.93625],[11.4696,44.93637],[11.42749,44.92956],[11.42393,44.93789],[11.42759,44.95653],[11.42191,44.96383],[11.33825,44.98942],[11.30874,45.01236],[11.27404,45.01826],[11.27128,45.02713],[11.26305,45.03294],[11.27046,45.04451],[11.2659,45.05622],[11.25948,45.05536],[11.2476,45.04446],[11.24044,45.04295],[11.21219,45.05748],[11.17528,45.06007],[11.17465,45.07449],[11.18837,45.08408],[11.17682,45.08849],[11.17751,45.09734],[11.20548,45.10949],[11.20343,45.11167],[11.18819,45.10969],[11.15924,45.11854],[11.14644,45.12607],[11.13874,45.12386],[11.13441,45.11669],[11.13482,45.10986],[11.1274,45.10323],[11.11436,45.10492],[11.10214,45.11314],[11.09489,45.10607],[11.0939,45.0999],[11.09757,45.09525],[11.0833,45.0997],[11.07294,45.09875],[11.03971,45.11313],[11.0287,45.12305],[11.02893,45.12787],[11.04385,45.13428],[11.04229,45.14395],[11.04946,45.15069],[11.04663,45.15314],[11.03228,45.14985],[11.02837,45.15924],[11.01024,45.14866],[10.99452,45.15036],[10.99269,45.15301],[10.99773,45.15785],[10.99888,45.16527],[10.99343,45.18013],[10.99712,45.18694],[10.98411,45.19978],[10.97636,45.19978],[10.96358,45.2054],[10.94696,45.20574],[10.94344,45.21128],[10.93498,45.2142],[10.93073,45.21801],[10.93075,45.22622],[10.93679,45.23294],[10.90209,45.23748],[10.89966,45.24692],[10.88191,45.24687],[10.874,45.25243],[10.84661,45.25657],[10.83998,45.26642],[10.84001,45.27289],[10.81687,45.28931],[10.81649,45.29408],[10.78282,45.31542],[10.73742,45.28724],[10.72835,45.2913],[10.7331,45.30545],[10.73048,45.31586],[10.72196,45.31883],[10.70638,45.3163],[10.71318,45.32369],[10.71497,45.33408],[10.70308,45.34136],[10.68676,45.34217],[10.68554,45.35368],[10.70365,45.35832],[10.71463,45.36793],[10.70639,45.37],[10.69774,45.38009],[10.70793,45.38501],[10.71763,45.39669],[10.71951,45.40506],[10.71579,45.41664],[10.69861,45.42282],[10.66523,45.42772],[10.65463,45.41582],[10.64387,45.41782],[10.65155,45.4279],[10.64945,45.44079],[10.64028,45.4435],[10.62725,45.43827],[10.62365,45.44362],[10.64341,45.44438],[10.64774,45.44854],[10.64301,45.45731],[10.63538,45.53543]]]}},{"type":"Feature","properties":{"terr":"Friuli-Venezia Giulia","key":"Friuli-Venezia Giulia"},"geometry":{"type":"Polygon","coordinates":[[[13.51691,46.38301],[13.51734,46.37728],[13.48198,46.369],[13.47011,46.36114],[13.45207,46.36307],[13.43899,46.36021],[13.43683,46.35437],[13.44737,46.33638],[13.43902,46.32228],[13.42569,46.32255],[13.41814,46.31817],[13.41574,46.30967],[13.40662,46.30565],[13.4028,46.3],[13.37555,46.29822],[13.37836,46.29038],[13.38373,46.29062],[13.39187,46.27929],[13.39858,46.25341],[13.40992,46.24001],[13.42248,46.23439],[13.41507,46.21872],[13.41038,46.21737],[13.40965,46.21387],[13.42345,46.20634],[13.4463,46.21284],[13.44818,46.21618],[13.44488,46.22384],[13.45703,46.22642],[13.49552,46.22225],[13.49904,46.2193],[13.49715,46.21768],[13.503,46.21568],[13.51578,46.21506],[13.52906,46.21875],[13.5294,46.21225],[13.54572,46.21212],[13.56196,46.20408],[13.56695,46.18567],[13.57318,46.1842],[13.58871,46.19088],[13.59016,46.18807],[13.61453,46.18441],[13.63258,46.19074],[13.64572,46.18835],[13.6632,46.18012],[13.66417,46.1709],[13.65412,46.16194],[13.65206,46.14837],[13.64435,46.13752],[13.63437,46.13463],[13.60127,46.11239],[13.59582,46.10421],[13.58351,46.10062],[13.57082,46.08916],[13.55021,46.08207],[13.54412,46.08297],[13.52995,46.0677],[13.51429,46.06195],[13.50215,46.06234],[13.4965,46.05862],[13.49715,46.04834],[13.51002,46.04625],[13.50755,46.03348],[13.49429,46.01455],[13.48029,46.0117],[13.47619,46.00625],[13.50169,45.98047],[13.52609,45.97302],[13.52781,45.96706],[13.54098,45.96487],[13.54596,45.96597],[13.54735,45.96959],[13.56825,45.96808],[13.57795,45.98309],[13.58991,45.98967],[13.61519,45.98424],[13.6334,45.98948],[13.64289,45.983],[13.6395,45.98005],[13.6332,45.95024],[13.63755,45.93539],[13.61883,45.91708],[13.60923,45.89925],[13.59378,45.89076],[13.59684,45.88716],[13.59033,45.88832],[13.59307,45.87526],[13.58687,45.87081],[13.57716,45.85333],[13.57727,45.85788],[13.57273,45.84755],[13.57446,45.84308],[13.58779,45.83413],[13.59682,45.81919],[13.59629,45.80794],[13.60331,45.80425],[13.62727,45.79747],[13.6694,45.79964],[13.67588,45.79171],[13.68021,45.79299],[13.70906,45.77464],[13.72996,45.76664],[13.73707,45.76173],[13.73467,45.76016],[13.74615,45.75522],[13.75938,45.75573],[13.76738,45.75038],[13.78361,45.74823],[13.7963,45.7427],[13.81127,45.72283],[13.83371,45.70724],[13.83582,45.69835],[13.83171,45.69466],[13.83265,45.68956],[13.85813,45.66567],[13.87922,45.65201],[13.91885,45.63357],[13.90698,45.6251],[13.86875,45.60926],[13.86562,45.59669],[13.85351,45.5922],[13.85132,45.58492],[13.81053,45.58093],[13.78105,45.58412],[13.74716,45.59807],[13.72294,45.59471],[13.71929,45.60552],[13.73174,45.60887],[13.76542,45.60628],[13.78622,45.59954],[13.79941,45.60842],[13.80891,45.60674],[13.80401,45.61128],[13.77405,45.61277],[13.78425,45.61378],[13.77166,45.62522],[13.77816,45.63117],[13.77571,45.63556],[13.76648,45.63552],[13.76598,45.63047],[13.75685,45.62789],[13.75493,45.63124],[13.7624,45.63495],[13.7495,45.63557],[13.75382,45.63805],[13.74424,45.63913],[13.75505,45.64935],[13.75902,45.6457],[13.7691,45.65299],[13.76032,45.66339],[13.75334,45.68044],[13.73345,45.69619],[13.712,45.70234],[13.71222,45.71016],[13.67699,45.73696],[13.64178,45.75768],[13.63201,45.76822],[13.60288,45.77162],[13.58089,45.78176],[13.5796,45.77483],[13.56191,45.77842],[13.54176,45.80039],[13.53345,45.80473],[13.54815,45.79024],[13.54223,45.79284],[13.53003,45.78811],[13.53816,45.78195],[13.54125,45.78612],[13.5471,45.78578],[13.52571,45.77072],[13.52068,45.76182],[13.52584,45.7478],[13.51644,45.74427],[13.5265,45.73664],[13.55325,45.72947],[13.55216,45.72354],[13.53056,45.72335],[13.48563,45.70443],[13.47257,45.70422],[13.46108,45.71121],[13.46846,45.70358],[13.45415,45.68991],[13.42427,45.67724],[13.38941,45.67525],[13.36784,45.68295],[13.35318,45.67901],[13.34312,45.68052],[13.30505,45.69543],[13.29156,45.70407],[13.25412,45.71061],[13.2458,45.7195],[13.23333,45.71471],[13.18579,45.71115],[13.17096,45.70308],[13.15674,45.70266],[13.14882,45.69884],[13.15342,45.69651],[13.14813,45.68938],[13.10931,45.66288],[13.10079,45.64339],[13.0871,45.65117],[13.08114,45.65882],[13.06337,45.65677],[13.06188,45.66292],[13.06677,45.67234],[13.06249,45.67917],[13.05425,45.67765],[13.0436,45.68549],[13.05046,45.68855],[13.05325,45.69452],[13.04976,45.69702],[13.04497,45.69383],[13.03684,45.69938],[13.04065,45.70603],[13.03016,45.72527],[13.02921,45.73617],[13.01643,45.73061],[13.01503,45.72445],[13.00831,45.72489],[13.00797,45.73104],[13.01565,45.73526],[13.01565,45.74134],[13.00119,45.74929],[13.0067,45.76061],[13.01204,45.76251],[12.99978,45.76759],[12.98123,45.78689],[12.98125,45.79295],[12.99127,45.79695],[12.99062,45.80084],[12.98236,45.79558],[12.9739,45.80664],[12.97874,45.81457],[12.98349,45.81489],[12.98838,45.80874],[12.99324,45.81501],[12.98132,45.81867],[12.97816,45.8241],[12.98207,45.8273],[12.97419,45.82336],[12.97088,45.82867],[12.97905,45.83404],[12.96718,45.83601],[12.96143,45.84687],[12.95137,45.843],[12.95207,45.82221],[12.9295,45.81735],[12.92051,45.83134],[12.91502,45.82462],[12.9008,45.8245],[12.89006,45.82047],[12.86967,45.83376],[12.87723,45.8432],[12.87498,45.85034],[12.86118,45.85079],[12.83687,45.84746],[12.83724,45.84127],[12.82878,45.83548],[12.82351,45.83676],[12.8189,45.83373],[12.81882,45.82432],[12.80858,45.82018],[12.80158,45.82316],[12.7986,45.83239],[12.8043,45.84462],[12.77982,45.85444],[12.7695,45.85048],[12.76608,45.84755],[12.7688,45.84524],[12.74286,45.82662],[12.72999,45.83728],[12.69502,45.80635],[12.66968,45.79079],[12.66165,45.79243],[12.65028,45.80367],[12.654,45.80951],[12.63773,45.81833],[12.63142,45.83],[12.61592,45.82947],[12.60568,45.83825],[12.59444,45.83077],[12.59739,45.82214],[12.59209,45.81987],[12.59565,45.81682],[12.59385,45.81518],[12.58764,45.81531],[12.582,45.82423],[12.57287,45.82437],[12.5653,45.83181],[12.5593,45.82592],[12.55408,45.82942],[12.54992,45.8395],[12.55445,45.84006],[12.55911,45.84599],[12.54961,45.8607],[12.52986,45.86361],[12.53709,45.86865],[12.53226,45.88193],[12.50703,45.89783],[12.52319,45.90309],[12.51582,45.9041],[12.50864,45.91042],[12.506,45.92271],[12.4747,45.92847],[12.4631,45.93452],[12.45425,45.94711],[12.43476,45.94525],[12.42584,45.94735],[12.42229,45.95616],[12.42818,45.99576],[12.42373,45.99888],[12.41494,46.01998],[12.41528,46.02686],[12.39899,46.04142],[12.40508,46.04274],[12.40995,46.05915],[12.4172,46.0605],[12.43749,46.08483],[12.44285,46.0842],[12.46483,46.09276],[12.48443,46.10447],[12.49407,46.12091],[12.49189,46.12514],[12.4972,46.12976],[12.49883,46.13771],[12.49433,46.14826],[12.49581,46.15255],[12.49151,46.1569],[12.465,46.16567],[12.44726,46.17958],[12.44718,46.18841],[12.44229,46.19869],[12.44645,46.20777],[12.40627,46.20727],[12.40027,46.21126],[12.40871,46.22234],[12.40168,46.229],[12.37642,46.22294],[12.36574,46.22931],[12.35999,46.229],[12.34642,46.23925],[12.33771,46.23947],[12.32781,46.25388],[12.32398,46.25493],[12.32122,46.26446],[12.32275,46.27312],[12.32914,46.28212],[12.35083,46.29384],[12.35465,46.31968],[12.37812,46.33162],[12.39805,46.32855],[12.41146,46.33083],[12.42121,46.34258],[12.41737,46.35485],[12.42867,46.3516],[12.46294,46.36926],[12.45505,46.39167],[12.46419,46.38839],[12.46935,46.39008],[12.48198,46.40326],[12.49869,46.4122],[12.49248,46.42426],[12.50458,46.44001],[12.52794,46.45309],[12.52708,46.45946],[12.53084,46.46493],[12.54172,46.45891],[12.56995,46.47549],[12.59294,46.4714],[12.60607,46.46413],[12.62075,46.47537],[12.64235,46.47233],[12.65477,46.46546],[12.66236,46.46797],[12.65406,46.48439],[12.63002,46.50071],[12.63158,46.5089],[12.62153,46.52649],[12.61916,46.54004],[12.62873,46.5606],[12.63704,46.57264],[12.64394,46.57605],[12.65679,46.57255],[12.66459,46.58197],[12.67455,46.5852],[12.68753,46.59986],[12.70858,46.60202],[12.70472,46.6184],[12.70881,46.62351],[12.75972,46.6476],[12.79502,46.64252],[12.80285,46.63375],[12.81904,46.62825],[12.8309,46.63061],[12.83732,46.62743],[12.83365,46.61065],[12.84704,46.6058],[12.9287,46.61034],[12.94894,46.60262],[12.95659,46.60632],[12.98769,46.59943],[13.02143,46.60213],[13.02752,46.59835],[13.04592,46.59535],[13.08457,46.60171],[13.12514,46.5912],[13.16842,46.58883],[13.1788,46.57832],[13.19338,46.57264],[13.209,46.56911],[13.21801,46.57029],[13.23219,46.55927],[13.23253,46.55359],[13.25272,46.56057],[13.26956,46.56128],[13.30111,46.55828],[13.32018,46.55289],[13.34444,46.56986],[13.36388,46.57006],[13.37081,46.56731],[13.36852,46.57382],[13.37275,46.57936],[13.40876,46.571],[13.40793,46.56162],[13.42543,46.55791],[13.47488,46.55749],[13.5041,46.56608],[13.51243,46.55097],[13.51817,46.5473],[13.54404,46.55351],[13.561,46.55182],[13.5681,46.54687],[13.5699,46.53888],[13.57711,46.53803],[13.58711,46.54448],[13.59705,46.54576],[13.62717,46.54151],[13.67678,46.52325],[13.70642,46.52097],[13.71385,46.52308],[13.71678,46.50735],[13.70254,46.49877],[13.70634,46.48375],[13.70956,46.48108],[13.69547,46.46863],[13.69875,46.45649],[13.69369,46.44399],[13.68877,46.43987],[13.6834,46.43753],[13.65414,46.44226],[13.64838,46.44606],[13.59754,46.43925],[13.5787,46.42648],[13.57527,46.40886],[13.56677,46.39902],[13.55864,46.39862],[13.53858,46.38643],[13.51691,46.38301]]]}},{"type":"Feature","properties":{"terr":"Liguria","key":"Liguria"},"geometry":{"type":"MultiPolygon","coordinates":[[[[7.55166,43.89429],[7.56264,43.90066],[7.55971,43.91655],[7.5673,43.92378],[7.57185,43.93541],[7.56616,43.94337],[7.56882,43.9464],[7.57688,43.94978],[7.58177,43.94826],[7.5878,43.95542],[7.60888,43.95604],[7.63126,43.96442],[7.64223,43.97333],[7.6521,43.97352],[7.65587,43.97735],[7.65537,43.98493],[7.67034,43.99823],[7.66272,44.01637],[7.66303,44.02877],[7.69379,44.04007],[7.70283,44.0458],[7.70354,44.05158],[7.71166,44.0604],[7.72777,44.06028],[7.72972,44.06718],[7.73789,44.07637],[7.75909,44.08388],[7.73367,44.08331],[7.72188,44.09796],[7.72003,44.10994],[7.72793,44.12732],[7.73724,44.12803],[7.74602,44.13536],[7.76274,44.14088],[7.77514,44.13997],[7.816,44.12307],[7.86612,44.11816],[7.88079,44.1129],[7.88394,44.10466],[7.92596,44.1103],[7.9372,44.09975],[7.94237,44.10012],[7.958,44.10369],[7.96467,44.11091],[7.97153,44.1131],[8.00463,44.10233],[8.01085,44.10409],[8.01559,44.1107],[8.00269,44.11663],[8.01289,44.11966],[8.00594,44.12616],[7.99173,44.12741],[7.99146,44.13228],[7.97893,44.13354],[7.97963,44.13846],[7.98541,44.14277],[8.01184,44.1559],[8.02878,44.15409],[8.0445,44.14255],[8.07119,44.14693],[8.07481,44.15172],[8.07366,44.15873],[8.0972,44.17897],[8.09308,44.19212],[8.09553,44.19694],[8.08796,44.20316],[8.07465,44.20578],[8.06547,44.21656],[8.06721,44.2252],[8.0811,44.24004],[8.0631,44.25307],[8.08126,44.26203],[8.0907,44.2748],[8.08287,44.27784],[8.07604,44.28753],[8.06356,44.28827],[8.05974,44.3007],[8.07602,44.31396],[8.08452,44.3066],[8.10196,44.30093],[8.10907,44.31512],[8.10513,44.32657],[8.10644,44.33237],[8.13428,44.3321],[8.1385,44.34206],[8.14492,44.34578],[8.14864,44.35481],[8.14148,44.36807],[8.15036,44.37532],[8.14952,44.38479],[8.16193,44.38583],[8.18126,44.39715],[8.18651,44.3953],[8.20805,44.41034],[8.20828,44.41714],[8.2195,44.42629],[8.22136,44.43291],[8.20715,44.44814],[8.21026,44.45552],[8.19574,44.46427],[8.19845,44.46964],[8.19733,44.47756],[8.21848,44.48183],[8.22332,44.48567],[8.2162,44.4973],[8.22577,44.51539],[8.23944,44.5194],[8.25278,44.52875],[8.26822,44.514],[8.27131,44.5068],[8.30455,44.50265],[8.32164,44.48802],[8.34918,44.48555],[8.35953,44.465],[8.37263,44.47032],[8.37492,44.47439],[8.39243,44.47705],[8.39445,44.48023],[8.39021,44.48425],[8.39075,44.48774],[8.40099,44.49338],[8.40388,44.50897],[8.41859,44.51328],[8.42603,44.50519],[8.4495,44.49739],[8.45301,44.50981],[8.47066,44.52248],[8.47498,44.51802],[8.47448,44.51199],[8.47807,44.51065],[8.51427,44.50988],[8.53478,44.51335],[8.54366,44.512],[8.54954,44.50399],[8.5597,44.50282],[8.57616,44.50923],[8.57171,44.51613],[8.57376,44.52332],[8.578,44.52573],[8.58669,44.52419],[8.5928,44.53518],[8.6007,44.53888],[8.60709,44.53754],[8.61237,44.5433],[8.61291,44.54712],[8.59782,44.55656],[8.60121,44.56824],[8.60976,44.57082],[8.61492,44.56859],[8.62017,44.57673],[8.61912,44.58265],[8.62386,44.58638],[8.63247,44.58046],[8.64677,44.58231],[8.66166,44.57921],[8.66676,44.58246],[8.68142,44.57488],[8.69005,44.58196],[8.721,44.57987],[8.73277,44.57043],[8.74027,44.55683],[8.73819,44.55177],[8.74933,44.54985],[8.75698,44.53669],[8.75575,44.53061],[8.74981,44.52566],[8.75392,44.52412],[8.76047,44.53024],[8.76756,44.52496],[8.76898,44.5099],[8.77357,44.50393],[8.76694,44.49195],[8.78245,44.48836],[8.79665,44.50011],[8.79511,44.52186],[8.79908,44.53015],[8.80722,44.53499],[8.82373,44.53823],[8.82877,44.54307],[8.82221,44.55025],[8.82684,44.5618],[8.8629,44.56061],[8.86501,44.56587],[8.86861,44.56624],[8.88428,44.55233],[8.89114,44.55063],[8.89494,44.55537],[8.9175,44.56106],[8.92171,44.56711],[8.91135,44.58148],[8.91237,44.58907],[8.90764,44.59546],[8.90669,44.60467],[8.90937,44.61333],[8.90543,44.61524],[8.9034,44.62186],[8.88497,44.63175],[8.88262,44.63875],[8.90826,44.64682],[8.93114,44.67613],[8.95952,44.67602],[8.97252,44.66335],[8.99166,44.66231],[9.0067,44.66849],[9.01469,44.66607],[9.02111,44.66086],[9.02505,44.65053],[9.03325,44.64745],[9.03154,44.64241],[9.03876,44.64087],[9.04529,44.62751],[9.04391,44.61443],[9.05489,44.62138],[9.07585,44.6237],[9.10353,44.60939],[9.10238,44.59285],[9.1107,44.58197],[9.13767,44.57393],[9.15255,44.57422],[9.18352,44.59164],[9.19895,44.59278],[9.20495,44.59854],[9.20449,44.61496],[9.24481,44.61972],[9.25654,44.61059],[9.24625,44.59927],[9.28023,44.59617],[9.28506,44.59899],[9.28751,44.6076],[9.30041,44.60778],[9.30943,44.59638],[9.32782,44.58897],[9.34222,44.57778],[9.36105,44.58497],[9.38108,44.57675],[9.38937,44.59022],[9.39829,44.58742],[9.40262,44.59079],[9.40563,44.60081],[9.42131,44.5926],[9.41876,44.58511],[9.42308,44.57461],[9.42805,44.5746],[9.44023,44.56681],[9.47056,44.56607],[9.48414,44.56242],[9.49334,44.55588],[9.48818,44.54557],[9.49951,44.53888],[9.50461,44.52996],[9.50217,44.51276],[9.49463,44.5004],[9.4968,44.48273],[9.48225,44.47929],[9.46887,44.48188],[9.47024,44.47327],[9.46044,44.45659],[9.4582,44.4422],[9.44583,44.43842],[9.43916,44.42907],[9.43839,44.41854],[9.44278,44.41659],[9.47256,44.42428],[9.47219,44.41642],[9.47903,44.40926],[9.48363,44.41527],[9.48188,44.41709],[9.4939,44.4239],[9.53409,44.42926],[9.54524,44.42608],[9.55123,44.42808],[9.5522,44.43421],[9.55918,44.43814],[9.57782,44.4336],[9.58358,44.42724],[9.60003,44.43691],[9.60611,44.43533],[9.61186,44.42651],[9.63604,44.4139],[9.65503,44.41188],[9.66381,44.39875],[9.67498,44.36471],[9.7063,44.36619],[9.71746,44.35533],[9.72946,44.32833],[9.75311,44.32273],[9.76151,44.31413],[9.76542,44.30433],[9.78853,44.29436],[9.80571,44.2828],[9.81478,44.28621],[9.82184,44.28128],[9.83533,44.27887],[9.83944,44.2721],[9.85266,44.27021],[9.86112,44.25121],[9.85703,44.23403],[9.86346,44.2282],[9.87536,44.22394],[9.85755,44.19351],[9.86496,44.18071],[9.87441,44.1953],[9.8922,44.20549],[9.89121,44.20781],[9.90851,44.20977],[9.90949,44.20411],[9.91451,44.1996],[9.93401,44.19662],[9.92812,44.19561],[9.89295,44.1665],[9.89786,44.16359],[9.92015,44.16983],[9.92812,44.1662],[9.94466,44.16802],[9.95467,44.1649],[9.96647,44.16943],[9.97403,44.16693],[9.97901,44.16103],[9.97641,44.15178],[9.97925,44.14617],[9.97635,44.13955],[9.9836,44.12476],[9.99535,44.11789],[9.99407,44.10576],[9.98345,44.09888],[9.99332,44.09268],[10.00381,44.10947],[10.02195,44.11962],[10.04738,44.11512],[10.06926,44.098],[10.07102,44.09367],[10.04888,44.07189],[10.02869,44.05917],[10.01877,44.04448],[10.00604,44.05004],[9.99411,44.05087],[9.98534,44.04586],[9.97759,44.03549],[9.96348,44.0375],[9.93968,44.05411],[9.92529,44.06011],[9.92592,44.06286],[9.92001,44.06699],[9.90919,44.07046],[9.90961,44.07903],[9.90678,44.08142],[9.881,44.08108],[9.87871,44.08776],[9.86489,44.09222],[9.85189,44.11005],[9.84853,44.11],[9.84583,44.10464],[9.84381,44.10926],[9.8352,44.10944],[9.82465,44.10226],[9.8257,44.0992],[9.8212,44.09552],[9.81686,44.09749],[9.81547,44.10339],[9.81094,44.10181],[9.82389,44.0827],[9.82641,44.08327],[9.83918,44.06573],[9.84456,44.0669],[9.84728,44.06123],[9.83262,44.05008],[9.82089,44.05875],[9.79726,44.06517],[9.76587,44.08327],[9.76078,44.08335],[9.75738,44.09084],[9.73953,44.09153],[9.72564,44.11249],[9.66747,44.14298],[9.64406,44.14426],[9.63546,44.13352],[9.60917,44.15659],[9.60766,44.16395],[9.61009,44.16672],[9.60714,44.17081],[9.59089,44.17344],[9.56898,44.18221],[9.56656,44.18432],[9.56966,44.19084],[9.56578,44.19383],[9.55285,44.20287],[9.5293,44.20747],[9.51058,44.21705],[9.5014,44.22254],[9.49553,44.23469],[9.48816,44.2391],[9.48035,44.24072],[9.47206,44.23379],[9.45264,44.24016],[9.44517,44.2388],[9.43272,44.2535],[9.42365,44.25799],[9.41714,44.25977],[9.40838,44.2541],[9.40314,44.25528],[9.39061,44.28073],[9.37694,44.29051],[9.33421,44.3099],[9.33451,44.30696],[9.34314,44.30347],[9.33378,44.3069],[9.33316,44.31134],[9.31773,44.31163],[9.32153,44.31387],[9.30705,44.32141],[9.24566,44.34104],[9.23423,44.34839],[9.22975,44.34809],[9.22516,44.34116],[9.22579,44.3352],[9.21374,44.3336],[9.21651,44.32253],[9.21407,44.31289],[9.209,44.31062],[9.21755,44.2985],[9.15226,44.31713],[9.14882,44.32463],[9.15416,44.33324],[9.15509,44.34771],[9.1401,44.36113],[9.12682,44.36198],[9.09903,44.37185],[9.08705,44.37195],[9.05836,44.38066],[9.00921,44.38483],[8.98396,44.392],[8.97399,44.38951],[8.95197,44.39126],[8.93132,44.39641],[8.92401,44.41416],[8.91217,44.41231],[8.91001,44.40703],[8.9186,44.40393],[8.91651,44.39856],[8.88697,44.40738],[8.87137,44.40523],[8.82185,44.41492],[8.823,44.41781],[8.84106,44.41516],[8.85237,44.419],[8.83581,44.42389],[8.83065,44.42346],[8.83129,44.421],[8.83015,44.42417],[8.78258,44.42595],[8.79773,44.42222],[8.79628,44.41726],[8.77561,44.42038],[8.76083,44.42624],[8.74378,44.42698],[8.69293,44.40835],[8.68646,44.40325],[8.68666,44.3977],[8.67975,44.39328],[8.6402,44.38652],[8.62435,44.37186],[8.59335,44.36064],[8.57248,44.35766],[8.56622,44.35336],[8.56835,44.34982],[8.57064,44.35081],[8.56304,44.34628],[8.55057,44.34408],[8.52627,44.33137],[8.50935,44.32845],[8.48503,44.30986],[8.48682,44.30765],[8.48596,44.30956],[8.50034,44.31662],[8.49309,44.30728],[8.45106,44.28797],[8.44137,44.27612],[8.44043,44.27026],[8.44306,44.26463],[8.45633,44.2584],[8.44282,44.23743],[8.42805,44.233],[8.41592,44.22128],[8.41669,44.20144],[8.42531,44.19712],[8.42476,44.19498],[8.39907,44.18111],[8.37143,44.17793],[8.36808,44.17434],[8.32907,44.16126],[8.29468,44.15345],[8.26907,44.13932],[8.23171,44.09233],[8.2265,44.0789],[8.22605,44.04401],[8.20834,44.03475],[8.17881,44.01128],[8.16312,43.9926],[8.1599,43.97356],[8.17319,43.95931],[8.17371,43.95475],[8.1403,43.94657],[8.12829,43.92691],[8.09172,43.91562],[8.07931,43.90528],[8.07728,43.90116],[8.0802,43.89709],[8.07114,43.89052],[8.02971,43.8842],[8.01501,43.87201],[7.97035,43.86061],[7.96561,43.85209],[7.94931,43.84704],[7.921,43.8444],[7.90783,43.83726],[7.87211,43.83607],[7.84707,43.82879],[7.83304,43.81643],[7.80486,43.82325],[7.78434,43.81951],[7.77871,43.81478],[7.75328,43.80713],[7.73908,43.79556],[7.71271,43.80113],[7.7,43.79865],[7.67322,43.77603],[7.57539,43.79286],[7.55969,43.78849],[7.55574,43.77978],[7.5296,43.78425],[7.51091,43.82486],[7.50807,43.84167],[7.49897,43.84613],[7.49569,43.86089],[7.50348,43.87518],[7.51517,43.88383],[7.53815,43.89338],[7.55166,43.89429]]],[[[8.22924,44.02516],[8.2255,44.02346],[8.22408,44.02613],[8.22924,44.02516]]],[[[8.88404,44.40247],[8.91675,44.39666],[8.87572,44.40388],[8.88404,44.40247]]],[[[8.80046,44.41645],[8.79512,44.41198],[8.76974,44.41579],[8.79504,44.41216],[8.8105,44.42221],[8.80046,44.41645]]],[[[9.84715,44.03347],[9.83324,44.04713],[9.85531,44.05091],[9.84715,44.03347]]]]}},{"type":"Feature","properties":{"terr":"Emilia-Romagna","key":"Emilia-Romagna"},"geometry":{"type":"MultiPolygon","coordinates":[[[[9.33258,44.73504],[9.28651,44.75868],[9.28697,44.7725],[9.31676,44.78395],[9.32153,44.80003],[9.32987,44.79999],[9.35419,44.81186],[9.3631,44.8224],[9.35827,44.82429],[9.34832,44.83977],[9.34168,44.86981],[9.32668,44.87251],[9.32239,44.87974],[9.30869,44.8759],[9.29011,44.88221],[9.29283,44.89032],[9.27741,44.89561],[9.28608,44.90321],[9.29166,44.92089],[9.28503,44.93177],[9.28683,44.93413],[9.31453,44.93682],[9.32182,44.9441],[9.32459,44.95605],[9.33755,44.96538],[9.33516,44.97374],[9.34545,44.99513],[9.35321,45.00102],[9.36079,44.99961],[9.36542,45.00267],[9.37561,45.01992],[9.36945,45.02373],[9.3762,45.04167],[9.37082,45.04815],[9.38794,45.06017],[9.3893,45.06405],[9.40591,45.07286],[9.41256,45.07891],[9.41074,45.08273],[9.4356,45.08183],[9.43896,45.08614],[9.43901,45.09345],[9.47141,45.0955],[9.49929,45.10392],[9.50891,45.0992],[9.52548,45.08014],[9.53342,45.0789],[9.551,45.09079],[9.53575,45.122],[9.53722,45.12605],[9.54866,45.13265],[9.5608,45.1225],[9.56858,45.10734],[9.58595,45.10499],[9.58745,45.09962],[9.60188,45.10414],[9.61196,45.1115],[9.61897,45.13355],[9.62935,45.13203],[9.63742,45.12549],[9.64092,45.11662],[9.63228,45.08627],[9.64231,45.08066],[9.65954,45.08209],[9.67689,45.07761],[9.68368,45.07034],[9.71499,45.05824],[9.72768,45.06214],[9.73783,45.0732],[9.74959,45.07784],[9.7531,45.0866],[9.74507,45.11094],[9.75754,45.11254],[9.76666,45.10727],[9.77896,45.08958],[9.81512,45.07642],[9.81656,45.05446],[9.82376,45.05259],[9.83376,45.06168],[9.83551,45.07188],[9.83139,45.08396],[9.83304,45.09181],[9.83836,45.09565],[9.86152,45.09356],[9.88065,45.07479],[9.89677,45.08054],[9.90102,45.08808],[9.90063,45.09544],[9.87783,45.11353],[9.87542,45.12171],[9.88103,45.127],[9.91369,45.13913],[9.92261,45.13594],[9.92707,45.12599],[9.91346,45.10465],[9.91849,45.0996],[9.93489,45.10393],[9.96642,45.12747],[9.97834,45.13374],[9.98547,45.13343],[10.02853,45.09623],[10.0295,45.08724],[10.02165,45.07589],[10.02967,45.06681],[10.04351,45.06308],[10.04695,45.05929],[10.05286,45.05059],[10.05022,45.04128],[10.08231,45.04661],[10.08413,45.03293],[10.09288,45.02376],[10.10619,45.02213],[10.14673,45.03498],[10.15504,45.04301],[10.161,45.04438],[10.17061,45.04205],[10.17475,45.03425],[10.1873,45.02822],[10.21107,45.03403],[10.25586,45.01781],[10.26511,45.00478],[10.27447,44.99793],[10.30469,44.99904],[10.31001,44.99301],[10.3089,44.98738],[10.33077,44.9808],[10.35528,44.96616],[10.36529,44.9661],[10.3917,44.98301],[10.408,44.98384],[10.41677,44.97765],[10.43184,44.94707],[10.43776,44.94205],[10.463,44.93754],[10.50432,44.92243],[10.51985,44.91273],[10.56703,44.9084],[10.59883,44.91474],[10.62021,44.92463],[10.62788,44.9242],[10.63852,44.93846],[10.65033,44.94807],[10.66208,44.96708],[10.67979,44.97666],[10.68668,44.98659],[10.69596,44.97447],[10.68804,44.9656],[10.69474,44.96194],[10.71077,44.97309],[10.71216,44.98526],[10.7274,44.99203],[10.7319,44.99105],[10.7294,44.98669],[10.73644,44.98709],[10.74168,44.98035],[10.74146,44.9739],[10.74816,44.9627],[10.7428,44.95392],[10.74372,44.94908],[10.81975,44.93672],[10.84719,44.92674],[10.86539,44.92962],[10.86498,44.92357],[10.86963,44.92041],[10.87398,44.92183],[10.87663,44.91706],[10.89799,44.92181],[10.88789,44.91427],[10.89031,44.91244],[10.91696,44.92413],[10.94137,44.92191],[10.95137,44.92787],[10.95059,44.93333],[10.96716,44.93481],[10.99747,44.95509],[11.05954,44.94889],[11.07347,44.96295],[11.11802,44.95447],[11.15244,44.93324],[11.15854,44.93809],[11.20208,44.93949],[11.21312,44.94348],[11.23801,44.94505],[11.24621,44.95144],[11.26669,44.94399],[11.27226,44.93832],[11.28435,44.95661],[11.2968,44.95764],[11.30158,44.96236],[11.31246,44.95821],[11.32932,44.9607],[11.35716,44.95008],[11.36276,44.95547],[11.37819,44.95793],[11.39919,44.95483],[11.40882,44.95004],[11.42631,44.9521],[11.424,44.93656],[11.42937,44.92905],[11.4696,44.93637],[11.53413,44.93625],[11.56006,44.92051],[11.58469,44.91318],[11.59354,44.89089],[11.61737,44.88803],[11.62481,44.88922],[11.67128,44.91476],[11.68752,44.91685],[11.71553,44.92634],[11.73407,44.92714],[11.74485,44.93497],[11.73997,44.94978],[11.74563,44.95733],[11.78383,44.96419],[11.80647,44.97716],[11.83793,44.97278],[11.89563,44.97792],[11.92638,44.97479],[11.96268,44.98683],[12.01545,44.97656],[12.04749,44.97696],[12.06106,44.96958],[12.07235,44.97204],[12.09156,44.97021],[12.09981,44.96608],[12.10123,44.96183],[12.11313,44.96037],[12.12247,44.94311],[12.14242,44.9279],[12.15803,44.93055],[12.15988,44.93766],[12.17068,44.94205],[12.18767,44.92643],[12.2112,44.92703],[12.22497,44.92298],[12.23881,44.93468],[12.25618,44.94253],[12.27616,44.94329],[12.28312,44.94031],[12.29474,44.92741],[12.28187,44.91002],[12.286,44.87237],[12.29411,44.86036],[12.30193,44.85574],[12.34053,44.85007],[12.34614,44.82942],[12.35519,44.81508],[12.39811,44.79278],[12.39071,44.78625],[12.37603,44.78352],[12.3287,44.7871],[12.31714,44.79058],[12.31397,44.79288],[12.34496,44.78687],[12.35082,44.7886],[12.32667,44.7964],[12.36959,44.78617],[12.38019,44.78547],[12.38765,44.78973],[12.37275,44.79222],[12.37317,44.79619],[12.35138,44.81085],[12.35546,44.81228],[12.3504,44.81725],[12.34537,44.81946],[12.33975,44.81746],[12.33301,44.82877],[12.31661,44.83853],[12.3086,44.84231],[12.28753,44.84223],[12.25778,44.81519],[12.26775,44.8086],[12.26631,44.80435],[12.28043,44.81698],[12.28607,44.81722],[12.27524,44.80663],[12.24831,44.76277],[12.24085,44.71034],[12.2411,44.68669],[12.24587,44.67644],[12.25091,44.67617],[12.25078,44.66106],[12.25942,44.64186],[12.2752,44.61959],[12.28178,44.59373],[12.27969,44.51949],[12.28314,44.50311],[12.29173,44.48833],[12.28589,44.48594],[12.28926,44.46306],[12.31613,44.40409],[12.32777,44.35268],[12.34143,44.32197],[12.3572,44.27055],[12.36787,44.24941],[12.39336,44.212],[12.40392,44.2069],[12.42836,44.18],[12.52143,44.1011],[12.55653,44.07802],[12.56398,44.07592],[12.57547,44.07851],[12.63225,44.02507],[12.6882,43.98712],[12.71371,43.97433],[12.73709,43.96833],[12.75062,43.96854],[12.75444,43.96492],[12.75564,43.96195],[12.72791,43.92418],[12.73005,43.91311],[12.72712,43.9117],[12.73483,43.89602],[12.72265,43.88057],[12.73399,43.87026],[12.72363,43.86124],[12.70087,43.85856],[12.69666,43.85268],[12.6823,43.8528],[12.67916,43.84126],[12.68132,43.82807],[12.67346,43.82389],[12.64446,43.82689],[12.6288,43.82095],[12.62327,43.82115],[12.61123,43.83078],[12.61017,43.83694],[12.6189,43.84263],[12.61585,43.84647],[12.60559,43.84526],[12.601,43.85051],[12.60378,43.85565],[12.60256,43.86343],[12.58936,43.86525],[12.59302,43.87316],[12.58949,43.88564],[12.5659,43.88224],[12.56245,43.86982],[12.54169,43.86403],[12.53413,43.87057],[12.51912,43.87514],[12.51817,43.88104],[12.49934,43.8736],[12.48794,43.88422],[12.48709,43.89427],[12.49332,43.91014],[12.49241,43.91828],[12.51567,43.94153],[12.51366,43.94957],[12.50679,43.95785],[12.50656,43.97093],[12.51585,43.98477],[12.51428,43.99088],[12.50947,43.9912],[12.49256,43.98297],[12.46363,43.97469],[12.43687,43.95662],[12.41194,43.9522],[12.40459,43.9557],[12.40482,43.94404],[12.41168,43.93891],[12.41525,43.93074],[12.40827,43.92152],[12.4125,43.9094],[12.40836,43.90297],[12.41768,43.89905],[12.4268,43.90379],[12.44369,43.90498],[12.45112,43.89568],[12.46239,43.89377],[12.46311,43.8896],[12.45776,43.88011],[12.44569,43.87081],[12.4323,43.87486],[12.43017,43.87168],[12.42001,43.87223],[12.40457,43.87639],[12.40061,43.87277],[12.40361,43.87045],[12.39746,43.86739],[12.39328,43.85744],[12.39104,43.84441],[12.39854,43.82636],[12.39412,43.82134],[12.38797,43.81679],[12.36619,43.81333],[12.36214,43.8056],[12.34979,43.7996],[12.3288,43.80057],[12.31589,43.80564],[12.28485,43.79479],[12.28276,43.78944],[12.289,43.78577],[12.28378,43.76492],[12.25563,43.76037],[12.2503,43.75638],[12.25466,43.7533],[12.24591,43.75119],[12.22899,43.75955],[12.20931,43.75707],[12.20717,43.74897],[12.19767,43.74481],[12.20056,43.74032],[12.19463,43.73192],[12.17117,43.75166],[12.16367,43.76236],[12.14208,43.7526],[12.12521,43.74929],[12.10745,43.75377],[12.07706,43.74065],[12.06459,43.74291],[12.0614,43.75302],[12.053,43.75697],[12.02035,43.76056],[12.00639,43.76652],[11.98651,43.76193],[11.95266,43.77658],[11.94782,43.79064],[11.91879,43.79369],[11.91247,43.79978],[11.91344,43.80672],[11.90975,43.81272],[11.89643,43.80778],[11.87615,43.81054],[11.86741,43.81691],[11.85537,43.81568],[11.84167,43.80802],[11.81756,43.81983],[11.78573,43.84702],[11.73248,43.86317],[11.72189,43.87438],[11.71017,43.87745],[11.71033,43.89338],[11.71547,43.9032],[11.71703,43.92182],[11.69258,43.92956],[11.68421,43.93513],[11.6822,43.93785],[11.6926,43.95324],[11.69088,43.95686],[11.67104,43.96679],[11.66351,43.97414],[11.654,43.97526],[11.64555,43.98985],[11.65303,43.99959],[11.66394,44.00555],[11.65652,44.01748],[11.66941,44.02157],[11.68189,44.0212],[11.68662,44.03001],[11.69491,44.03534],[11.7007,44.05556],[11.70943,44.0666],[11.73551,44.0862],[11.74008,44.09935],[11.74888,44.10414],[11.75264,44.12139],[11.74418,44.12607],[11.7203,44.12071],[11.67881,44.12291],[11.674,44.11332],[11.65256,44.10116],[11.6449,44.10373],[11.6376,44.1115],[11.61617,44.11849],[11.60402,44.11879],[11.58457,44.11221],[11.58783,44.1237],[11.59729,44.12515],[11.60608,44.13864],[11.61671,44.14338],[11.61536,44.15825],[11.60366,44.15764],[11.59011,44.16235],[11.57324,44.16065],[11.56517,44.16724],[11.55298,44.16574],[11.55267,44.15927],[11.54442,44.15253],[11.52892,44.15824],[11.52237,44.15536],[11.51613,44.15755],[11.51316,44.16347],[11.50598,44.16347],[11.48738,44.17535],[11.48735,44.17943],[11.46772,44.1858],[11.44763,44.19949],[11.44681,44.20392],[11.45232,44.20963],[11.4513,44.22057],[11.42106,44.23924],[11.39833,44.22268],[11.38917,44.2124],[11.38739,44.20522],[11.38055,44.2],[11.34281,44.20582],[11.32441,44.19464],[11.32262,44.18224],[11.31741,44.17781],[11.30868,44.17258],[11.2958,44.1724],[11.2981,44.16792],[11.28071,44.15534],[11.2715,44.1592],[11.23929,44.15892],[11.21402,44.15015],[11.19573,44.15141],[11.1936,44.14666],[11.19585,44.14354],[11.21836,44.1294],[11.25081,44.11588],[11.26023,44.11584],[11.26369,44.10427],[11.25296,44.10442],[11.24804,44.09757],[11.22835,44.10241],[11.2098,44.09887],[11.1592,44.11242],[11.13942,44.10781],[11.12764,44.10968],[11.09322,44.09446],[11.08943,44.08995],[11.0748,44.09216],[11.04943,44.09025],[11.04713,44.09495],[11.02399,44.09745],[11.00201,44.11089],[11.00475,44.12149],[11.01493,44.12521],[11.01431,44.13749],[11.00695,44.13855],[10.99616,44.13618],[10.99404,44.12956],[10.97031,44.11593],[10.96962,44.10662],[10.94473,44.08168],[10.92755,44.07599],[10.91825,44.06301],[10.91006,44.06254],[10.89952,44.0654],[10.90555,44.07942],[10.90308,44.08586],[10.89208,44.09243],[10.86983,44.0999],[10.84866,44.09806],[10.8428,44.10963],[10.83088,44.11658],[10.81915,44.11245],[10.80335,44.11907],[10.79668,44.1274],[10.77326,44.13466],[10.75426,44.15415],[10.69399,44.15765],[10.66168,44.15385],[10.64792,44.15553],[10.64398,44.16009],[10.63611,44.15407],[10.63372,44.14643],[10.62375,44.14121],[10.62406,44.12037],[10.60985,44.11861],[10.60509,44.11469],[10.5931,44.11542],[10.58408,44.11955],[10.57751,44.1319],[10.52512,44.15624],[10.5197,44.16719],[10.52294,44.17484],[10.51001,44.18691],[10.49025,44.19655],[10.48521,44.2045],[10.49299,44.21658],[10.48461,44.22283],[10.47292,44.22406],[10.46494,44.23114],[10.43882,44.2261],[10.43026,44.22743],[10.41403,44.23584],[10.4074,44.24931],[10.37159,44.26938],[10.34276,44.26963],[10.31897,44.27558],[10.30712,44.28432],[10.29662,44.28546],[10.25386,44.26858],[10.23703,44.28165],[10.22626,44.29997],[10.21814,44.30469],[10.20883,44.30198],[10.20169,44.31238],[10.19526,44.31593],[10.18961,44.31431],[10.18435,44.32162],[10.16791,44.32991],[10.16195,44.34348],[10.14628,44.35213],[10.11979,44.35339],[10.09827,44.34629],[10.09203,44.35239],[10.06492,44.36434],[10.05711,44.37155],[10.04571,44.37344],[10.01004,44.38916],[9.98928,44.40433],[10.00675,44.42999],[10.00432,44.43733],[9.99633,44.44689],[9.98067,44.44504],[9.97615,44.44792],[9.97145,44.45219],[9.97014,44.4646],[9.92431,44.47237],[9.90923,44.46796],[9.89995,44.47271],[9.81994,44.46642],[9.81585,44.46179],[9.81673,44.45205],[9.79786,44.44285],[9.77229,44.41617],[9.75558,44.40504],[9.75336,44.39746],[9.75531,44.39248],[9.76048,44.39005],[9.74385,44.38948],[9.74274,44.38039],[9.73207,44.37938],[9.7169,44.38317],[9.6867,44.36594],[9.67498,44.36471],[9.66381,44.39875],[9.65529,44.41166],[9.63604,44.4139],[9.61186,44.42651],[9.60611,44.43533],[9.60149,44.43676],[9.58358,44.42724],[9.57782,44.4336],[9.55918,44.43814],[9.5522,44.43421],[9.55123,44.42808],[9.54524,44.42608],[9.53409,44.42926],[9.4939,44.4239],[9.48188,44.41709],[9.48363,44.41527],[9.47903,44.40926],[9.47219,44.41642],[9.47256,44.42428],[9.44278,44.41659],[9.43839,44.41854],[9.43916,44.42907],[9.44583,44.43842],[9.4582,44.4422],[9.46044,44.45659],[9.47024,44.47327],[9.46887,44.48188],[9.48225,44.47929],[9.4968,44.48273],[9.49463,44.5004],[9.50217,44.51276],[9.50461,44.52996],[9.49951,44.53888],[9.48818,44.54557],[9.49334,44.55588],[9.49077,44.55895],[9.47654,44.5652],[9.44023,44.56681],[9.42805,44.5746],[9.42308,44.57461],[9.41876,44.58511],[9.42131,44.5926],[9.40563,44.60081],[9.40262,44.59079],[9.39829,44.58742],[9.38937,44.59022],[9.38108,44.57675],[9.36105,44.58497],[9.343,44.5777],[9.32782,44.58897],[9.30943,44.59638],[9.30041,44.60778],[9.28809,44.60786],[9.28416,44.59785],[9.27223,44.59592],[9.24564,44.59971],[9.25654,44.61059],[9.2455,44.61965],[9.20297,44.61349],[9.20042,44.61533],[9.19804,44.64984],[9.20643,44.6602],[9.19979,44.67665],[9.20032,44.6864],[9.21791,44.68347],[9.23709,44.68512],[9.24048,44.68831],[9.23205,44.70233],[9.23508,44.71636],[9.25394,44.69601],[9.25948,44.67995],[9.28302,44.68598],[9.29087,44.68092],[9.29851,44.68102],[9.30668,44.68816],[9.32464,44.69002],[9.32615,44.69381],[9.31701,44.69528],[9.30848,44.70563],[9.31258,44.7171],[9.32591,44.7231],[9.33258,44.73504]],[[12.17654,43.81054],[12.16976,43.80463],[12.18614,43.77413],[12.19935,43.77038],[12.20061,43.77459],[12.21438,43.78349],[12.23726,43.787],[12.238,43.8004],[12.22979,43.80868],[12.22426,43.80986],[12.21728,43.80275],[12.18535,43.80646],[12.17654,43.81054]]],[[[9.29919,44.69246],[9.3042,44.69656],[9.30412,44.6937],[9.29919,44.69246]]],[[[9.28968,44.70122],[9.29534,44.70495],[9.3026,44.70326],[9.28968,44.70122]]]]}},{"type":"Feature","properties":{"terr":"Toscana","key":"Toscana"},"geometry":{"type":"MultiPolygon","coordinates":[[[[9.89786,44.16359],[9.89237,44.16802],[9.92812,44.19561],[9.93401,44.19662],[9.91451,44.1996],[9.90949,44.20411],[9.90851,44.20977],[9.89715,44.20992],[9.87441,44.1953],[9.86496,44.18071],[9.85755,44.19351],[9.87536,44.22394],[9.86346,44.2282],[9.85703,44.23403],[9.86112,44.25121],[9.85266,44.27021],[9.83944,44.2721],[9.83533,44.27887],[9.82184,44.28128],[9.81478,44.28621],[9.80571,44.2828],[9.78853,44.29436],[9.76542,44.30433],[9.76151,44.31413],[9.75311,44.32273],[9.72946,44.32833],[9.71115,44.36358],[9.7063,44.36619],[9.6867,44.36594],[9.7169,44.38317],[9.73207,44.37938],[9.74274,44.38039],[9.74385,44.38948],[9.76048,44.39005],[9.75531,44.39248],[9.75336,44.39746],[9.75558,44.40504],[9.77229,44.41617],[9.79786,44.44285],[9.81673,44.45205],[9.81585,44.46179],[9.81994,44.46642],[9.89995,44.47271],[9.90923,44.46796],[9.92431,44.47237],[9.97071,44.46444],[9.97145,44.45219],[9.97615,44.44792],[9.98067,44.44504],[9.99633,44.44689],[10.00432,44.43733],[10.00675,44.42999],[9.98928,44.40433],[10.01004,44.38916],[10.04571,44.37344],[10.05711,44.37155],[10.06492,44.36434],[10.09203,44.35239],[10.09827,44.34629],[10.11979,44.35339],[10.14628,44.35213],[10.16195,44.34348],[10.16791,44.32991],[10.18435,44.32162],[10.18961,44.31431],[10.19526,44.31593],[10.20169,44.31238],[10.20883,44.30198],[10.21814,44.30469],[10.22626,44.29997],[10.23703,44.28165],[10.25386,44.26858],[10.29662,44.28546],[10.30712,44.28432],[10.31897,44.27558],[10.34276,44.26963],[10.37159,44.26938],[10.4074,44.24931],[10.41403,44.23584],[10.43026,44.22743],[10.43882,44.2261],[10.46494,44.23114],[10.47292,44.22406],[10.48461,44.22283],[10.49299,44.21658],[10.48521,44.2045],[10.49025,44.19655],[10.51001,44.18691],[10.52294,44.17484],[10.5197,44.16719],[10.52512,44.15624],[10.57751,44.1319],[10.58408,44.11955],[10.59253,44.11561],[10.60509,44.11469],[10.60985,44.11861],[10.62406,44.12037],[10.62375,44.14121],[10.63372,44.14643],[10.64121,44.15984],[10.64792,44.15553],[10.66168,44.15385],[10.69399,44.15765],[10.70786,44.15495],[10.7124,44.15721],[10.74393,44.15624],[10.75768,44.15262],[10.77326,44.13466],[10.79668,44.1274],[10.80411,44.11862],[10.81915,44.11245],[10.83088,44.11658],[10.8428,44.10963],[10.84866,44.09806],[10.86983,44.0999],[10.89208,44.09243],[10.90404,44.08426],[10.90562,44.07868],[10.89914,44.06648],[10.90473,44.06325],[10.91825,44.06301],[10.92755,44.07599],[10.94414,44.08123],[10.96962,44.10662],[10.97031,44.11593],[10.99404,44.12956],[10.99616,44.13618],[11.00695,44.13855],[11.01431,44.13749],[11.01493,44.12521],[11.00475,44.12149],[11.00201,44.11089],[11.02399,44.09745],[11.04713,44.09495],[11.04943,44.09025],[11.0748,44.09216],[11.08943,44.08995],[11.09322,44.09446],[11.12764,44.10968],[11.13942,44.10781],[11.1592,44.11242],[11.2098,44.09887],[11.22835,44.10241],[11.24804,44.09757],[11.25296,44.10442],[11.26369,44.10427],[11.26023,44.11584],[11.25081,44.11588],[11.21836,44.1294],[11.19585,44.14354],[11.1936,44.14666],[11.19573,44.15141],[11.21402,44.15015],[11.23929,44.15892],[11.2715,44.1592],[11.28071,44.15534],[11.2981,44.16792],[11.2958,44.1724],[11.30868,44.17258],[11.31741,44.17781],[11.32262,44.18224],[11.32441,44.19464],[11.34281,44.20582],[11.38055,44.2],[11.38739,44.20522],[11.38917,44.2124],[11.39833,44.22268],[11.42106,44.23924],[11.4513,44.22057],[11.45232,44.20963],[11.44681,44.20392],[11.44763,44.19949],[11.46772,44.1858],[11.48735,44.17943],[11.48738,44.17535],[11.50598,44.16347],[11.51316,44.16347],[11.51613,44.15755],[11.52237,44.15536],[11.52892,44.15824],[11.54442,44.15253],[11.55267,44.15927],[11.55298,44.16574],[11.56517,44.16724],[11.57324,44.16065],[11.59011,44.16235],[11.60366,44.15764],[11.61536,44.15825],[11.61671,44.14338],[11.60608,44.13864],[11.59729,44.12515],[11.58783,44.1237],[11.58457,44.11221],[11.60402,44.11879],[11.61617,44.11849],[11.6376,44.1115],[11.6449,44.10373],[11.65256,44.10116],[11.674,44.11332],[11.67881,44.12291],[11.7203,44.12071],[11.74418,44.12607],[11.75264,44.12139],[11.74888,44.10414],[11.74008,44.09935],[11.73551,44.0862],[11.70943,44.0666],[11.7007,44.05556],[11.69491,44.03534],[11.68662,44.03001],[11.68189,44.0212],[11.66941,44.02157],[11.65652,44.01748],[11.66394,44.00555],[11.65303,43.99959],[11.64555,43.98985],[11.654,43.97526],[11.66351,43.97414],[11.67104,43.96679],[11.69088,43.95686],[11.6926,43.95324],[11.6822,43.93785],[11.68421,43.93513],[11.69258,43.92956],[11.71703,43.92182],[11.71547,43.9032],[11.71033,43.89338],[11.71017,43.87745],[11.72189,43.87438],[11.73202,43.86339],[11.78573,43.84702],[11.81756,43.81983],[11.84167,43.80802],[11.85537,43.81568],[11.86741,43.81691],[11.87615,43.81054],[11.89643,43.80778],[11.90975,43.81272],[11.91344,43.80672],[11.91247,43.79978],[11.91879,43.79369],[11.94782,43.79064],[11.95338,43.77609],[11.98651,43.76193],[12.00639,43.76652],[12.02035,43.76056],[12.053,43.75697],[12.0614,43.75302],[12.06459,43.74291],[12.07054,43.74073],[12.07706,43.74065],[12.10745,43.75377],[12.12358,43.74915],[12.14208,43.7526],[12.16367,43.76236],[12.17117,43.75166],[12.19463,43.73192],[12.20056,43.74032],[12.19767,43.74481],[12.20717,43.74897],[12.20931,43.75707],[12.22899,43.75955],[12.24591,43.75119],[12.25466,43.7533],[12.2503,43.75638],[12.25563,43.76037],[12.28378,43.76492],[12.30009,43.75695],[12.31709,43.75561],[12.32707,43.75101],[12.3377,43.73691],[12.36819,43.7151],[12.37132,43.70902],[12.35732,43.70202],[12.34511,43.70998],[12.33049,43.70797],[12.3297,43.6986],[12.33605,43.67764],[12.33117,43.67355],[12.31572,43.67792],[12.32137,43.6934],[12.31402,43.70082],[12.31423,43.72003],[12.30832,43.73018],[12.30095,43.71998],[12.30544,43.71309],[12.30577,43.69794],[12.29721,43.68595],[12.27348,43.67596],[12.24507,43.68148],[12.251,43.67372],[12.24948,43.66893],[12.23266,43.6556],[12.22014,43.65071],[12.20369,43.65174],[12.18628,43.64251],[12.18967,43.63288],[12.20991,43.62103],[12.21383,43.61088],[12.19981,43.60325],[12.19595,43.59913],[12.19437,43.58875],[12.18462,43.58405],[12.17874,43.57496],[12.16266,43.56137],[12.15324,43.52871],[12.1421,43.53577],[12.11809,43.5301],[12.10273,43.52993],[12.09539,43.52261],[12.09089,43.51123],[12.09121,43.50297],[12.09509,43.49916],[12.10835,43.49571],[12.13096,43.48264],[12.14483,43.47957],[12.14324,43.47029],[12.10403,43.46045],[12.0995,43.45436],[12.09989,43.44779],[12.08136,43.43405],[12.05688,43.43825],[12.05191,43.43073],[12.03214,43.42371],[12.02521,43.41557],[12.03294,43.40022],[12.0521,43.39832],[12.07096,43.40499],[12.07731,43.40214],[12.07278,43.38126],[12.07303,43.37041],[12.07699,43.36583],[12.09342,43.36642],[12.10257,43.37245],[12.11877,43.36436],[12.12487,43.35792],[12.13546,43.3417],[12.13385,43.31592],[12.12583,43.30677],[12.13252,43.29307],[12.16468,43.28228],[12.17704,43.28178],[12.18522,43.29438],[12.18316,43.30083],[12.19382,43.31307],[12.22389,43.2958],[12.20865,43.28196],[12.18634,43.2739],[12.17471,43.27309],[12.14858,43.25462],[12.12105,43.25495],[12.09237,43.23591],[12.08492,43.23658],[12.07471,43.24427],[12.05846,43.24709],[12.0489,43.25311],[12.03396,43.2467],[12.03965,43.22899],[12.03533,43.22108],[12.03627,43.21588],[12.02722,43.20244],[12.02904,43.19661],[12.02407,43.18816],[12.00642,43.18053],[11.98748,43.18052],[11.97106,43.16959],[11.94649,43.16186],[11.92498,43.14925],[11.92042,43.13167],[11.91235,43.1284],[11.92094,43.11759],[11.93095,43.0924],[11.92364,43.07467],[11.9321,43.06769],[11.93607,43.05593],[11.94007,43.05328],[11.94808,43.0556],[11.95037,43.06441],[11.95659,43.06868],[11.97312,43.06364],[11.9806,43.05682],[11.9824,43.05095],[11.97238,43.03534],[11.97196,43.02196],[11.95465,42.97951],[11.94952,42.97653],[11.94847,42.96265],[11.95292,42.95469],[11.95208,42.9497],[11.94257,42.93828],[11.93272,42.9085],[11.93673,42.90346],[11.95208,42.90099],[11.95881,42.89165],[11.95866,42.87106],[11.92902,42.86929],[11.91322,42.85055],[11.89189,42.84288],[11.89459,42.83429],[11.85059,42.83868],[11.83201,42.82682],[11.81457,42.82335],[11.81143,42.79914],[11.80685,42.79486],[11.79329,42.81122],[11.77587,42.82067],[11.7685,42.81996],[11.76857,42.81541],[11.75335,42.80224],[11.74602,42.78576],[11.76126,42.78098],[11.77389,42.76876],[11.77942,42.75802],[11.8067,42.75373],[11.81344,42.74592],[11.81866,42.74577],[11.80936,42.73388],[11.80156,42.70719],[11.78144,42.70746],[11.78114,42.70533],[11.78652,42.68863],[11.78452,42.67132],[11.80099,42.66827],[11.80841,42.65975],[11.80928,42.65295],[11.80478,42.644],[11.79645,42.64349],[11.78089,42.63468],[11.74976,42.63965],[11.75183,42.6256],[11.7385,42.61328],[11.73597,42.60666],[11.72741,42.60637],[11.72419,42.6108],[11.71111,42.61091],[11.70019,42.601],[11.68005,42.59531],[11.68594,42.58531],[11.68146,42.58133],[11.66596,42.5762],[11.65717,42.57716],[11.64337,42.56635],[11.63605,42.56493],[11.62611,42.56943],[11.61619,42.55987],[11.60089,42.5698],[11.5886,42.57107],[11.57856,42.56621],[11.58435,42.54275],[11.56883,42.53383],[11.56124,42.51729],[11.56734,42.50992],[11.58054,42.50877],[11.59524,42.49559],[11.61632,42.48839],[11.62003,42.47472],[11.61634,42.45503],[11.61771,42.43604],[11.55654,42.43894],[11.54428,42.44216],[11.51743,42.43353],[11.48889,42.43937],[11.48103,42.4336],[11.48216,42.4201],[11.47649,42.41342],[11.44978,42.39404],[11.45502,42.38814],[11.44985,42.37754],[11.35047,42.40104],[11.29836,42.40815],[11.28986,42.40516],[11.28039,42.40828],[11.27878,42.41674],[11.27295,42.41862],[11.24248,42.41833],[11.21005,42.40874],[11.20553,42.40131],[11.20954,42.4004],[11.21325,42.38848],[11.19234,42.3799],[11.18837,42.37333],[11.18996,42.36364],[11.18195,42.36276],[11.17701,42.36838],[11.16571,42.368],[11.15316,42.36107],[11.15003,42.37109],[11.14238,42.37731],[11.11676,42.39033],[11.11004,42.38893],[11.09801,42.3932],[11.08974,42.40829],[11.08973,42.42581],[11.09742,42.43273],[11.0976,42.44002],[11.10491,42.44757],[11.11216,42.44704],[11.12258,42.4346],[11.13211,42.43904],[11.14115,42.43384],[11.14911,42.43695],[11.16069,42.43454],[11.17399,42.446],[11.18722,42.4723],[11.19221,42.50067],[11.19042,42.51738],[11.17795,42.53975],[11.15679,42.56277],[11.13903,42.56074],[11.13287,42.55298],[11.11718,42.56583],[11.10217,42.60158],[11.0823,42.61346],[11.08256,42.61669],[11.08851,42.61792],[11.08387,42.62788],[11.00998,42.65918],[11.00429,42.67625],[10.9827,42.71311],[10.95505,42.73482],[10.91181,42.75344],[10.87157,42.76376],[10.80836,42.77511],[10.7846,42.77566],[10.73444,42.80133],[10.73327,42.80349],[10.75944,42.80945],[10.7731,42.83201],[10.77582,42.84685],[10.77403,42.85775],[10.76905,42.86165],[10.76943,42.86949],[10.78663,42.88823],[10.77277,42.90991],[10.74488,42.9266],[10.70885,42.94118],[10.67962,42.94914],[10.64508,42.95319],[10.59386,42.95428],[10.56121,42.95095],[10.54953,42.94637],[10.55692,42.94579],[10.5524,42.93862],[10.54131,42.93557],[10.54656,42.92851],[10.5435,42.92075],[10.52118,42.92257],[10.51028,42.93283],[10.4953,42.93177],[10.49906,42.93595],[10.48387,42.96648],[10.48781,42.97653],[10.48339,42.98207],[10.483,42.98839],[10.4947,42.9951],[10.50714,42.99067],[10.51606,42.99908],[10.5102,43.00704],[10.51076,43.01215],[10.522,43.0205],[10.53162,43.05253],[10.53689,43.08601],[10.5394,43.15499],[10.52785,43.23323],[10.50152,43.29084],[10.46217,43.31879],[10.45519,43.32863],[10.45479,43.34464],[10.44636,43.35534],[10.42499,43.39838],[10.40678,43.4088],[10.37878,43.4473],[10.38121,43.4501],[10.37877,43.44795],[10.35466,43.46377],[10.3411,43.4652],[10.33045,43.47384],[10.33201,43.48325],[10.32084,43.49942],[10.31893,43.51031],[10.29558,43.54137],[10.29788,43.54537],[10.30383,43.54503],[10.30419,43.54895],[10.29412,43.55241],[10.31635,43.5736],[10.31993,43.58433],[10.31126,43.57145],[10.30707,43.57188],[10.30594,43.57926],[10.30359,43.57823],[10.3051,43.56652],[10.29664,43.56228],[10.29565,43.5687],[10.30066,43.57524],[10.29056,43.60156],[10.2856,43.64219],[10.27256,43.6719],[10.28283,43.6885],[10.27655,43.71919],[10.2776,43.73752],[10.25932,43.81566],[10.24226,43.84908],[10.24222,43.86422],[10.23901,43.87127],[10.19029,43.93298],[10.13749,43.98049],[10.06617,44.02708],[10.01877,44.04448],[10.02869,44.05917],[10.04888,44.07189],[10.07091,44.09308],[10.05815,44.10805],[10.04614,44.11547],[10.01789,44.11928],[10.00298,44.10864],[9.99332,44.09268],[9.98258,44.10023],[9.99407,44.10576],[9.99535,44.11789],[9.9836,44.12476],[9.97635,44.13955],[9.97925,44.14617],[9.97641,44.15178],[9.97901,44.16103],[9.97403,44.16693],[9.96647,44.16943],[9.95467,44.1649],[9.94466,44.16802],[9.92812,44.1662],[9.92015,44.16983],[9.89786,44.16359]]],[[[10.09841,42.5889],[10.10029,42.57489],[10.08768,42.56786],[10.08176,42.57101],[10.05213,42.57387],[10.04557,42.58143],[10.04604,42.58578],[10.05422,42.58985],[10.06398,42.58684],[10.07398,42.59093],[10.08254,42.60439],[10.07965,42.61935],[10.08904,42.61474],[10.08652,42.60332],[10.09841,42.5889]]],[[[10.26537,42.74474],[10.25614,42.744],[10.24446,42.75021],[10.23828,42.74841],[10.23457,42.73682],[10.24081,42.73298],[10.24052,42.72774],[10.23679,42.72604],[10.18814,42.73625],[10.15143,42.73051],[10.13906,42.73262],[10.12224,42.74178],[10.11301,42.7578],[10.10556,42.76261],[10.10328,42.78643],[10.10939,42.79459],[10.13992,42.80931],[10.14135,42.80715],[10.17461,42.80628],[10.18597,42.81226],[10.19841,42.80588],[10.20604,42.8071],[10.21983,42.79296],[10.24186,42.78739],[10.24895,42.79115],[10.24757,42.79897],[10.25723,42.80104],[10.26135,42.79785],[10.26941,42.80346],[10.27532,42.81846],[10.26971,42.82438],[10.26032,42.82722],[10.26315,42.83009],[10.27775,42.82276],[10.2954,42.81874],[10.31617,42.82006],[10.33457,42.81674],[10.33123,42.81192],[10.33099,42.81437],[10.32389,42.81391],[10.31503,42.80955],[10.31737,42.80464],[10.34558,42.79658],[10.36095,42.80269],[10.35816,42.80845],[10.36292,42.81048],[10.35835,42.81312],[10.35943,42.81705],[10.36762,42.81733],[10.37926,42.8275],[10.39049,42.84352],[10.38998,42.85069],[10.40772,42.87134],[10.41356,42.87287],[10.42162,42.85945],[10.44379,42.84741],[10.42862,42.81631],[10.42979,42.80578],[10.43428,42.80286],[10.43143,42.79025],[10.43419,42.77561],[10.42036,42.77276],[10.40586,42.76348],[10.38571,42.75935],[10.40162,42.75745],[10.40814,42.75204],[10.40634,42.74776],[10.41102,42.74379],[10.43277,42.73489],[10.4353,42.72038],[10.43041,42.71178],[10.41997,42.7077],[10.41116,42.71635],[10.39893,42.71326],[10.38272,42.71498],[10.37705,42.71936],[10.37387,42.73108],[10.35824,42.74924],[10.35815,42.75833],[10.34461,42.76395],[10.31818,42.75997],[10.32576,42.74402],[10.31951,42.73602],[10.31401,42.74444],[10.31261,42.75755],[10.3085,42.75946],[10.29956,42.75944],[10.291,42.75305],[10.29012,42.73903],[10.28703,42.73562],[10.27195,42.73779],[10.26537,42.74474]]],[[[9.83548,43.04912],[9.84473,43.0495],[9.8476,43.04515],[9.84182,43.02983],[9.81942,43.01284],[9.81368,43.00371],[9.81008,43.00229],[9.80128,43.00689],[9.79128,43.02316],[9.79606,43.02594],[9.79942,43.03534],[9.80293,43.05051],[9.80014,43.05377],[9.82557,43.0729],[9.83681,43.06516],[9.83395,43.05861],[9.83548,43.04912]]],[[[9.90143,43.43956],[9.90851,43.43503],[9.90762,43.42546],[9.90052,43.42009],[9.88967,43.42306],[9.89249,43.43627],[9.90138,43.43572],[9.90143,43.43956]]],[[[10.33001,42.3222],[10.31542,42.31419],[10.29374,42.31735],[10.28869,42.33171],[10.29267,42.34425],[10.29958,42.35065],[10.3143,42.35062],[10.32804,42.34194],[10.33001,42.3222]]],[[[10.54821,42.85634],[10.54582,42.85785],[10.54961,42.86057],[10.54821,42.85634]]],[[[10.474,42.86367],[10.4725,42.86621],[10.47661,42.86667],[10.474,42.86367]]],[[[12.19935,43.77038],[12.18493,43.77519],[12.18419,43.7815],[12.17275,43.79566],[12.17091,43.80775],[12.17654,43.81054],[12.18535,43.80646],[12.21728,43.80275],[12.22426,43.80986],[12.23346,43.80652],[12.23828,43.79955],[12.23726,43.787],[12.21438,43.78349],[12.20061,43.77459],[12.19935,43.77038]]],[[[11.11471,42.25911],[11.11658,42.25089],[11.10857,42.25547],[11.10238,42.24805],[11.11213,42.24291],[11.10988,42.23824],[11.09838,42.24229],[11.09131,42.25326],[11.09503,42.25851],[11.10339,42.25912],[11.10968,42.26361],[11.11471,42.25911]]],[[[10.88661,42.38966],[10.90641,42.38138],[10.92468,42.35531],[10.92043,42.35213],[10.92231,42.34435],[10.93034,42.33953],[10.93139,42.3314],[10.92926,42.32553],[10.92113,42.31956],[10.89967,42.3304],[10.88618,42.3436],[10.88242,42.35186],[10.86657,42.35436],[10.86438,42.36262],[10.86778,42.36896],[10.87491,42.3653],[10.88159,42.36762],[10.88391,42.37542],[10.88017,42.38883],[10.88661,42.38966]]]]}},{"type":"Feature","properties":{"terr":"Umbria","key":"Umbria"},"geometry":{"type":"MultiPolygon","coordinates":[[[[13.15849,42.65425],[13.14477,42.64608],[13.12995,42.65966],[13.11819,42.65765],[13.11759,42.65013],[13.10904,42.64189],[13.0633,42.62331],[13.03573,42.628],[13.03098,42.63738],[13.02428,42.63904],[13.01427,42.63037],[13.01216,42.62578],[13.01435,42.61998],[13.00432,42.61524],[12.9525,42.61893],[12.93745,42.61536],[12.93012,42.60288],[12.89634,42.61644],[12.88052,42.60935],[12.88158,42.59828],[12.89419,42.57759],[12.89273,42.5635],[12.87172,42.56112],[12.84783,42.5528],[12.81804,42.53294],[12.80862,42.53589],[12.7732,42.53128],[12.77354,42.51309],[12.75144,42.51139],[12.74577,42.50787],[12.73154,42.50886],[12.71113,42.5008],[12.72043,42.48549],[12.74157,42.47053],[12.73331,42.46794],[12.72469,42.46041],[12.71433,42.46035],[12.71055,42.4635],[12.70279,42.4609],[12.69415,42.45147],[12.67465,42.44242],[12.64986,42.44309],[12.65026,42.4473],[12.63936,42.45912],[12.64269,42.46451],[12.64108,42.4678],[12.62097,42.46846],[12.61405,42.4641],[12.61898,42.46111],[12.61951,42.45191],[12.61196,42.43625],[12.61099,42.42797],[12.61405,42.4251],[12.61489,42.41448],[12.60539,42.40753],[12.60607,42.40353],[12.56999,42.38291],[12.54894,42.38233],[12.53123,42.36507],[12.52611,42.36418],[12.51894,42.36751],[12.51327,42.37862],[12.51326,42.39424],[12.51824,42.39726],[12.51113,42.40357],[12.49158,42.39743],[12.48032,42.40405],[12.46626,42.39489],[12.45962,42.3978],[12.45144,42.39621],[12.44469,42.39882],[12.45826,42.4039],[12.46732,42.4204],[12.4636,42.42909],[12.45597,42.42796],[12.45014,42.423],[12.439,42.42642],[12.42068,42.42158],[12.41365,42.4256],[12.41946,42.43647],[12.41141,42.4451],[12.41368,42.45517],[12.4179,42.45845],[12.43038,42.45802],[12.42754,42.46534],[12.41244,42.46756],[12.41285,42.47878],[12.42783,42.48694],[12.42139,42.49253],[12.40352,42.49996],[12.39185,42.49876],[12.38406,42.48907],[12.37512,42.48572],[12.37417,42.48113],[12.35123,42.47365],[12.34483,42.48494],[12.32537,42.49476],[12.31415,42.48788],[12.29956,42.48753],[12.29058,42.49152],[12.28951,42.49471],[12.29762,42.4949],[12.30298,42.49132],[12.30735,42.4973],[12.29035,42.51061],[12.27923,42.5065],[12.27477,42.50921],[12.2755,42.516],[12.29027,42.51904],[12.28779,42.52192],[12.27445,42.52388],[12.26676,42.53347],[12.26661,42.53653],[12.2737,42.53656],[12.27316,42.54011],[12.27855,42.54156],[12.27881,42.55089],[12.27504,42.55991],[12.26182,42.55999],[12.23866,42.57218],[12.23585,42.58331],[12.24241,42.59281],[12.24056,42.59699],[12.24756,42.59669],[12.23906,42.60696],[12.22914,42.61109],[12.24292,42.62907],[12.22565,42.63555],[12.22692,42.64348],[12.20434,42.66046],[12.19728,42.66385],[12.18907,42.66213],[12.17622,42.67266],[12.16101,42.67691],[12.14903,42.66537],[12.14703,42.65934],[12.14077,42.6563],[12.13233,42.66167],[12.12406,42.64929],[12.1172,42.65097],[12.10673,42.66467],[12.09451,42.65549],[12.07372,42.65667],[12.0653,42.6522],[12.03973,42.64897],[12.03,42.64324],[12.02979,42.65042],[12.00708,42.66245],[11.97798,42.67553],[11.94133,42.6833],[11.94876,42.69601],[11.9262,42.70386],[11.9301,42.71295],[11.94343,42.71901],[11.94915,42.7274],[11.96873,42.73458],[11.97412,42.74938],[11.98187,42.75358],[11.97948,42.76459],[11.92743,42.78092],[11.91683,42.80766],[11.90842,42.81577],[11.90493,42.82789],[11.89496,42.83467],[11.89189,42.84288],[11.91322,42.85055],[11.92902,42.86929],[11.95866,42.87106],[11.95881,42.89165],[11.95208,42.90099],[11.93673,42.90346],[11.93272,42.9085],[11.94257,42.93828],[11.95208,42.9497],[11.95292,42.95469],[11.94847,42.96265],[11.94952,42.97653],[11.95465,42.97951],[11.97196,43.02196],[11.97238,43.03534],[11.98243,43.05056],[11.9806,43.05682],[11.97369,43.06324],[11.95714,43.06862],[11.95037,43.06441],[11.94808,43.0556],[11.94083,43.05298],[11.93607,43.05593],[11.9321,43.06769],[11.92364,43.07467],[11.93073,43.09339],[11.92094,43.11759],[11.91235,43.1284],[11.92042,43.13167],[11.92403,43.14778],[11.93375,43.15548],[11.97106,43.16959],[11.98748,43.18052],[12.00642,43.18053],[12.02407,43.18816],[12.02904,43.19661],[12.02722,43.20244],[12.03627,43.21588],[12.03533,43.22108],[12.03965,43.22899],[12.03396,43.2467],[12.0489,43.25311],[12.05846,43.24709],[12.07471,43.24427],[12.08492,43.23658],[12.09237,43.23591],[12.12105,43.25495],[12.14858,43.25462],[12.17471,43.27309],[12.18634,43.2739],[12.20865,43.28196],[12.22389,43.2958],[12.19382,43.31307],[12.18316,43.30083],[12.18522,43.29438],[12.17704,43.28178],[12.16468,43.28228],[12.13252,43.29307],[12.12583,43.30677],[12.13385,43.31592],[12.13546,43.3417],[12.12143,43.36166],[12.10257,43.37245],[12.09342,43.36642],[12.07543,43.36703],[12.07302,43.38756],[12.07777,43.39944],[12.07214,43.40455],[12.0521,43.39832],[12.03144,43.40108],[12.02521,43.41557],[12.03214,43.42371],[12.0512,43.43024],[12.05788,43.4385],[12.08136,43.43405],[12.09989,43.44779],[12.0995,43.45436],[12.10403,43.46045],[12.14324,43.47029],[12.14483,43.47957],[12.14067,43.48247],[12.13096,43.48264],[12.10835,43.49571],[12.0925,43.50107],[12.09089,43.51123],[12.09576,43.52318],[12.10273,43.52993],[12.11809,43.5301],[12.1421,43.53577],[12.15324,43.52871],[12.16266,43.56137],[12.17874,43.57496],[12.18462,43.58405],[12.19437,43.58875],[12.19595,43.59913],[12.19981,43.60325],[12.21383,43.61088],[12.22528,43.59392],[12.26146,43.5889],[12.26788,43.59386],[12.28779,43.59463],[12.29458,43.59326],[12.29241,43.58649],[12.29954,43.58587],[12.30703,43.59028],[12.31347,43.6022],[12.32303,43.602],[12.3308,43.607],[12.35116,43.61148],[12.35679,43.61728],[12.3713,43.61117],[12.3617,43.60196],[12.36131,43.59654],[12.3735,43.58429],[12.34403,43.55286],[12.31979,43.55317],[12.31276,43.5442],[12.33318,43.52358],[12.35012,43.52183],[12.36674,43.53409],[12.38734,43.52135],[12.3834,43.51672],[12.38507,43.51233],[12.39482,43.50884],[12.40021,43.50977],[12.39904,43.51322],[12.40298,43.51987],[12.41745,43.53455],[12.43737,43.53855],[12.45922,43.51646],[12.46805,43.51793],[12.48053,43.52745],[12.49981,43.52146],[12.51713,43.50886],[12.52418,43.49616],[12.56426,43.4598],[12.5847,43.44505],[12.60287,43.43901],[12.61958,43.42703],[12.62288,43.42239],[12.6194,43.41657],[12.63731,43.4315],[12.66318,43.43683],[12.70886,43.42468],[12.71527,43.44609],[12.73576,43.46375],[12.74635,43.46465],[12.75553,43.45912],[12.76745,43.45985],[12.7712,43.45734],[12.77644,43.45052],[12.76631,43.4454],[12.76556,43.42712],[12.77966,43.4142],[12.77443,43.40197],[12.74681,43.39045],[12.74905,43.37881],[12.75817,43.37272],[12.75934,43.36435],[12.77006,43.35996],[12.7731,43.35029],[12.793,43.33556],[12.79873,43.32504],[12.80239,43.30645],[12.80099,43.29479],[12.78898,43.28323],[12.80601,43.27069],[12.82476,43.26657],[12.82825,43.26059],[12.82559,43.24896],[12.82814,43.23528],[12.8372,43.22518],[12.83661,43.21753],[12.85058,43.20994],[12.86234,43.21125],[12.86539,43.20606],[12.86818,43.18845],[12.86249,43.16597],[12.85152,43.15368],[12.82965,43.14551],[12.843,43.12234],[12.85853,43.12521],[12.88131,43.12121],[12.88503,43.09964],[12.89218,43.09271],[12.89733,43.09348],[12.88993,43.05888],[12.89305,43.04631],[12.90671,43.0354],[12.90337,43.02722],[12.8977,43.02483],[12.88796,43.0098],[12.90823,42.98531],[12.89856,42.97356],[12.89582,42.96459],[12.91622,42.95349],[12.92717,42.9541],[12.93478,42.94545],[12.94806,42.94147],[12.94933,42.92996],[12.9767,42.9261],[12.96839,42.90068],[12.97528,42.8865],[12.97324,42.87743],[12.97615,42.8698],[12.98699,42.86857],[12.99009,42.87087],[12.99485,42.88409],[13.0022,42.89313],[12.99559,42.90248],[13.00084,42.90839],[13.00928,42.90303],[13.02495,42.90257],[13.03817,42.90772],[13.04315,42.9151],[13.05441,42.92018],[13.07264,42.90365],[13.11225,42.88933],[13.15456,42.83462],[13.16086,42.8319],[13.18064,42.83671],[13.18756,42.83448],[13.21225,42.84172],[13.22099,42.85075],[13.23128,42.85433],[13.23525,42.8677],[13.24773,42.84997],[13.2553,42.82258],[13.26269,42.81587],[13.26421,42.80928],[13.25943,42.79828],[13.2508,42.7887],[13.24562,42.76777],[13.23855,42.76093],[13.23504,42.77292],[13.22106,42.77268],[13.1942,42.7585],[13.19954,42.75071],[13.18767,42.73564],[13.18718,42.72176],[13.19071,42.71044],[13.17333,42.68731],[13.1759,42.68314],[13.17947,42.6834],[13.17982,42.67759],[13.17355,42.66537],[13.15849,42.65425]]],[[[12.4078,43.60214],[12.41721,43.60858],[12.42531,43.60909],[12.43482,43.59949],[12.43343,43.5927],[12.42507,43.59173],[12.42028,43.59708],[12.4078,43.60214]]]]}},{"type":"Feature","properties":{"terr":"Marche","key":"Marche"},"geometry":{"type":"Polygon","coordinates":[[[12.50082,43.51963],[12.48137,43.52754],[12.46805,43.51793],[12.45922,43.51646],[12.43737,43.53855],[12.41745,43.53455],[12.40298,43.51987],[12.39904,43.51322],[12.40021,43.50977],[12.39482,43.50884],[12.38507,43.51233],[12.3834,43.51672],[12.38734,43.52135],[12.36674,43.53409],[12.35012,43.52183],[12.33318,43.52358],[12.31289,43.54451],[12.31979,43.55317],[12.34403,43.55286],[12.36131,43.5742],[12.37029,43.5794],[12.3735,43.58429],[12.36131,43.59654],[12.3617,43.60196],[12.3713,43.61117],[12.35473,43.61729],[12.35116,43.61148],[12.3308,43.607],[12.32303,43.602],[12.31347,43.6022],[12.30703,43.59028],[12.29954,43.58587],[12.29241,43.58649],[12.29458,43.59326],[12.28779,43.59463],[12.26788,43.59386],[12.26318,43.58907],[12.25825,43.58918],[12.22528,43.59392],[12.20991,43.62103],[12.18835,43.63442],[12.18551,43.64183],[12.19973,43.65015],[12.2289,43.65343],[12.24824,43.6674],[12.2511,43.67333],[12.24507,43.68148],[12.27348,43.67596],[12.29721,43.68595],[12.30577,43.69794],[12.30544,43.71309],[12.30095,43.71998],[12.30832,43.73018],[12.31423,43.72003],[12.31402,43.70082],[12.32137,43.6934],[12.31572,43.67792],[12.33117,43.67355],[12.33605,43.67764],[12.3297,43.6986],[12.33049,43.70797],[12.34511,43.70998],[12.35732,43.70202],[12.37132,43.70902],[12.36819,43.7151],[12.3377,43.73691],[12.32707,43.75101],[12.28341,43.76328],[12.289,43.78577],[12.28276,43.78944],[12.28485,43.79479],[12.31589,43.80564],[12.3288,43.80057],[12.34979,43.7996],[12.36214,43.8056],[12.36619,43.81333],[12.38797,43.81679],[12.39854,43.82636],[12.39095,43.845],[12.39361,43.85843],[12.39746,43.86739],[12.40361,43.87045],[12.40061,43.87277],[12.40404,43.87599],[12.43017,43.87168],[12.4323,43.87486],[12.44569,43.87081],[12.45776,43.88011],[12.46311,43.8896],[12.46239,43.89377],[12.47771,43.89692],[12.4874,43.89647],[12.48794,43.88422],[12.49934,43.8736],[12.51817,43.88104],[12.51912,43.87514],[12.53413,43.87057],[12.54169,43.86403],[12.56245,43.86982],[12.5659,43.88224],[12.58949,43.88564],[12.59302,43.87316],[12.58936,43.86525],[12.60256,43.86343],[12.60378,43.85565],[12.601,43.85051],[12.60559,43.84526],[12.61585,43.84647],[12.6189,43.84263],[12.61017,43.83694],[12.61002,43.8339],[12.62327,43.82115],[12.64446,43.82689],[12.65842,43.82743],[12.67289,43.82365],[12.68132,43.82807],[12.67916,43.84126],[12.6823,43.8528],[12.69666,43.85268],[12.70087,43.85856],[12.72363,43.86124],[12.73399,43.87026],[12.72265,43.88057],[12.73483,43.89602],[12.72712,43.9117],[12.73005,43.91311],[12.72791,43.92418],[12.75564,43.96195],[12.75062,43.96854],[12.79759,43.96517],[12.8926,43.9232],[12.90376,43.92089],[12.90733,43.923],[12.98632,43.86534],[13.00932,43.85264],[13.02204,43.84982],[13.05064,43.83247],[13.1285,43.77682],[13.21993,43.71761],[13.28619,43.67918],[13.35361,43.64868],[13.37542,43.64398],[13.41382,43.62372],[13.45402,43.61052],[13.48159,43.60681],[13.49357,43.61314],[13.49513,43.62031],[13.49951,43.62065],[13.50393,43.61514],[13.50913,43.6221],[13.49901,43.6292],[13.50687,43.6305],[13.51489,43.62438],[13.53151,43.61961],[13.5385,43.6105],[13.55329,43.60216],[13.56559,43.58909],[13.56889,43.57623],[13.57587,43.56881],[13.60976,43.55893],[13.62554,43.55033],[13.62705,43.53995],[13.62085,43.5316],[13.62335,43.50227],[13.66774,43.43018],[13.70963,43.33725],[13.72246,43.31854],[13.73536,43.30838],[13.77773,43.23427],[13.80365,43.17232],[13.81037,43.1636],[13.81366,43.16894],[13.81114,43.16319],[13.81474,43.15217],[13.8447,43.09673],[13.85241,43.05449],[13.88007,42.96656],[13.89269,42.93728],[13.91672,42.89458],[13.87999,42.89121],[13.88095,42.89392],[13.87686,42.89471],[13.87487,42.88886],[13.81932,42.87891],[13.80405,42.86865],[13.77796,42.86045],[13.72248,42.85535],[13.70661,42.84932],[13.70627,42.84557],[13.71088,42.84336],[13.6993,42.82262],[13.67645,42.81514],[13.6636,42.80713],[13.63552,42.8033],[13.62877,42.80694],[13.62836,42.815],[13.6244,42.81654],[13.60152,42.80636],[13.58988,42.80651],[13.57225,42.80037],[13.55503,42.8044],[13.54365,42.81695],[13.53448,42.81664],[13.52973,42.79599],[13.50421,42.77474],[13.50181,42.7628],[13.50463,42.74761],[13.49344,42.73662],[13.47973,42.73228],[13.46325,42.73481],[13.44799,42.73222],[13.44112,42.72617],[13.43769,42.71694],[13.43764,42.70701],[13.44116,42.70366],[13.43757,42.6992],[13.4274,42.70643],[13.3926,42.68738],[13.35776,42.6941],[13.34116,42.70176],[13.31886,42.72273],[13.29365,42.73107],[13.28628,42.74041],[13.2645,42.74018],[13.26037,42.72837],[13.25415,42.72145],[13.20709,42.73087],[13.20073,42.735],[13.18773,42.73354],[13.19924,42.74866],[13.19889,42.75406],[13.1942,42.7585],[13.21719,42.77186],[13.23461,42.77309],[13.23852,42.76095],[13.24136,42.7628],[13.24562,42.76777],[13.25103,42.78919],[13.26403,42.80824],[13.26269,42.81587],[13.2553,42.82258],[13.24773,42.84997],[13.23589,42.86728],[13.23128,42.85433],[13.22099,42.85075],[13.21183,42.84152],[13.18756,42.83448],[13.18064,42.83671],[13.16086,42.8319],[13.15456,42.83462],[13.11225,42.88933],[13.07264,42.90365],[13.05441,42.92018],[13.04315,42.9151],[13.03817,42.90772],[13.02495,42.90257],[13.00928,42.90303],[13.00084,42.90839],[12.99559,42.90248],[13.0022,42.89313],[12.99485,42.88409],[12.99009,42.87087],[12.98699,42.86857],[12.97615,42.8698],[12.97324,42.87743],[12.97528,42.8865],[12.96839,42.90068],[12.9767,42.9261],[12.94933,42.92996],[12.94806,42.94147],[12.93478,42.94545],[12.92717,42.9541],[12.91622,42.95349],[12.89582,42.96459],[12.89856,42.97356],[12.90823,42.98531],[12.88796,43.0098],[12.8977,43.02483],[12.90337,43.02722],[12.90671,43.0354],[12.89305,43.04631],[12.88993,43.05888],[12.89733,43.09348],[12.89218,43.09271],[12.88503,43.09964],[12.88131,43.12121],[12.85853,43.12521],[12.843,43.12234],[12.82965,43.14551],[12.85152,43.15368],[12.86249,43.16597],[12.86818,43.18845],[12.86539,43.20606],[12.86234,43.21125],[12.85058,43.20994],[12.83661,43.21753],[12.8372,43.22518],[12.82814,43.23528],[12.82559,43.24896],[12.82825,43.26059],[12.82476,43.26657],[12.80601,43.27069],[12.78898,43.28323],[12.80099,43.29479],[12.80239,43.30645],[12.79873,43.32504],[12.793,43.33556],[12.7731,43.35029],[12.77006,43.35996],[12.75934,43.36435],[12.75817,43.37272],[12.74905,43.37881],[12.74681,43.39045],[12.77443,43.40197],[12.77966,43.4142],[12.76551,43.42743],[12.76631,43.4454],[12.77644,43.45052],[12.77306,43.45536],[12.76745,43.45985],[12.75553,43.45912],[12.74635,43.46465],[12.73576,43.46375],[12.71527,43.44609],[12.70886,43.42468],[12.66318,43.43683],[12.63731,43.4315],[12.6194,43.41657],[12.62288,43.42239],[12.61958,43.42703],[12.60287,43.43901],[12.5847,43.44505],[12.56426,43.4598],[12.52418,43.49616],[12.51713,43.50886],[12.50082,43.51963]]]}},{"type":"Feature","properties":{"terr":"Lazio","key":"Lazio"},"geometry":{"type":"MultiPolygon","coordinates":[[[[11.81091,42.80692],[11.81487,42.81542],[11.8137,42.82267],[11.83201,42.82682],[11.85059,42.83868],[11.89496,42.83467],[11.90183,42.83157],[11.90842,42.81577],[11.91683,42.80766],[11.92743,42.78092],[11.97948,42.76459],[11.98194,42.75485],[11.97412,42.74938],[11.96873,42.73458],[11.94739,42.72621],[11.94343,42.71901],[11.93117,42.71436],[11.9262,42.70386],[11.94876,42.69601],[11.94133,42.6833],[11.97798,42.67553],[12.00708,42.66245],[12.02979,42.65042],[12.03,42.64324],[12.03973,42.64897],[12.0653,42.6522],[12.07372,42.65667],[12.09451,42.65549],[12.10673,42.66467],[12.1172,42.65097],[12.12406,42.64929],[12.13233,42.66167],[12.14077,42.6563],[12.14703,42.65934],[12.14903,42.66537],[12.16101,42.67691],[12.17622,42.67266],[12.18907,42.66213],[12.19728,42.66385],[12.20434,42.66046],[12.22692,42.64348],[12.22565,42.63555],[12.24292,42.62907],[12.22914,42.61109],[12.23906,42.60696],[12.24756,42.59669],[12.24056,42.59699],[12.24241,42.59281],[12.23585,42.58331],[12.23866,42.57218],[12.26182,42.55999],[12.27504,42.55991],[12.27881,42.55089],[12.27855,42.54156],[12.27316,42.54011],[12.2737,42.53656],[12.26661,42.53653],[12.26676,42.53347],[12.27445,42.52388],[12.28779,42.52192],[12.29027,42.51904],[12.2755,42.516],[12.27477,42.50921],[12.27923,42.5065],[12.29035,42.51061],[12.30735,42.4973],[12.30298,42.49132],[12.29762,42.4949],[12.28951,42.49471],[12.29058,42.49152],[12.29956,42.48753],[12.31415,42.48788],[12.32537,42.49476],[12.34483,42.48494],[12.35123,42.47365],[12.37417,42.48113],[12.37512,42.48572],[12.38406,42.48907],[12.39185,42.49876],[12.40352,42.49996],[12.42139,42.49253],[12.42783,42.48694],[12.41285,42.47878],[12.41244,42.46756],[12.42754,42.46534],[12.43038,42.45802],[12.4179,42.45845],[12.41368,42.45517],[12.41141,42.4451],[12.41946,42.43647],[12.41365,42.4256],[12.42068,42.42158],[12.439,42.42642],[12.45014,42.423],[12.45597,42.42796],[12.4636,42.42909],[12.46732,42.4204],[12.45826,42.4039],[12.44469,42.39882],[12.45144,42.39621],[12.45962,42.3978],[12.46626,42.39489],[12.48032,42.40405],[12.49158,42.39743],[12.51113,42.40357],[12.51824,42.39726],[12.51326,42.39424],[12.51327,42.37862],[12.51894,42.36751],[12.52611,42.36418],[12.53123,42.36507],[12.54894,42.38233],[12.56999,42.38291],[12.60607,42.40353],[12.60539,42.40753],[12.61489,42.41448],[12.61405,42.4251],[12.61099,42.42797],[12.61196,42.43625],[12.61951,42.45191],[12.61898,42.46111],[12.61405,42.4641],[12.62097,42.46846],[12.64108,42.4678],[12.64269,42.46451],[12.63936,42.45912],[12.65026,42.4473],[12.64986,42.44309],[12.67465,42.44242],[12.69415,42.45147],[12.70279,42.4609],[12.71055,42.4635],[12.71433,42.46035],[12.72469,42.46041],[12.73331,42.46794],[12.74157,42.47053],[12.72043,42.48549],[12.71113,42.5008],[12.73154,42.50886],[12.74577,42.50787],[12.75144,42.51139],[12.77354,42.51309],[12.7732,42.53128],[12.80862,42.53589],[12.81804,42.53294],[12.84783,42.5528],[12.87172,42.56112],[12.89273,42.5635],[12.89419,42.57759],[12.88009,42.60236],[12.88052,42.60935],[12.88962,42.61351],[12.89634,42.61644],[12.93012,42.60288],[12.93745,42.61536],[12.9525,42.61893],[12.99868,42.6151],[13.01122,42.61711],[13.01506,42.62088],[13.01216,42.62578],[13.01427,42.63037],[13.02428,42.63904],[13.03098,42.63738],[13.03573,42.628],[13.05857,42.62284],[13.10904,42.64189],[13.11759,42.65013],[13.11819,42.65765],[13.12995,42.65966],[13.14552,42.64618],[13.17414,42.66611],[13.17982,42.67759],[13.17947,42.6834],[13.1759,42.68314],[13.17333,42.68731],[13.19071,42.71044],[13.187,42.7234],[13.18922,42.73358],[13.20073,42.735],[13.20709,42.73087],[13.25415,42.72145],[13.26037,42.72837],[13.2645,42.74018],[13.2859,42.74049],[13.29365,42.73107],[13.31886,42.72273],[13.33647,42.70488],[13.35776,42.6941],[13.35055,42.68196],[13.34968,42.66872],[13.36992,42.64897],[13.38181,42.64981],[13.40828,42.64286],[13.40677,42.62923],[13.39468,42.6217],[13.39689,42.61489],[13.39035,42.60849],[13.389,42.60165],[13.39401,42.59126],[13.38356,42.58569],[13.38178,42.58101],[13.34282,42.5749],[13.32309,42.57975],[13.29328,42.56954],[13.28362,42.58252],[13.2538,42.58197],[13.24594,42.57271],[13.23403,42.5757],[13.22679,42.58284],[13.21247,42.58246],[13.19136,42.58752],[13.19227,42.57797],[13.17427,42.56751],[13.17609,42.55265],[13.16702,42.54152],[13.16215,42.53885],[13.1558,42.54005],[13.16054,42.52202],[13.17777,42.51264],[13.17141,42.48512],[13.17842,42.47934],[13.15405,42.46233],[13.13338,42.45836],[13.11617,42.44391],[13.14111,42.42975],[13.15517,42.41422],[13.1892,42.40022],[13.19416,42.38919],[13.1894,42.38111],[13.15335,42.35699],[13.17165,42.34873],[13.19135,42.33233],[13.20213,42.33111],[13.22032,42.31953],[13.22646,42.31933],[13.22863,42.28845],[13.23461,42.27787],[13.24256,42.26889],[13.25666,42.2648],[13.27124,42.25416],[13.27546,42.24826],[13.27451,42.24363],[13.28137,42.23777],[13.29722,42.23108],[13.31994,42.22964],[13.32713,42.22375],[13.33562,42.2224],[13.34099,42.21733],[13.33189,42.20818],[13.34147,42.19841],[13.35223,42.19128],[13.37279,42.18809],[13.37989,42.18044],[13.36756,42.18006],[13.35396,42.17494],[13.34237,42.17681],[13.35457,42.16737],[13.34483,42.16479],[13.33361,42.16679],[13.32727,42.16386],[13.32272,42.16104],[13.32875,42.15492],[13.31748,42.15365],[13.30529,42.13826],[13.2849,42.13428],[13.27509,42.13773],[13.265,42.13679],[13.24878,42.12743],[13.23723,42.12913],[13.22335,42.14334],[13.2057,42.14844],[13.19271,42.15826],[13.18328,42.15888],[13.17815,42.15337],[13.16971,42.15071],[13.16787,42.15409],[13.12342,42.17699],[13.1134,42.17502],[13.08706,42.17787],[13.0938,42.16004],[13.08484,42.1422],[13.07681,42.13903],[13.0731,42.13194],[13.05982,42.12295],[13.03701,42.119],[13.03078,42.1221],[13.03283,42.10718],[13.02528,42.09546],[13.01849,42.07494],[13.02488,42.06348],[13.02662,42.05003],[13.04648,42.03532],[13.04924,42.02353],[13.06483,42.01244],[13.10102,42.00799],[13.09661,42.02195],[13.09849,42.02616],[13.10497,42.026],[13.12332,42.01822],[13.13995,42.01535],[13.1679,41.9986],[13.19908,41.9865],[13.21616,41.9867],[13.23056,41.98214],[13.24284,41.97153],[13.26676,41.96617],[13.28722,41.94989],[13.29628,41.94861],[13.29826,41.95427],[13.3103,41.95162],[13.32262,41.94516],[13.33396,41.93389],[13.33678,41.92664],[13.3455,41.92218],[13.35121,41.92122],[13.35656,41.92574],[13.36437,41.92475],[13.38399,41.90419],[13.37373,41.88506],[13.36592,41.87928],[13.35984,41.86938],[13.36728,41.86333],[13.36452,41.85424],[13.36854,41.84067],[13.36683,41.83307],[13.37952,41.81746],[13.39099,41.81927],[13.3963,41.83403],[13.40663,41.83753],[13.4169,41.83467],[13.45155,41.82282],[13.4697,41.80663],[13.50508,41.8016],[13.51124,41.78865],[13.52156,41.77981],[13.52043,41.77297],[13.54791,41.76116],[13.56255,41.76117],[13.57182,41.7543],[13.57623,41.75502],[13.5861,41.76643],[13.60182,41.76942],[13.61336,41.77797],[13.63127,41.78265],[13.64276,41.79218],[13.6373,41.80255],[13.64773,41.81101],[13.66289,41.81127],[13.67997,41.80436],[13.69271,41.79152],[13.70555,41.78747],[13.71706,41.79768],[13.72956,41.7989],[13.73122,41.78707],[13.74911,41.77278],[13.74946,41.76059],[13.76591,41.7487],[13.77505,41.74875],[13.79014,41.74297],[13.81254,41.75414],[13.82762,41.73918],[13.88059,41.7283],[13.89171,41.73515],[13.89764,41.73213],[13.90446,41.71819],[13.91931,41.71786],[13.93247,41.69333],[13.95046,41.68042],[13.96736,41.67403],[13.98829,41.65383],[13.9874,41.64792],[13.99389,41.63903],[13.99667,41.62414],[14.01099,41.60754],[14.01017,41.59256],[13.99781,41.57943],[13.99895,41.57448],[14.0041,41.57178],[14.00163,41.56945],[14.00411,41.56655],[14.02366,41.56103],[14.02596,41.55567],[14.0207,41.54236],[14.00526,41.53875],[14.02764,41.52407],[14.01929,41.52186],[14.01268,41.51526],[13.99503,41.51309],[13.97315,41.49434],[13.99278,41.48208],[13.97791,41.46249],[13.96124,41.46395],[13.93124,41.44015],[13.91359,41.43321],[13.91086,41.42868],[13.8917,41.42463],[13.88624,41.42735],[13.87514,41.42642],[13.86123,41.41763],[13.86301,41.4095],[13.87131,41.40381],[13.87633,41.39404],[13.88632,41.38444],[13.87386,41.3753],[13.87081,41.35709],[13.87794,41.3413],[13.87368,41.33562],[13.89481,41.31164],[13.88974,41.29748],[13.88234,41.29094],[13.85617,41.29083],[13.82843,41.28103],[13.82757,41.27746],[13.83402,41.26688],[13.84012,41.26254],[13.83353,41.2522],[13.81685,41.24367],[13.80165,41.24597],[13.77197,41.2421],[13.76211,41.2226],[13.70685,41.25393],[13.68195,41.24413],[13.65341,41.25722],[13.62104,41.26072],[13.58583,41.24771],[13.57385,41.24019],[13.56811,41.22972],[13.57158,41.21617],[13.59125,41.20915],[13.57559,41.20392],[13.56938,41.20422],[13.57,41.20783],[13.55782,41.21126],[13.54937,41.20675],[13.52355,41.22305],[13.50121,41.22769],[13.48491,41.23806],[13.47521,41.23979],[13.47016,41.23745],[13.44551,41.25266],[13.37935,41.27973],[13.3319,41.29202],[13.29161,41.29752],[13.26861,41.29572],[13.26274,41.28839],[13.2513,41.28325],[13.20747,41.28333],[13.16383,41.27248],[13.10539,41.24122],[13.09452,41.22443],[13.06826,41.22172],[13.04555,41.22679],[13.04008,41.231],[13.03364,41.24098],[13.03552,41.25059],[13.02279,41.27657],[13.00463,41.30545],[12.98025,41.33571],[12.9501,41.36234],[12.9033,41.39084],[12.87667,41.40363],[12.84084,41.41434],[12.80789,41.41394],[12.78079,41.41779],[12.77213,41.41611],[12.76549,41.41013],[12.7016,41.44684],[12.66914,41.4565],[12.64232,41.45328],[12.62998,41.44696],[12.63122,41.44421],[12.62235,41.4447],[12.60657,41.469],[12.55278,41.53404],[12.43711,41.64077],[12.38902,41.67513],[12.35215,41.69684],[12.28401,41.72631],[12.23417,41.74059],[12.25621,41.74616],[12.23625,41.74214],[12.22524,41.74478],[12.22998,41.75137],[12.21984,41.77054],[12.22422,41.78189],[12.20351,41.82974],[12.17767,41.87353],[12.14098,41.91606],[12.11866,41.92936],[12.09203,41.93581],[12.07585,41.94741],[12.04979,41.95651],[12.02398,41.98384],[12.00744,41.99189],[11.9792,41.99667],[11.96389,42.01426],[11.91573,42.03937],[11.89431,42.04007],[11.84499,42.03019],[11.83304,42.03091],[11.83268,42.03708],[11.82014,42.04954],[11.81912,42.05614],[11.80971,42.06283],[11.80955,42.06644],[11.81446,42.06039],[11.80677,42.08041],[11.79425,42.08878],[11.78671,42.0889],[11.77228,42.0999],[11.78724,42.08944],[11.7905,42.09154],[11.77818,42.10308],[11.77511,42.10149],[11.76979,42.10722],[11.77289,42.10894],[11.76802,42.12017],[11.75496,42.12719],[11.74638,42.13795],[11.74344,42.14878],[11.73377,42.15806],[11.73947,42.17109],[11.72068,42.19042],[11.69578,42.23491],[11.68099,42.24554],[11.66373,42.2692],[11.63247,42.29553],[11.55642,42.33839],[11.45113,42.37725],[11.45502,42.38814],[11.44978,42.39404],[11.47649,42.41342],[11.48216,42.4201],[11.48103,42.4336],[11.48889,42.43937],[11.51743,42.43353],[11.54428,42.44216],[11.55654,42.43894],[11.61771,42.43604],[11.61634,42.45503],[11.62003,42.47472],[11.61632,42.48839],[11.59524,42.49559],[11.58054,42.50877],[11.56734,42.50992],[11.56124,42.51729],[11.56883,42.53383],[11.58435,42.54275],[11.57856,42.56621],[11.58072,42.56792],[11.5886,42.57107],[11.60089,42.5698],[11.61619,42.55987],[11.62611,42.56943],[11.63605,42.56493],[11.64337,42.56635],[11.65717,42.57716],[11.66596,42.5762],[11.68146,42.58133],[11.68594,42.58531],[11.68005,42.59531],[11.70019,42.601],[11.71111,42.61091],[11.72419,42.6108],[11.72741,42.60637],[11.73597,42.60666],[11.7385,42.61328],[11.75183,42.6256],[11.74976,42.63965],[11.78089,42.63468],[11.79645,42.64349],[11.80478,42.644],[11.80894,42.65867],[11.80099,42.66827],[11.78452,42.67132],[11.78652,42.68863],[11.78114,42.70533],[11.78144,42.70746],[11.80156,42.70719],[11.80936,42.73388],[11.81866,42.74577],[11.81344,42.74592],[11.8067,42.75373],[11.77942,42.75802],[11.77389,42.76876],[11.76126,42.78098],[11.74602,42.78576],[11.75335,42.80224],[11.76857,42.81541],[11.7685,42.81996],[11.77587,42.82067],[11.78639,42.81629],[11.80604,42.79506],[11.81143,42.79914],[11.81091,42.80692]]],[[[12.96739,40.92128],[12.95904,40.89645],[12.96726,40.89354],[12.96042,40.88218],[12.95344,40.88006],[12.94789,40.88703],[12.95414,40.89493],[12.94234,40.90079],[12.94909,40.91746],[12.96256,40.92041],[12.97058,40.93016],[12.9821,40.93584],[12.99497,40.93399],[12.99254,40.92999],[12.96739,40.92128]]],[[[13.00029,40.93272],[12.99766,40.93571],[13.00354,40.93751],[13.00029,40.93272]]],[[[12.86028,40.92974],[12.85163,40.92531],[12.84983,40.92913],[12.85463,40.93268],[12.85654,40.94115],[12.8542,40.94961],[12.85933,40.94881],[12.86025,40.94584],[12.86028,40.92974]]],[[[13.05874,40.96525],[13.05079,40.96543],[13.04809,40.9706],[13.05566,40.97437],[13.06157,40.97345],[13.06498,40.96695],[13.05874,40.96525]]],[[[13.45526,40.78719],[13.45009,40.79081],[13.45863,40.79041],[13.45526,40.78719]]],[[[13.42748,40.78984],[13.41415,40.78487],[13.4076,40.78554],[13.41686,40.78911],[13.43104,40.80386],[13.435,40.79578],[13.42748,40.78984]]]]}},{"type":"Feature","properties":{"terr":"Abruzzo","key":"Abruzzo"},"geometry":{"type":"Polygon","coordinates":[[[13.94102,41.68797],[13.93154,41.69437],[13.91931,41.71786],[13.90446,41.71819],[13.89764,41.73213],[13.89171,41.73515],[13.88059,41.7283],[13.85645,41.73123],[13.82348,41.74088],[13.81162,41.75426],[13.79014,41.74297],[13.77505,41.74875],[13.76591,41.7487],[13.74946,41.76059],[13.74911,41.77278],[13.73122,41.78707],[13.72956,41.7989],[13.71706,41.79768],[13.70555,41.78747],[13.69271,41.79152],[13.67997,41.80436],[13.66289,41.81127],[13.64773,41.81101],[13.6373,41.80255],[13.64276,41.79218],[13.63127,41.78265],[13.61336,41.77797],[13.60182,41.76942],[13.5861,41.76643],[13.57623,41.75502],[13.57182,41.7543],[13.56255,41.76117],[13.54791,41.76116],[13.52043,41.77297],[13.52156,41.77981],[13.51124,41.78865],[13.50508,41.8016],[13.4697,41.80663],[13.45155,41.82282],[13.4169,41.83467],[13.40663,41.83753],[13.3963,41.83403],[13.39099,41.81927],[13.37952,41.81746],[13.36683,41.83307],[13.36854,41.84067],[13.36452,41.85424],[13.36728,41.86333],[13.35984,41.86938],[13.36592,41.87928],[13.37373,41.88506],[13.38399,41.90419],[13.36525,41.92413],[13.35656,41.92574],[13.35121,41.92122],[13.3455,41.92218],[13.33678,41.92664],[13.33396,41.93389],[13.32262,41.94516],[13.3103,41.95162],[13.29826,41.95427],[13.29628,41.94861],[13.28722,41.94989],[13.26676,41.96617],[13.24284,41.97153],[13.23056,41.98214],[13.21616,41.9867],[13.19908,41.9865],[13.1679,41.9986],[13.13995,42.01535],[13.12332,42.01822],[13.10497,42.026],[13.09849,42.02616],[13.09661,42.02195],[13.10102,42.00799],[13.06483,42.01244],[13.04924,42.02353],[13.04648,42.03532],[13.02662,42.05003],[13.02488,42.06348],[13.01849,42.07494],[13.02528,42.09546],[13.03283,42.10718],[13.03078,42.1221],[13.03701,42.119],[13.05982,42.12295],[13.0731,42.13194],[13.07681,42.13903],[13.08484,42.1422],[13.0938,42.16004],[13.08706,42.17787],[13.1134,42.17502],[13.12342,42.17699],[13.16787,42.15409],[13.16971,42.15071],[13.17815,42.15337],[13.18328,42.15888],[13.19271,42.15826],[13.2057,42.14844],[13.22335,42.14334],[13.23723,42.12913],[13.24878,42.12743],[13.265,42.13679],[13.27509,42.13773],[13.2849,42.13428],[13.30529,42.13826],[13.31748,42.15365],[13.32875,42.15492],[13.32272,42.16104],[13.32727,42.16386],[13.33361,42.16679],[13.34483,42.16479],[13.35457,42.16737],[13.34237,42.17681],[13.35396,42.17494],[13.36756,42.18006],[13.37989,42.18044],[13.37279,42.18809],[13.35223,42.19128],[13.34147,42.19841],[13.33189,42.20818],[13.34099,42.21733],[13.33562,42.2224],[13.32713,42.22375],[13.31994,42.22964],[13.29722,42.23108],[13.28137,42.23777],[13.27451,42.24363],[13.27546,42.24826],[13.27124,42.25416],[13.25666,42.2648],[13.24256,42.26889],[13.23461,42.27787],[13.22863,42.28845],[13.22646,42.31933],[13.22032,42.31953],[13.20213,42.33111],[13.19135,42.33233],[13.17165,42.34873],[13.15335,42.35699],[13.1894,42.38111],[13.19416,42.38919],[13.1892,42.40022],[13.15517,42.41422],[13.14111,42.42975],[13.11617,42.44391],[13.13338,42.45836],[13.15405,42.46233],[13.17842,42.47934],[13.17141,42.48512],[13.17777,42.51264],[13.16054,42.52202],[13.1558,42.54005],[13.16215,42.53885],[13.16702,42.54152],[13.17609,42.55265],[13.17427,42.56751],[13.19227,42.57797],[13.19136,42.58752],[13.21247,42.58246],[13.22679,42.58284],[13.23403,42.5757],[13.24594,42.57271],[13.2538,42.58197],[13.28362,42.58252],[13.29328,42.56954],[13.32309,42.57975],[13.34282,42.5749],[13.38178,42.58101],[13.38356,42.58569],[13.39401,42.59126],[13.389,42.60165],[13.39068,42.60912],[13.39689,42.61489],[13.39468,42.6217],[13.40642,42.6288],[13.40975,42.63905],[13.40828,42.64286],[13.38181,42.64981],[13.36992,42.64897],[13.34968,42.66872],[13.35055,42.68196],[13.35886,42.69583],[13.38998,42.68716],[13.4274,42.70643],[13.437,42.69892],[13.44116,42.70366],[13.43764,42.70701],[13.43769,42.71694],[13.44112,42.72617],[13.44799,42.73222],[13.46325,42.73481],[13.47973,42.73228],[13.49344,42.73662],[13.50463,42.74761],[13.50181,42.7628],[13.50421,42.77474],[13.52973,42.79599],[13.53448,42.81664],[13.54365,42.81695],[13.55503,42.8044],[13.57225,42.80037],[13.58988,42.80651],[13.60152,42.80636],[13.6244,42.81654],[13.62836,42.815],[13.62877,42.80694],[13.63552,42.8033],[13.6636,42.80713],[13.67645,42.81514],[13.6993,42.82262],[13.71088,42.84336],[13.70627,42.84557],[13.70661,42.84932],[13.72248,42.85535],[13.77796,42.86045],[13.80405,42.86865],[13.81932,42.87891],[13.87487,42.88886],[13.87686,42.89471],[13.87984,42.89508],[13.87999,42.89121],[13.90454,42.89467],[13.91974,42.89238],[13.92936,42.8495],[13.94406,42.80414],[13.97262,42.75181],[13.97901,42.75407],[13.97464,42.75125],[13.97575,42.74796],[13.99583,42.70834],[14.03885,42.65478],[14.07213,42.60545],[14.12373,42.54946],[14.206,42.47854],[14.22585,42.46769],[14.229,42.46985],[14.23417,42.4678],[14.23666,42.4653],[14.22775,42.46785],[14.23169,42.46406],[14.2347,42.46561],[14.23205,42.46356],[14.2348,42.45936],[14.25992,42.44096],[14.34283,42.39359],[14.39069,42.3731],[14.3994,42.36323],[14.40992,42.35809],[14.41015,42.34788],[14.4267,42.32518],[14.4412,42.31232],[14.50241,42.27181],[14.50105,42.26058],[14.5096,42.25155],[14.56306,42.22393],[14.62079,42.19927],[14.69892,42.17446],[14.71053,42.1723],[14.71406,42.1739],[14.7117,42.1777],[14.71669,42.1721],[14.72025,42.15557],[14.71704,42.15004],[14.71865,42.13407],[14.72285,42.12539],[14.71835,42.10567],[14.74431,42.08448],[14.77955,42.06983],[14.77242,42.0632],[14.7608,42.0422],[14.77353,42.03982],[14.78301,42.03379],[14.76431,42.01723],[14.72413,42.00046],[14.70114,41.9768],[14.70087,41.97271],[14.69148,41.9686],[14.66864,41.94663],[14.66554,41.94111],[14.66712,41.93264],[14.66376,41.91629],[14.64132,41.89934],[14.61424,41.88919],[14.61134,41.88016],[14.59899,41.86302],[14.59771,41.85104],[14.58474,41.84214],[14.56798,41.81812],[14.55077,41.81659],[14.53945,41.80248],[14.53469,41.79925],[14.53095,41.80069],[14.53368,41.79229],[14.52886,41.787],[14.49909,41.77278],[14.48955,41.76097],[14.45479,41.76336],[14.45806,41.77154],[14.46514,41.77718],[14.45474,41.79581],[14.44683,41.83442],[14.44233,41.84126],[14.43237,41.84115],[14.42645,41.85092],[14.39745,41.86974],[14.37887,41.86587],[14.37668,41.87993],[14.36109,41.8743],[14.36452,41.86908],[14.35814,41.85995],[14.34301,41.86252],[14.34338,41.86922],[14.32758,41.88582],[14.32389,41.89629],[14.30398,41.89339],[14.2842,41.91078],[14.27753,41.90816],[14.26637,41.8958],[14.25314,41.89177],[14.24638,41.88263],[14.22687,41.8748],[14.2264,41.86838],[14.21663,41.85344],[14.2107,41.85409],[14.19545,41.84817],[14.19502,41.84153],[14.18168,41.84689],[14.16244,41.83901],[14.15562,41.83961],[14.14716,41.8273],[14.16445,41.80988],[14.17146,41.77844],[14.1768,41.77372],[14.19429,41.77341],[14.20191,41.767],[14.19465,41.75817],[14.19418,41.74814],[14.17871,41.74921],[14.17542,41.75357],[14.1755,41.76413],[14.17183,41.76577],[14.16358,41.75947],[14.16111,41.75432],[14.16289,41.7507],[14.15868,41.74702],[14.13392,41.74282],[14.12193,41.74648],[14.11526,41.73693],[14.12328,41.72607],[14.11846,41.7164],[14.1072,41.70736],[14.0944,41.73794],[14.06957,41.73723],[14.05308,41.71904],[14.05325,41.7017],[14.02692,41.7027],[14.01882,41.68213],[13.99441,41.69369],[13.98192,41.69514],[13.95513,41.69547],[13.94102,41.68797]]]}},{"type":"Feature","properties":{"terr":"Molise","key":"Molise"},"geometry":{"type":"Polygon","coordinates":[[[14.41933,41.43515],[14.41251,41.44122],[14.40094,41.4372],[14.3898,41.44294],[14.34218,41.45408],[14.32716,41.45344],[14.30472,41.46643],[14.28428,41.4721],[14.29214,41.47634],[14.27913,41.48638],[14.24942,41.48455],[14.24075,41.4972],[14.21604,41.49684],[14.20485,41.49993],[14.18279,41.49654],[14.17379,41.5007],[14.1673,41.49442],[14.16466,41.47889],[14.15164,41.48266],[14.12262,41.50729],[14.11861,41.50514],[14.11837,41.49661],[14.09983,41.48127],[14.09669,41.47328],[14.08241,41.46545],[14.08681,41.45966],[14.07837,41.44708],[14.10523,41.42325],[14.10749,41.41643],[14.10344,41.40228],[14.1081,41.3996],[14.11367,41.38866],[14.11144,41.38643],[14.0961,41.3902],[14.08945,41.3982],[14.08346,41.40015],[14.04239,41.39278],[14.02869,41.40837],[14.02998,41.4119],[14.02658,41.41669],[14.01659,41.42412],[14.00568,41.42457],[14.00071,41.43093],[14.00802,41.43957],[14.00704,41.45188],[13.97791,41.46249],[13.99278,41.48208],[13.97269,41.49341],[13.99503,41.51309],[14.01268,41.51526],[14.01929,41.52186],[14.0275,41.52321],[14.00526,41.53875],[14.0207,41.54236],[14.02601,41.55533],[14.02366,41.56103],[14.00411,41.56655],[14.00163,41.56945],[14.0041,41.57178],[13.99882,41.57488],[13.99781,41.57943],[14.01017,41.59256],[14.01099,41.60754],[13.99667,41.62414],[13.99389,41.63903],[13.9874,41.64792],[13.98829,41.65383],[13.96736,41.67403],[13.95046,41.68042],[13.94102,41.68797],[13.95513,41.69547],[13.98192,41.69514],[13.99441,41.69369],[14.01882,41.68213],[14.02692,41.7027],[14.05325,41.7017],[14.05308,41.71904],[14.06957,41.73723],[14.0944,41.73794],[14.1072,41.70736],[14.11846,41.7164],[14.12328,41.72607],[14.11526,41.73693],[14.12193,41.74648],[14.13392,41.74282],[14.15868,41.74702],[14.16289,41.7507],[14.16111,41.75432],[14.16358,41.75947],[14.17183,41.76577],[14.1755,41.76413],[14.17542,41.75357],[14.17871,41.74921],[14.19418,41.74814],[14.19465,41.75817],[14.20191,41.767],[14.19429,41.77341],[14.1768,41.77372],[14.17146,41.77844],[14.16445,41.80988],[14.14716,41.8273],[14.15562,41.83961],[14.16244,41.83901],[14.18168,41.84689],[14.19502,41.84153],[14.19545,41.84817],[14.2107,41.85409],[14.21663,41.85344],[14.2264,41.86838],[14.22687,41.8748],[14.24638,41.88263],[14.25314,41.89177],[14.26637,41.8958],[14.27753,41.90816],[14.2842,41.91078],[14.30398,41.89339],[14.32389,41.89629],[14.32758,41.88582],[14.34338,41.86922],[14.34301,41.86252],[14.35814,41.85995],[14.36452,41.86908],[14.36109,41.8743],[14.37668,41.87993],[14.37887,41.86587],[14.39745,41.86974],[14.42645,41.85092],[14.43237,41.84115],[14.44233,41.84126],[14.44683,41.83442],[14.45474,41.79581],[14.46514,41.77718],[14.45806,41.77154],[14.45479,41.76336],[14.48955,41.76097],[14.49909,41.77278],[14.52886,41.787],[14.53368,41.79229],[14.53095,41.80069],[14.53469,41.79925],[14.53945,41.80248],[14.55077,41.81659],[14.56798,41.81812],[14.58474,41.84214],[14.59771,41.85104],[14.59899,41.86302],[14.61134,41.88016],[14.61424,41.88919],[14.64132,41.89934],[14.66376,41.91629],[14.66712,41.93264],[14.66554,41.94111],[14.66864,41.94663],[14.69148,41.9686],[14.70087,41.97271],[14.70114,41.9768],[14.72413,42.00046],[14.76431,42.01723],[14.7804,42.02993],[14.78225,42.03511],[14.7608,42.0422],[14.77242,42.0632],[14.77955,42.06983],[14.79246,42.06646],[14.83939,42.04228],[14.88919,42.0244],[14.99359,42.00479],[15.00414,41.99105],[15.03344,41.97722],[15.07914,41.94265],[15.13805,41.92665],[15.13124,41.90085],[15.13806,41.89075],[15.1388,41.87928],[15.12999,41.87326],[15.11853,41.85421],[15.10379,41.84701],[15.10099,41.83748],[15.10027,41.83379],[15.11644,41.81454],[15.11373,41.80822],[15.11599,41.79906],[15.11514,41.78956],[15.10101,41.78201],[15.09703,41.7674],[15.11655,41.74897],[15.10328,41.74904],[15.10188,41.74276],[15.1209,41.72039],[15.14339,41.71128],[15.15714,41.7121],[15.1615,41.70939],[15.11707,41.69375],[15.10607,41.68561],[15.10246,41.67206],[15.09466,41.67418],[15.08993,41.68182],[15.08585,41.67506],[15.08996,41.672],[15.06956,41.66007],[15.05025,41.65731],[15.0458,41.64829],[15.04518,41.63695],[15.03408,41.63805],[15.02599,41.63457],[15.02348,41.62827],[15.02549,41.62232],[15.00833,41.6223],[14.99047,41.62967],[14.9887,41.63781],[14.969,41.64079],[14.95954,41.64604],[14.94821,41.63071],[14.93413,41.62016],[14.94026,41.61233],[14.9478,41.60864],[14.94525,41.60061],[14.95031,41.59266],[14.94658,41.58232],[14.94854,41.57375],[14.93747,41.54756],[14.93715,41.52748],[14.94512,41.52183],[14.95392,41.52285],[14.96639,41.51901],[14.98006,41.50545],[15.00762,41.48639],[14.99054,41.48014],[14.98227,41.46907],[14.95788,41.46265],[14.94689,41.45608],[14.91084,41.45188],[14.88442,41.44478],[14.8677,41.42782],[14.85656,41.42475],[14.84312,41.42661],[14.82444,41.43468],[14.80634,41.44736],[14.78545,41.45225],[14.7713,41.44185],[14.77233,41.43351],[14.7651,41.42491],[14.7647,41.41737],[14.74619,41.40854],[14.71686,41.40078],[14.69962,41.41084],[14.68555,41.41134],[14.67144,41.40664],[14.66085,41.39315],[14.65277,41.39775],[14.64341,41.39402],[14.61464,41.36824],[14.60304,41.36396],[14.58545,41.37114],[14.58895,41.37507],[14.58624,41.38042],[14.5749,41.38999],[14.56633,41.39213],[14.55182,41.37943],[14.52351,41.38528],[14.50507,41.3825],[14.49991,41.38805],[14.48861,41.39071],[14.48323,41.40479],[14.47799,41.41017],[14.48241,41.41398],[14.47735,41.41898],[14.46586,41.41981],[14.45529,41.42783],[14.42761,41.42911],[14.41933,41.43515]]]}},{"type":"Feature","properties":{"terr":"Campania","key":"Campania"},"geometry":{"type":"MultiPolygon","coordinates":[[[[14.12527,41.50737],[14.15164,41.48266],[14.16466,41.47889],[14.1673,41.49442],[14.17379,41.5007],[14.18279,41.49654],[14.20485,41.49993],[14.21604,41.49684],[14.24075,41.4972],[14.24942,41.48455],[14.27913,41.48638],[14.29214,41.47634],[14.28428,41.4721],[14.30472,41.46643],[14.32716,41.45344],[14.34218,41.45408],[14.3898,41.44294],[14.40094,41.4372],[14.41251,41.44122],[14.42761,41.42911],[14.45529,41.42783],[14.46586,41.41981],[14.47735,41.41898],[14.48241,41.41398],[14.47799,41.41017],[14.48323,41.40479],[14.48861,41.39071],[14.49991,41.38805],[14.50507,41.3825],[14.52351,41.38528],[14.55182,41.37943],[14.56633,41.39213],[14.5749,41.38999],[14.58624,41.38042],[14.58895,41.37507],[14.58545,41.37114],[14.60304,41.36396],[14.61464,41.36824],[14.64341,41.39402],[14.65277,41.39775],[14.66085,41.39315],[14.67144,41.40664],[14.68555,41.41134],[14.69962,41.41084],[14.71686,41.40078],[14.74619,41.40854],[14.7647,41.41737],[14.7651,41.42491],[14.77233,41.43351],[14.7713,41.44185],[14.78545,41.45225],[14.80634,41.44736],[14.82444,41.43468],[14.84312,41.42661],[14.85656,41.42475],[14.8677,41.42782],[14.88442,41.44478],[14.91084,41.45188],[14.94689,41.45608],[14.95788,41.46265],[14.98227,41.46907],[14.99054,41.48014],[15.00762,41.48639],[15.02389,41.47695],[15.03244,41.45268],[15.04312,41.45676],[15.04317,41.44715],[15.04679,41.44334],[15.06315,41.44061],[15.07625,41.43278],[15.09834,41.43403],[15.10083,41.42967],[15.10329,41.42094],[15.09172,41.41792],[15.08664,41.40723],[15.09831,41.39057],[15.08155,41.38773],[15.07077,41.37743],[15.05847,41.37213],[15.06119,41.35755],[15.0683,41.35058],[15.06691,41.34297],[15.07219,41.33246],[15.09993,41.3277],[15.1126,41.31929],[15.13056,41.31719],[15.12677,41.30295],[15.13989,41.29277],[15.13629,41.28688],[15.14916,41.28045],[15.15336,41.2834],[15.2007,41.28635],[15.19974,41.27945],[15.21574,41.27594],[15.22044,41.26519],[15.22845,41.26644],[15.23568,41.27231],[15.249,41.27099],[15.27566,41.24954],[15.27984,41.24079],[15.26138,41.23697],[15.2528,41.23878],[15.24574,41.23503],[15.24607,41.22396],[15.26242,41.19763],[15.2275,41.18493],[15.20935,41.16769],[15.21056,41.14892],[15.22027,41.14285],[15.23566,41.13988],[15.25676,41.11742],[15.26335,41.11479],[15.26431,41.10532],[15.26719,41.10664],[15.28257,41.09733],[15.29791,41.09331],[15.31436,41.10389],[15.33192,41.09635],[15.35162,41.09477],[15.36659,41.08478],[15.38245,41.09273],[15.39638,41.10682],[15.40128,41.10598],[15.42749,41.09282],[15.4461,41.07801],[15.46093,41.07599],[15.47835,41.07866],[15.48949,41.07003],[15.54669,41.05277],[15.55137,41.03896],[15.56315,41.03102],[15.55843,41.02351],[15.55955,41.01697],[15.56635,41.01253],[15.57227,40.99665],[15.5685,40.99089],[15.56662,40.96878],[15.54229,40.9464],[15.53492,40.91974],[15.52847,40.91384],[15.52724,40.90783],[15.46763,40.8896],[15.47302,40.87434],[15.46082,40.86715],[15.4537,40.86823],[15.44473,40.87682],[15.42992,40.87963],[15.40273,40.88161],[15.40136,40.87829],[15.38811,40.87562],[15.38356,40.87655],[15.37523,40.88584],[15.35417,40.88265],[15.35525,40.87089],[15.36651,40.87194],[15.37836,40.86767],[15.37521,40.85954],[15.37768,40.83645],[15.37418,40.83484],[15.36098,40.83918],[15.33497,40.83488],[15.34056,40.8289],[15.35524,40.82383],[15.36646,40.81214],[15.3805,40.81095],[15.3794,40.80621],[15.36611,40.80049],[15.36664,40.79831],[15.37787,40.79472],[15.38829,40.79539],[15.3804,40.78058],[15.39111,40.76725],[15.38368,40.76363],[15.37914,40.75129],[15.38327,40.73592],[15.38148,40.72415],[15.40909,40.71304],[15.42894,40.69259],[15.44612,40.68709],[15.47,40.67317],[15.48719,40.67284],[15.49256,40.66401],[15.50363,40.66367],[15.50129,40.65566],[15.49209,40.64749],[15.46746,40.63894],[15.46484,40.62968],[15.44947,40.6091],[15.46091,40.60444],[15.47402,40.59266],[15.48545,40.59368],[15.49087,40.58685],[15.51013,40.58575],[15.5158,40.57941],[15.51419,40.57414],[15.51989,40.57049],[15.53261,40.57305],[15.53934,40.56806],[15.52658,40.55733],[15.53082,40.55593],[15.5361,40.54757],[15.53811,40.54147],[15.53598,40.53537],[15.5453,40.53166],[15.53975,40.52357],[15.53531,40.52226],[15.55047,40.50925],[15.53522,40.49964],[15.53958,40.49269],[15.53886,40.48805],[15.57873,40.46889],[15.57858,40.46277],[15.59179,40.44603],[15.58673,40.4436],[15.62947,40.42462],[15.64026,40.4155],[15.64798,40.41401],[15.66273,40.39249],[15.67158,40.39791],[15.71012,40.3773],[15.70919,40.36915],[15.70436,40.36372],[15.70475,40.34224],[15.72098,40.3245],[15.73084,40.32217],[15.72688,40.31545],[15.74764,40.29922],[15.765,40.29835],[15.79229,40.28978],[15.80636,40.27323],[15.79962,40.26779],[15.79995,40.25742],[15.80537,40.25141],[15.78981,40.24407],[15.78735,40.23663],[15.79051,40.22931],[15.79718,40.22485],[15.79572,40.22192],[15.78992,40.21756],[15.77408,40.21734],[15.75121,40.2018],[15.73916,40.20276],[15.73126,40.19933],[15.72975,40.18633],[15.71253,40.17844],[15.71649,40.16959],[15.70106,40.16062],[15.70145,40.15317],[15.70938,40.13861],[15.7055,40.13461],[15.70317,40.12185],[15.70583,40.11773],[15.67698,40.08447],[15.65191,40.07914],[15.67186,40.07035],[15.67576,40.06417],[15.67616,40.0549],[15.64534,40.04296],[15.62684,40.05625],[15.62686,40.06221],[15.63251,40.06822],[15.62547,40.07408],[15.6175,40.06866],[15.60303,40.07418],[15.57302,40.07831],[15.53067,40.07383],[15.50329,40.06405],[15.49161,40.05227],[15.48441,40.03836],[15.47801,40.0403],[15.4601,40.0337],[15.41904,39.99056],[15.38171,40.00076],[15.35686,39.99912],[15.34156,40.00554],[15.31486,40.03188],[15.30159,40.02968],[15.2913,40.02343],[15.2709,40.023],[15.26736,40.02499],[15.26788,40.03146],[15.2788,40.02967],[15.28531,40.03529],[15.28159,40.05552],[15.27124,40.07423],[15.26313,40.08257],[15.23935,40.09332],[15.20623,40.12314],[15.17884,40.12728],[15.13289,40.17096],[15.11789,40.17725],[15.10026,40.17322],[15.08538,40.17366],[15.06585,40.1644],[15.05349,40.17106],[15.03996,40.17053],[15.02454,40.18227],[15.01182,40.20211],[14.99089,40.21895],[14.9687,40.22204],[14.95153,40.23341],[14.93997,40.23325],[14.93526,40.22859],[14.9089,40.24342],[14.90648,40.25395],[14.93328,40.26714],[14.94346,40.2757],[14.94653,40.30415],[14.9447,40.3129],[14.93931,40.31933],[14.9448,40.33557],[14.95543,40.3398],[14.96823,40.34038],[14.98266,40.35483],[14.9794,40.35077],[14.99729,40.35693],[15.00132,40.3763],[14.99905,40.3897],[14.98033,40.42907],[14.93926,40.48639],[14.89338,40.56662],[14.85443,40.61183],[14.79591,40.66103],[14.77162,40.67337],[14.75738,40.67781],[14.75203,40.6752],[14.75494,40.67212],[14.74763,40.6778],[14.74322,40.6757],[14.74473,40.67244],[14.74179,40.66944],[14.73316,40.6705],[14.71874,40.66658],[14.69167,40.6343],[14.67853,40.63294],[14.63846,40.64843],[14.6249,40.64788],[14.6079,40.63437],[14.59975,40.6333],[14.58455,40.62475],[14.57211,40.6114],[14.5694,40.61572],[14.53927,40.61331],[14.52865,40.60727],[14.52211,40.60914],[14.51087,40.62002],[14.49542,40.62704],[14.48628,40.62754],[14.46391,40.61796],[14.45168,40.6193],[14.43793,40.61279],[14.41891,40.61029],[14.40803,40.59958],[14.35231,40.58208],[14.32452,40.56904],[14.32044,40.58781],[14.32522,40.59081],[14.34179,40.61852],[14.33939,40.6282],[14.34679,40.627],[14.35128,40.63453],[14.36454,40.62774],[14.37101,40.62783],[14.3997,40.63798],[14.40559,40.6436],[14.40796,40.6516],[14.4036,40.65631],[14.43002,40.66593],[14.43871,40.68149],[14.44798,40.68739],[14.47128,40.69585],[14.47061,40.6921],[14.47374,40.69152],[14.47925,40.69596],[14.48191,40.70322],[14.47797,40.71459],[14.46624,40.73601],[14.45586,40.74794],[14.44639,40.75492],[14.41348,40.75231],[14.39551,40.75939],[14.36323,40.78662],[14.36025,40.78489],[14.35698,40.79146],[14.33556,40.80588],[14.33371,40.81248],[14.32441,40.81952],[14.30511,40.83165],[14.27393,40.84469],[14.26223,40.84379],[14.25291,40.83497],[14.22325,40.82917],[14.22054,40.82648],[14.22451,40.82647],[14.21627,40.82197],[14.20612,40.80907],[14.20726,40.80076],[14.18729,40.79226],[14.17448,40.79916],[14.16142,40.79284],[14.1598,40.79757],[14.16814,40.79716],[14.1734,40.80231],[14.16568,40.81132],[14.15921,40.80804],[14.16585,40.81193],[14.16217,40.81532],[14.12079,40.82057],[14.11742,40.82773],[14.10482,40.83168],[14.08548,40.82971],[14.07167,40.81893],[14.08192,40.81185],[14.08476,40.7934],[14.09038,40.78344],[14.08946,40.7778],[14.0838,40.78507],[14.07777,40.78734],[14.04171,40.79114],[14.04791,40.83236],[14.04563,40.86084],[14.03257,40.89899],[14.01695,40.92691],[13.99929,40.9531],[13.97804,40.9766],[13.92248,41.02654],[13.89633,41.08723],[13.83573,41.1628],[13.81388,41.18449],[13.76211,41.2226],[13.77197,41.2421],[13.80165,41.24597],[13.81685,41.24367],[13.83353,41.2522],[13.84012,41.26254],[13.83402,41.26688],[13.82757,41.27746],[13.82843,41.28103],[13.85617,41.29083],[13.88234,41.29094],[13.88974,41.29748],[13.89481,41.31164],[13.87368,41.33562],[13.87794,41.3413],[13.87081,41.35709],[13.87386,41.3753],[13.88632,41.38444],[13.87633,41.39404],[13.87131,41.40381],[13.86301,41.4095],[13.8618,41.41809],[13.87514,41.42642],[13.88624,41.42735],[13.8917,41.42463],[13.91086,41.42868],[13.91359,41.43321],[13.93124,41.44015],[13.96124,41.46395],[13.96565,41.46407],[14.00704,41.45188],[14.00802,41.43957],[14.00071,41.43093],[14.00568,41.42457],[14.01659,41.42412],[14.02658,41.41669],[14.02998,41.4119],[14.02869,41.40837],[14.04239,41.39278],[14.06062,41.39804],[14.08477,41.40003],[14.0961,41.3902],[14.11144,41.38643],[14.11338,41.39062],[14.10319,41.40343],[14.10749,41.41643],[14.10523,41.42325],[14.07837,41.44708],[14.08681,41.45966],[14.08241,41.46545],[14.09669,41.47328],[14.09983,41.48127],[14.11837,41.49661],[14.11951,41.50652],[14.12527,41.50737]]],[[[14.23107,40.54169],[14.19794,40.53681],[14.19817,40.55937],[14.21307,40.56199],[14.24386,40.55579],[14.2526,40.55659],[14.26024,40.56146],[14.26635,40.5566],[14.25289,40.54162],[14.2444,40.54667],[14.23107,40.54169]]],[[[13.95416,40.70728],[13.95406,40.70066],[13.94866,40.7051],[13.93972,40.70665],[13.92219,40.69716],[13.90521,40.70179],[13.87366,40.69691],[13.86158,40.7033],[13.85104,40.71104],[13.86121,40.7174],[13.85857,40.73806],[13.86444,40.74182],[13.86855,40.75235],[13.86189,40.75742],[13.87114,40.76162],[13.87707,40.75686],[13.88328,40.75957],[13.89008,40.75256],[13.90992,40.75239],[13.90577,40.74954],[13.92413,40.74993],[13.93018,40.74633],[13.941,40.74659],[13.93788,40.74483],[13.94069,40.74291],[13.94257,40.7453],[13.95397,40.742],[13.96529,40.7127],[13.95416,40.70728]]],[[[14.01707,40.76984],[14.02204,40.75829],[14.01283,40.7486],[14.01762,40.73943],[14.01025,40.74208],[14.00592,40.74906],[14.0042,40.74506],[13.99546,40.74688],[13.99771,40.74012],[13.99017,40.74305],[13.99466,40.74917],[14.00201,40.74748],[14.00969,40.75963],[14.00999,40.76862],[14.01707,40.76984]]]]}},{"type":"Feature","properties":{"terr":"Puglia","key":"Puglia"},"geometry":{"type":"MultiPolygon","coordinates":[[[[15.09831,41.39057],[15.08652,41.40459],[15.09172,41.41792],[15.10343,41.42123],[15.09878,41.43377],[15.07625,41.43278],[15.06315,41.44061],[15.04679,41.44334],[15.04317,41.44715],[15.04312,41.45676],[15.03345,41.4527],[15.0303,41.45539],[15.02389,41.47695],[14.98006,41.50545],[14.96639,41.51901],[14.93857,41.5252],[14.93747,41.54756],[14.94854,41.57375],[14.94658,41.58232],[14.95031,41.59266],[14.94525,41.60061],[14.9478,41.60864],[14.94026,41.61233],[14.93413,41.62016],[14.94821,41.63071],[14.95954,41.64604],[14.969,41.64079],[14.9887,41.63781],[14.99047,41.62967],[15.00833,41.6223],[15.02549,41.62232],[15.02348,41.62827],[15.02599,41.63457],[15.03408,41.63805],[15.04518,41.63695],[15.0458,41.64829],[15.05025,41.65731],[15.06956,41.66007],[15.08996,41.672],[15.08585,41.67506],[15.08993,41.68182],[15.09466,41.67418],[15.10246,41.67206],[15.10607,41.68561],[15.11707,41.69375],[15.1615,41.70939],[15.15714,41.7121],[15.14339,41.71128],[15.1209,41.72039],[15.10188,41.74276],[15.10328,41.74904],[15.11655,41.74897],[15.09703,41.7674],[15.10101,41.78201],[15.11514,41.78956],[15.11599,41.79906],[15.11373,41.80822],[15.11644,41.81454],[15.10027,41.83379],[15.10099,41.83748],[15.10379,41.84701],[15.11853,41.85421],[15.12999,41.87326],[15.1388,41.87928],[15.13806,41.89075],[15.13124,41.90085],[15.13805,41.92665],[15.20061,41.91957],[15.29288,41.92024],[15.33592,41.91673],[15.36339,41.90321],[15.40601,41.90063],[15.48647,41.90674],[15.62305,41.92743],[15.66645,41.92146],[15.67458,41.91546],[15.7021,41.91434],[15.7772,41.91858],[15.92164,41.93278],[15.98386,41.94282],[15.99387,41.94736],[16.00411,41.94594],[16.01215,41.95044],[16.02559,41.94561],[16.05885,41.94542],[16.06106,41.94908],[16.06547,41.94383],[16.0837,41.94118],[16.12092,41.91511],[16.15328,41.90853],[16.15466,41.89873],[16.16198,41.89042],[16.17646,41.88482],[16.17669,41.85511],[16.18483,41.83944],[16.19974,41.82615],[16.19418,41.81692],[16.19773,41.80359],[16.19576,41.79238],[16.18679,41.77234],[16.1676,41.76635],[16.16376,41.75494],[16.14857,41.75047],[16.14004,41.74091],[16.10491,41.72974],[16.08937,41.71481],[16.07355,41.71077],[16.06538,41.69571],[16.03487,41.67722],[15.99084,41.66305],[15.97722,41.65468],[15.94533,41.64337],[15.90332,41.61828],[15.89656,41.601],[15.89423,41.57556],[15.90171,41.53959],[15.92515,41.4945],[15.95675,41.46182],[16.00555,41.43342],[16.10475,41.39755],[16.16868,41.3694],[16.20703,41.35943],[16.26161,41.32874],[16.35906,41.30471],[16.38712,41.29024],[16.42177,41.28021],[16.42752,41.27388],[16.45318,41.25979],[16.46759,41.25576],[16.48164,41.2566],[16.48532,41.25163],[16.50474,41.24731],[16.50487,41.24329],[16.51792,41.2433],[16.53183,41.23875],[16.5445,41.22831],[16.55597,41.22666],[16.57212,41.21819],[16.5822,41.20816],[16.62614,41.19483],[16.66318,41.19163],[16.69909,41.1768],[16.77684,41.16046],[16.79173,41.14866],[16.80963,41.14033],[16.83079,41.13647],[16.83996,41.13879],[16.85435,41.12876],[16.86575,41.13032],[16.87094,41.1364],[16.87117,41.13983],[16.86668,41.14309],[16.85539,41.14396],[16.86822,41.14315],[16.87255,41.13972],[16.87272,41.12588],[16.87905,41.1226],[16.91604,41.11243],[16.92882,41.11176],[16.96064,41.09789],[16.98476,41.09412],[16.99762,41.08813],[17.05707,41.07704],[17.09361,41.06235],[17.09607,41.05876],[17.14258,41.03687],[17.17541,41.0291],[17.20084,41.00944],[17.20284,41.00286],[17.23704,40.99313],[17.26525,40.97324],[17.27186,40.97496],[17.27912,40.97165],[17.2826,40.96626],[17.32827,40.93519],[17.35011,40.90574],[17.38808,40.89306],[17.41483,40.87068],[17.45721,40.84921],[17.46828,40.8395],[17.46997,40.83443],[17.47848,40.82958],[17.55681,40.79891],[17.6342,40.78069],[17.70723,40.75819],[17.7227,40.75099],[17.74626,40.73385],[17.77532,40.72013],[17.79687,40.71378],[17.79998,40.70887],[17.83854,40.69127],[17.92582,40.67946],[17.9339,40.68101],[17.93574,40.68615],[17.94195,40.682],[17.94704,40.66951],[17.95331,40.66398],[17.98399,40.66366],[17.9717,40.66253],[17.96735,40.65497],[17.96745,40.66233],[17.96227,40.66255],[17.95228,40.64824],[17.9272,40.64004],[17.94772,40.64122],[17.96599,40.64797],[17.98218,40.64444],[17.99861,40.64903],[18.01464,40.63657],[18.01583,40.62561],[18.022,40.61753],[18.04514,40.59728],[18.03479,40.57322],[18.03744,40.56397],[18.05499,40.54862],[18.07473,40.53953],[18.08078,40.52543],[18.10735,40.51014],[18.13059,40.49173],[18.16959,40.48067],[18.18581,40.4693],[18.20301,40.46709],[18.22285,40.4526],[18.23425,40.44844],[18.27896,40.40731],[18.30643,40.39144],[18.30537,40.38363],[18.31597,40.37283],[18.35138,40.35158],[18.38598,40.31446],[18.40554,40.30134],[18.40584,40.30385],[18.40928,40.29837],[18.42283,40.29418],[18.4317,40.28342],[18.42982,40.27333],[18.43492,40.26898],[18.44108,40.26858],[18.44829,40.24736],[18.45665,40.2393],[18.46447,40.22506],[18.45784,40.20913],[18.46365,40.19292],[18.47227,40.18827],[18.47896,40.17812],[18.47675,40.1762],[18.4813,40.17031],[18.48004,40.16759],[18.49174,40.15329],[18.48791,40.1475],[18.50352,40.14693],[18.50795,40.13914],[18.51688,40.13553],[18.50656,40.12622],[18.52038,40.10708],[18.48309,40.07718],[18.47474,40.04378],[18.43577,40.02475],[18.43166,40.0006],[18.42536,40.00079],[18.41706,39.99461],[18.40827,39.97784],[18.39621,39.93413],[18.39419,39.91219],[18.39022,39.90736],[18.39903,39.88908],[18.39794,39.8721],[18.39313,39.86835],[18.39017,39.84825],[18.38534,39.84177],[18.39081,39.8176],[18.36899,39.79376],[18.3616,39.79795],[18.34617,39.79146],[18.33399,39.7958],[18.32708,39.80737],[18.31843,39.80997],[18.31498,39.80817],[18.30352,39.81842],[18.26563,39.83568],[18.23775,39.8347],[18.20474,39.83855],[18.1635,39.85855],[18.14926,39.86195],[18.12075,39.88467],[18.08594,39.90065],[18.06828,39.91877],[18.04756,39.92879],[18.04503,39.93567],[18.02969,39.94891],[18.02566,39.96265],[18.00683,39.97824],[17.99319,40.00007],[18.00582,39.99566],[18.01462,40.00267],[18.02056,40.01572],[18.01724,40.03191],[18.00913,40.04312],[17.99766,40.05066],[17.97208,40.05459],[17.98305,40.06152],[17.97622,40.05854],[17.9803,40.05646],[17.99028,40.05859],[18.0046,40.07172],[18.01101,40.08606],[18.00992,40.10906],[17.9981,40.12151],[17.98718,40.14034],[17.96359,40.1477],[17.9589,40.15849],[17.9388,40.17075],[17.92827,40.18105],[17.91844,40.19624],[17.92421,40.21753],[17.92149,40.22618],[17.91112,40.23386],[17.91166,40.23896],[17.90675,40.23782],[17.89523,40.25061],[17.90976,40.2413],[17.90716,40.25301],[17.9003,40.25883],[17.89045,40.25875],[17.88446,40.26711],[17.86148,40.28361],[17.84681,40.28587],[17.83977,40.28049],[17.81636,40.28959],[17.77107,40.29495],[17.76306,40.29166],[17.76386,40.29614],[17.76056,40.29752],[17.74259,40.29541],[17.73053,40.30029],[17.67849,40.30471],[17.50763,40.29497],[17.49477,40.30996],[17.46024,40.31612],[17.45144,40.32601],[17.44284,40.32981],[17.40213,40.33231],[17.38601,40.33739],[17.37949,40.34142],[17.38072,40.34553],[17.37459,40.34883],[17.3498,40.35434],[17.34002,40.3619],[17.32618,40.36101],[17.31061,40.3666],[17.30468,40.374],[17.29398,40.37846],[17.27927,40.37914],[17.26766,40.3906],[17.23265,40.40108],[17.22277,40.40866],[17.20332,40.40827],[17.20195,40.41324],[17.20889,40.4212],[17.23215,40.42463],[17.25473,40.4411],[17.24673,40.46214],[17.22017,40.47934],[17.18183,40.48144],[17.18064,40.49323],[17.17683,40.48966],[17.16583,40.50102],[17.15709,40.49489],[17.15507,40.49659],[17.16545,40.50386],[17.16264,40.50611],[17.14475,40.49491],[17.1493,40.50522],[17.14603,40.5099],[17.13085,40.51677],[17.11296,40.51976],[17.06786,40.51753],[17.02588,40.50698],[16.99527,40.49494],[16.92218,40.45145],[16.90162,40.43549],[16.86652,40.39808],[16.85068,40.40124],[16.84582,40.4111],[16.83988,40.41284],[16.83582,40.41043],[16.80938,40.43307],[16.80969,40.44694],[16.80282,40.45744],[16.78547,40.46288],[16.75982,40.46275],[16.75544,40.4641],[16.75663,40.46819],[16.74381,40.46469],[16.72022,40.47983],[16.73579,40.50148],[16.73705,40.5078],[16.73622,40.51196],[16.72426,40.5146],[16.71582,40.52425],[16.72438,40.53529],[16.70648,40.5493],[16.70536,40.55504],[16.71659,40.58224],[16.71177,40.59283],[16.71823,40.59364],[16.72826,40.60142],[16.72397,40.60245],[16.71262,40.61563],[16.70976,40.63283],[16.7272,40.68838],[16.7155,40.68933],[16.69649,40.70261],[16.70449,40.71125],[16.70872,40.70542],[16.72491,40.71383],[16.67321,40.73849],[16.66336,40.74887],[16.66152,40.73683],[16.65286,40.7363],[16.64935,40.73803],[16.65317,40.74391],[16.63282,40.75357],[16.60794,40.75183],[16.58881,40.75842],[16.58547,40.76254],[16.57602,40.76355],[16.56685,40.75396],[16.57798,40.742],[16.57244,40.73694],[16.56367,40.73976],[16.55848,40.75489],[16.55447,40.75765],[16.5358,40.75193],[16.53138,40.74464],[16.54065,40.74185],[16.54401,40.72554],[16.53861,40.72498],[16.52106,40.74033],[16.52255,40.74645],[16.50843,40.75336],[16.50105,40.76229],[16.47968,40.7368],[16.43051,40.70475],[16.41378,40.70186],[16.40015,40.70741],[16.38039,40.7364],[16.34881,40.74963],[16.31623,40.78311],[16.27823,40.80161],[16.26903,40.81471],[16.25615,40.82305],[16.2523,40.83268],[16.24221,40.83961],[16.24178,40.8474],[16.23162,40.85404],[16.2238,40.88659],[16.21996,40.88944],[16.21433,40.90413],[16.20246,40.91753],[16.16297,40.92858],[16.1589,40.92395],[16.14653,40.92395],[16.13807,40.91835],[16.13432,40.90656],[16.12319,40.90156],[16.12107,40.89772],[16.09277,40.92064],[16.05898,40.9289],[16.04572,40.93703],[15.97663,40.95845],[15.97181,40.97213],[15.98373,40.96997],[16.00835,40.97209],[16.02704,40.99121],[16.03198,40.99838],[16.02759,41.01158],[16.02793,41.02408],[16.04047,41.02836],[16.04062,41.03624],[16.00725,41.05911],[15.99886,41.05399],[15.98015,41.08159],[15.98395,41.08591],[15.9826,41.0892],[15.97625,41.09417],[15.95414,41.09312],[15.95996,41.10005],[15.95338,41.11081],[15.93754,41.11358],[15.93187,41.10896],[15.92097,41.11115],[15.90079,41.12641],[15.89352,41.12277],[15.88066,41.13684],[15.87025,41.13992],[15.86502,41.13096],[15.85703,41.13129],[15.8466,41.1256],[15.83361,41.13005],[15.82507,41.11791],[15.812,41.1166],[15.80537,41.11089],[15.79845,41.09159],[15.79055,41.08784],[15.78818,41.09069],[15.78201,41.08976],[15.76801,41.08325],[15.7526,41.09734],[15.74275,41.0994],[15.73038,41.09903],[15.72522,41.09075],[15.67941,41.0868],[15.67531,41.08982],[15.64656,41.08962],[15.61853,41.09915],[15.60669,41.09615],[15.58574,41.09826],[15.55972,41.0882],[15.54936,41.07409],[15.54024,41.07223],[15.543,41.06696],[15.54174,41.05571],[15.48949,41.07003],[15.47835,41.07866],[15.46093,41.07599],[15.4461,41.07801],[15.42749,41.09282],[15.39638,41.10682],[15.38245,41.09273],[15.36706,41.08481],[15.35162,41.09477],[15.33192,41.09635],[15.31436,41.10389],[15.29791,41.09331],[15.29173,41.09354],[15.26719,41.10664],[15.26431,41.10532],[15.26335,41.11479],[15.25676,41.11742],[15.23566,41.13988],[15.2164,41.14476],[15.20858,41.15451],[15.20935,41.16769],[15.22354,41.18194],[15.26242,41.19763],[15.24607,41.22396],[15.24574,41.23503],[15.2528,41.23878],[15.26138,41.23697],[15.27984,41.24079],[15.27566,41.24954],[15.249,41.27099],[15.23568,41.27231],[15.22845,41.26644],[15.22044,41.26519],[15.21574,41.27594],[15.19974,41.27945],[15.2007,41.28635],[15.15336,41.2834],[15.14916,41.28045],[15.13629,41.28688],[15.13989,41.29277],[15.12677,41.30295],[15.13056,41.31719],[15.1126,41.31929],[15.09993,41.3277],[15.07219,41.33246],[15.06691,41.34297],[15.0683,41.35058],[15.06119,41.35755],[15.05847,41.37213],[15.07077,41.37743],[15.08155,41.38773],[15.09831,41.39057]]],[[[15.50008,42.12161],[15.49694,42.12249],[15.50016,42.12377],[15.50008,42.12161]]],[[[15.48269,42.10369],[15.47669,42.10632],[15.47627,42.11162],[15.49113,42.12579],[15.49626,42.11548],[15.48269,42.10369]]],[[[15.50411,42.11859],[15.50153,42.11975],[15.51366,42.12857],[15.51799,42.12755],[15.50411,42.11859]]],[[[15.50888,42.12942],[15.50998,42.1378],[15.5158,42.14],[15.5178,42.13768],[15.50888,42.12942]]],[[[15.74421,42.22645],[15.75172,42.22567],[15.74814,42.22323],[15.74421,42.22645]]],[[[17.17603,40.43885],[17.17932,40.43695],[17.17335,40.44003],[17.17603,40.43885]]],[[[17.16066,40.45323],[17.16699,40.44807],[17.15354,40.44489],[17.14329,40.45051],[17.1531,40.45143],[17.16097,40.45809],[17.16066,40.45323]]],[[[17.99861,40.64903],[18.00019,40.6523],[17.99678,40.65526],[18.00087,40.65573],[17.99861,40.64903]]],[[[17.95149,40.0519],[17.95585,40.05071],[17.95207,40.04623],[17.94498,40.04632],[17.94865,40.05328],[17.95149,40.0519]]],[[[17.88827,40.25457],[17.88388,40.25622],[17.88143,40.26209],[17.88827,40.25457]]]]}},{"type":"Feature","properties":{"terr":"Basilicata","key":"Basilicata"},"geometry":{"type":"MultiPolygon","coordinates":[[[[15.46575,40.63359],[15.46777,40.63924],[15.48192,40.64301],[15.4983,40.65226],[15.50363,40.66367],[15.49256,40.66401],[15.48719,40.67284],[15.47,40.67317],[15.44612,40.68709],[15.42894,40.69259],[15.40909,40.71304],[15.38148,40.72415],[15.38327,40.73592],[15.37914,40.75129],[15.38368,40.76363],[15.39111,40.76725],[15.3804,40.78058],[15.38829,40.79539],[15.37787,40.79472],[15.36664,40.79831],[15.36611,40.80049],[15.3794,40.80621],[15.3805,40.81095],[15.36646,40.81214],[15.35524,40.82383],[15.34056,40.8289],[15.33497,40.83488],[15.36098,40.83918],[15.37418,40.83484],[15.37768,40.83645],[15.37521,40.85954],[15.37836,40.86767],[15.36651,40.87194],[15.35525,40.87089],[15.35417,40.88265],[15.37523,40.88584],[15.38356,40.87655],[15.38811,40.87562],[15.40136,40.87829],[15.40273,40.88161],[15.42992,40.87963],[15.44473,40.87682],[15.4537,40.86823],[15.46082,40.86715],[15.47302,40.87434],[15.46763,40.8896],[15.52724,40.90783],[15.52847,40.91384],[15.53492,40.91974],[15.54229,40.9464],[15.56556,40.96733],[15.56946,40.97997],[15.5683,40.98989],[15.57219,40.9984],[15.5584,41.02262],[15.56325,41.03075],[15.55103,41.03942],[15.54669,41.05277],[15.54288,41.05585],[15.543,41.06696],[15.5393,41.07038],[15.55342,41.07754],[15.56029,41.0885],[15.58574,41.09826],[15.60669,41.09615],[15.61742,41.09926],[15.64656,41.08962],[15.67531,41.08982],[15.67941,41.0868],[15.72522,41.09075],[15.73038,41.09903],[15.73788,41.09955],[15.7526,41.09734],[15.7684,41.08319],[15.78201,41.08976],[15.78818,41.09069],[15.79055,41.08784],[15.79776,41.09102],[15.80537,41.11089],[15.81438,41.11777],[15.82507,41.11791],[15.83174,41.12913],[15.83785,41.13037],[15.8466,41.1256],[15.85703,41.13129],[15.86502,41.13096],[15.87025,41.13992],[15.88066,41.13684],[15.89352,41.12277],[15.90079,41.12641],[15.92097,41.11115],[15.93187,41.10896],[15.93754,41.11358],[15.95338,41.11081],[15.95996,41.10005],[15.95414,41.09312],[15.97625,41.09417],[15.9826,41.0892],[15.98395,41.08591],[15.98015,41.08159],[15.99886,41.05399],[16.00725,41.05911],[16.04062,41.03624],[16.04047,41.02836],[16.02793,41.02408],[16.02759,41.01158],[16.03198,40.99838],[16.02704,40.99121],[16.00835,40.97209],[15.98373,40.96997],[15.97181,40.97213],[15.97663,40.95845],[16.04572,40.93703],[16.05898,40.9289],[16.09277,40.92064],[16.12107,40.89772],[16.12319,40.90156],[16.13432,40.90656],[16.13807,40.91835],[16.14653,40.92395],[16.1589,40.92395],[16.16297,40.92858],[16.20246,40.91753],[16.21433,40.90413],[16.21996,40.88944],[16.2238,40.88659],[16.23162,40.85404],[16.24178,40.8474],[16.24221,40.83961],[16.2523,40.83268],[16.25615,40.82305],[16.26903,40.81471],[16.27823,40.80161],[16.31623,40.78311],[16.34881,40.74963],[16.38039,40.7364],[16.40015,40.70741],[16.41378,40.70186],[16.43051,40.70475],[16.47968,40.7368],[16.50105,40.76229],[16.50843,40.75336],[16.52255,40.74645],[16.52106,40.74033],[16.53861,40.72498],[16.54401,40.72554],[16.54065,40.74185],[16.53138,40.74464],[16.5358,40.75193],[16.55447,40.75765],[16.55848,40.75489],[16.56367,40.73976],[16.57244,40.73694],[16.57798,40.742],[16.56697,40.75446],[16.57461,40.76305],[16.57968,40.76366],[16.60794,40.75183],[16.63282,40.75357],[16.65317,40.74391],[16.64935,40.73803],[16.65286,40.7363],[16.66152,40.73683],[16.66336,40.74887],[16.67321,40.73849],[16.72491,40.71383],[16.70872,40.70542],[16.70449,40.71125],[16.69649,40.70261],[16.7155,40.68933],[16.7272,40.68838],[16.70976,40.63283],[16.71262,40.61563],[16.72397,40.60245],[16.72826,40.60142],[16.71823,40.59364],[16.71177,40.59283],[16.71659,40.58224],[16.70536,40.55504],[16.70648,40.5493],[16.72438,40.53529],[16.71582,40.52425],[16.72426,40.5146],[16.73622,40.51196],[16.73705,40.5078],[16.73579,40.50148],[16.72022,40.47983],[16.74381,40.46469],[16.75663,40.46819],[16.75544,40.4641],[16.75982,40.46275],[16.78547,40.46288],[16.80282,40.45744],[16.80969,40.44694],[16.80938,40.43307],[16.8161,40.42982],[16.82368,40.4195],[16.83582,40.41043],[16.83988,40.41284],[16.84582,40.4111],[16.84984,40.40162],[16.86689,40.39735],[16.84758,40.37051],[16.78504,40.30093],[16.74948,40.24579],[16.73729,40.21061],[16.70477,40.17228],[16.69181,40.15168],[16.64526,40.11813],[16.62095,40.1321],[16.6102,40.12887],[16.58722,40.13312],[16.57232,40.12645],[16.56186,40.12988],[16.53001,40.11809],[16.51797,40.12878],[16.50309,40.1299],[16.49333,40.12521],[16.47077,40.13408],[16.45198,40.1348],[16.43401,40.12801],[16.42112,40.14393],[16.41992,40.12852],[16.40895,40.12096],[16.41381,40.10975],[16.41174,40.08971],[16.41535,40.08476],[16.41424,40.08068],[16.40615,40.07234],[16.39277,40.04244],[16.39838,40.01695],[16.39064,40.0027],[16.37219,39.98573],[16.36925,39.97704],[16.36058,39.96859],[16.36213,39.96017],[16.35809,39.9541],[16.3469,39.94937],[16.3378,39.93618],[16.34788,39.92456],[16.35966,39.9196],[16.35516,39.90111],[16.35141,39.89902],[16.34323,39.90243],[16.30872,39.93443],[16.28242,39.9309],[16.26889,39.93598],[16.238,39.92547],[16.21428,39.9266],[16.21937,39.91759],[16.21469,39.89598],[16.15895,39.9194],[16.13797,39.90141],[16.12898,39.90643],[16.10332,39.90692],[16.09081,39.90303],[16.08239,39.89625],[16.05472,39.8985],[16.04902,39.8948],[16.04261,39.91143],[16.03795,39.91599],[16.01653,39.92575],[16.02192,39.93413],[16.01401,39.94064],[16.0068,39.95731],[16.01988,39.97494],[16.03206,39.98004],[16.03387,39.98397],[16.03071,39.99336],[16.0086,39.99648],[16.00587,39.98951],[15.9792,39.9824],[15.97732,39.98695],[15.96852,39.99173],[15.92802,40.00107],[15.92263,39.99967],[15.91053,39.98738],[15.89777,39.98167],[15.89077,39.99432],[15.87687,39.99652],[15.8723,39.99071],[15.86766,39.99013],[15.85023,40.00603],[15.82005,40.00187],[15.81893,39.99685],[15.7948,39.97137],[15.773,39.96052],[15.76585,39.9306],[15.75592,39.92356],[15.75046,39.93338],[15.7426,39.93438],[15.73496,39.94249],[15.73638,39.94701],[15.73193,39.96408],[15.7022,39.99012],[15.69923,39.99609],[15.68113,40.00616],[15.67553,40.01462],[15.67455,40.02951],[15.66446,40.03958],[15.64449,40.04158],[15.67616,40.0549],[15.67576,40.06417],[15.67186,40.07035],[15.65163,40.07858],[15.67698,40.08447],[15.70583,40.11773],[15.70317,40.12185],[15.70922,40.13987],[15.70051,40.15828],[15.71649,40.16959],[15.71253,40.17844],[15.72975,40.18633],[15.73126,40.19933],[15.73448,40.20168],[15.75121,40.2018],[15.77408,40.21734],[15.78992,40.21756],[15.7952,40.22138],[15.79718,40.22485],[15.79051,40.22931],[15.78735,40.23663],[15.78981,40.24407],[15.80537,40.25141],[15.79995,40.25742],[15.79962,40.26779],[15.80636,40.27323],[15.79229,40.28978],[15.765,40.29835],[15.74764,40.29922],[15.72688,40.31545],[15.73084,40.32217],[15.72098,40.3245],[15.70475,40.34224],[15.70436,40.36372],[15.70919,40.36915],[15.71012,40.3773],[15.67158,40.39791],[15.66273,40.39249],[15.64798,40.41401],[15.64026,40.4155],[15.62947,40.42462],[15.58673,40.4436],[15.59179,40.44603],[15.57858,40.46277],[15.57873,40.46889],[15.53886,40.48805],[15.53958,40.49269],[15.53522,40.49964],[15.55047,40.50925],[15.53531,40.52226],[15.53975,40.52357],[15.5453,40.53166],[15.53598,40.53537],[15.53811,40.54147],[15.5361,40.54757],[15.53082,40.55593],[15.52658,40.55733],[15.53934,40.56806],[15.53261,40.57305],[15.51989,40.57049],[15.51419,40.57414],[15.5158,40.57941],[15.51013,40.58575],[15.49087,40.58685],[15.48545,40.59368],[15.47402,40.59266],[15.46091,40.60444],[15.44947,40.6091],[15.46575,40.63359]]],[[[16.63376,40.75488],[16.64645,40.75415],[16.64229,40.7516],[16.63376,40.75488]]]]}},{"type":"Feature","properties":{"terr":"Calabria","key":"Calabria"},"geometry":{"type":"MultiPolygon","coordinates":[[[[15.97395,39.46742],[15.9588,39.47801],[15.94522,39.50277],[15.9252,39.52653],[15.90269,39.53758],[15.88583,39.54133],[15.87568,39.55154],[15.85135,39.61862],[15.84429,39.62765],[15.8317,39.66831],[15.81738,39.6774],[15.80923,39.71003],[15.80837,39.73057],[15.79444,39.77497],[15.78571,39.81639],[15.77561,39.82271],[15.77732,39.8322],[15.76901,39.83567],[15.77948,39.84729],[15.78908,39.84962],[15.79201,39.86041],[15.77898,39.89367],[15.75592,39.92356],[15.76585,39.9306],[15.7736,39.96116],[15.7948,39.97137],[15.81893,39.99685],[15.82005,40.00187],[15.85171,40.0059],[15.86766,39.99013],[15.8723,39.99071],[15.87687,39.99652],[15.89077,39.99432],[15.89777,39.98167],[15.91053,39.98738],[15.92263,39.99967],[15.92802,40.00107],[15.96852,39.99173],[15.97732,39.98695],[15.9792,39.9824],[16.00587,39.98951],[16.0086,39.99648],[16.02338,39.99595],[16.03071,39.99336],[16.03381,39.98276],[16.02728,39.97657],[16.01988,39.97494],[16.00688,39.95694],[16.01401,39.94064],[16.02192,39.93413],[16.01653,39.92575],[16.03795,39.91599],[16.04261,39.91143],[16.04902,39.8948],[16.05472,39.8985],[16.08239,39.89625],[16.09081,39.90303],[16.10332,39.90692],[16.12898,39.90643],[16.13797,39.90141],[16.15895,39.9194],[16.21469,39.89598],[16.21937,39.91759],[16.21428,39.9266],[16.238,39.92547],[16.26889,39.93598],[16.28242,39.9309],[16.30959,39.93404],[16.34323,39.90243],[16.3506,39.89873],[16.35516,39.90111],[16.35966,39.9196],[16.34788,39.92456],[16.3378,39.93618],[16.3469,39.94937],[16.35809,39.9541],[16.36213,39.96017],[16.36058,39.96859],[16.36925,39.97704],[16.37219,39.98573],[16.39064,40.0027],[16.39838,40.01695],[16.39277,40.04244],[16.40615,40.07234],[16.41424,40.08068],[16.41535,40.08476],[16.41174,40.08971],[16.41381,40.10975],[16.40895,40.12096],[16.41992,40.12852],[16.42112,40.14393],[16.43401,40.12801],[16.45198,40.1348],[16.47077,40.13408],[16.49333,40.12521],[16.50309,40.1299],[16.51797,40.12878],[16.53001,40.11809],[16.55469,40.12846],[16.56263,40.1298],[16.57232,40.12645],[16.58722,40.13312],[16.6102,40.12887],[16.62095,40.1321],[16.62686,40.13006],[16.64507,40.11803],[16.62109,40.09815],[16.606,40.08061],[16.60229,40.06555],[16.60409,40.05544],[16.59868,40.04089],[16.60616,40.02621],[16.61369,39.98591],[16.61886,39.97585],[16.62957,39.96588],[16.62697,39.95691],[16.61943,39.95153],[16.60454,39.931],[16.56497,39.89806],[16.53826,39.87075],[16.50128,39.82488],[16.48931,39.79809],[16.48618,39.78249],[16.48728,39.76725],[16.49339,39.74944],[16.50603,39.73606],[16.5294,39.72444],[16.52559,39.6799],[16.51794,39.6684],[16.52368,39.6589],[16.52923,39.66649],[16.53978,39.65631],[16.56411,39.64224],[16.61865,39.62195],[16.64396,39.61974],[16.68855,39.62153],[16.73292,39.61629],[16.75528,39.62448],[16.7704,39.62079],[16.81623,39.58939],[16.82371,39.57251],[16.83338,39.56137],[16.86264,39.54383],[16.86659,39.53862],[16.90181,39.52492],[16.95692,39.49684],[17.0245,39.48385],[17.039,39.45372],[17.05217,39.43946],[17.08055,39.42201],[17.11583,39.40639],[17.15672,39.40113],[17.13487,39.37237],[17.13232,39.35853],[17.10922,39.30753],[17.11136,39.28891],[17.1048,39.26637],[17.10634,39.25326],[17.1266,39.22552],[17.14842,39.2061],[17.14335,39.19151],[17.1176,39.14553],[17.1081,39.10734],[17.1107,39.09649],[17.11889,39.08737],[17.13586,39.08351],[17.12598,39.0963],[17.13515,39.08698],[17.1387,39.07987],[17.13706,39.07755],[17.13601,39.08169],[17.13042,39.07531],[17.13113,39.06823],[17.13501,39.05865],[17.14675,39.04648],[17.17311,39.03307],[17.19802,39.02663],[17.2051,39.0298],[17.20638,39.02583],[17.20308,39.02002],[17.18868,39.02026],[17.16402,38.99465],[17.15939,38.98059],[17.16051,38.96919],[17.17013,38.95681],[17.14855,38.94347],[17.10097,38.90468],[17.09415,38.89262],[17.08959,38.89611],[17.09344,38.90559],[17.0826,38.91311],[17.04209,38.91891],[17.03092,38.91594],[17.02911,38.90816],[17.0216,38.90583],[17.00597,38.91526],[16.99765,38.92997],[16.9867,38.93635],[16.95511,38.93829],[16.87644,38.92508],[16.79482,38.90256],[16.73024,38.8747],[16.63759,38.82667],[16.62666,38.82628],[16.61421,38.81911],[16.57173,38.77283],[16.56664,38.76537],[16.5695,38.76242],[16.56781,38.75379],[16.56288,38.75168],[16.5575,38.7407],[16.54256,38.72699],[16.53484,38.71191],[16.53571,38.70371],[16.54731,38.69156],[16.5548,38.69093],[16.5586,38.6806],[16.55716,38.64765],[16.56072,38.61996],[16.56805,38.60055],[16.57312,38.56417],[16.57188,38.53502],[16.57561,38.5084],[16.5801,38.49737],[16.58269,38.45534],[16.57426,38.43299],[16.56497,38.42023],[16.49884,38.36142],[16.46663,38.34006],[16.43741,38.32865],[16.33505,38.30031],[16.31837,38.28848],[16.30551,38.27224],[16.28854,38.25962],[16.27326,38.2397],[16.1925,38.1579],[16.16395,38.13399],[16.14905,38.05818],[16.14306,38.04338],[16.14419,38.03125],[16.10659,37.96752],[16.06446,37.92563],[16.01982,37.92262],[15.99785,37.91575],[15.9554,37.91965],[15.92016,37.9297],[15.87522,37.92619],[15.83951,37.91913],[15.81141,37.92023],[15.76376,37.91611],[15.74625,37.92534],[15.73266,37.92539],[15.7112,37.93627],[15.69626,37.94934],[15.67802,37.95406],[15.64593,37.99138],[15.63618,38.00755],[15.63356,38.0184],[15.65247,38.02892],[15.65707,38.03967],[15.64777,38.05441],[15.65195,38.06619],[15.63484,38.07554],[15.63023,38.09323],[15.6307,38.10215],[15.64796,38.1143],[15.65526,38.13384],[15.65303,38.14142],[15.65506,38.15249],[15.64055,38.16885],[15.64072,38.17869],[15.63401,38.18584],[15.63339,38.22334],[15.6365,38.23218],[15.66868,38.23945],[15.67906,38.24716],[15.69189,38.25108],[15.71328,38.25443],[15.73474,38.253],[15.74919,38.25711],[15.79422,38.28027],[15.8093,38.29324],[15.81768,38.30154],[15.81856,38.30842],[15.82962,38.32481],[15.82854,38.33767],[15.83388,38.34909],[15.83298,38.35595],[15.85813,38.38021],[15.86523,38.40202],[15.90652,38.46832],[15.93024,38.53579],[15.9304,38.5472],[15.90116,38.56443],[15.89315,38.57752],[15.86651,38.59264],[15.84559,38.61289],[15.82808,38.61794],[15.82671,38.62297],[15.8362,38.64504],[15.84816,38.65921],[15.87207,38.67323],[15.88447,38.67345],[15.90544,38.68342],[15.90898,38.68096],[15.9238,38.68748],[15.9482,38.69122],[15.96045,38.70007],[15.97146,38.71404],[15.98602,38.72302],[16.04212,38.72768],[16.0466,38.72401],[16.10443,38.71181],[16.11934,38.71844],[16.12797,38.71593],[16.1371,38.7188],[16.15009,38.72679],[16.15973,38.73736],[16.18206,38.74757],[16.18821,38.75606],[16.20951,38.8008],[16.21954,38.83599],[16.2204,38.90691],[16.21681,38.92387],[16.21069,38.93054],[16.19734,38.9318],[16.17104,38.94681],[16.15612,38.95148],[16.13131,38.99887],[16.11474,39.01064],[16.09838,39.03247],[16.08315,39.09382],[16.06687,39.13347],[16.05082,39.29914],[16.04616,39.30643],[16.03669,39.3484],[15.99677,39.43941],[15.97395,39.46742]]],[[[15.80124,39.69743],[15.80044,39.70049],[15.80303,39.69927],[15.80124,39.69743]]],[[[15.77939,39.87182],[15.76861,39.87193],[15.77427,39.87587],[15.77971,39.87456],[15.77939,39.87182]]]]}},{"type":"Feature","properties":{"terr":"Sicilia","key":"Sicilia"},"geometry":{"type":"MultiPolygon","coordinates":[[[[12.90787,38.02511],[12.95398,38.03298],[12.9874,38.04373],[13.02673,38.06193],[13.03956,38.07144],[13.05292,38.07262],[13.0778,38.08772],[13.06826,38.12056],[13.05243,38.13873],[13.06714,38.14276],[13.07392,38.15154],[13.08095,38.15496],[13.08012,38.15875],[13.08044,38.15632],[13.08337,38.15769],[13.08511,38.16337],[13.08073,38.17392],[13.10563,38.19094],[13.12203,38.19147],[13.1387,38.18332],[13.16004,38.18581],[13.16306,38.17108],[13.19139,38.16933],[13.22028,38.17726],[13.23797,38.18661],[13.24396,38.19322],[13.24144,38.20413],[13.24796,38.19895],[13.26681,38.20182],[13.27401,38.19822],[13.29626,38.21747],[13.31647,38.22468],[13.32796,38.21163],[13.3256,38.20559],[13.32888,38.19985],[13.3466,38.19108],[13.35942,38.19012],[13.36572,38.18228],[13.37494,38.15395],[13.36832,38.13847],[13.37254,38.13299],[13.37031,38.13056],[13.36691,38.1354],[13.36269,38.13402],[13.36267,38.12984],[13.38362,38.10904],[13.40533,38.09993],[13.44272,38.09481],[13.4918,38.10292],[13.50508,38.10833],[13.50859,38.1196],[13.5315,38.11027],[13.53788,38.11255],[13.53943,38.10929],[13.53564,38.10717],[13.54079,38.09204],[13.53973,38.07252],[13.53649,38.06709],[13.54133,38.05752],[13.56642,38.03876],[13.5978,38.02641],[13.61918,38.01186],[13.6409,38.0051],[13.65218,37.99776],[13.66415,37.99432],[13.70864,37.99119],[13.72152,37.98704],[13.70364,37.98993],[13.7089,37.97817],[13.73363,37.97494],[13.74496,37.97014],[13.79742,37.97508],[13.82297,37.98278],[13.83493,37.98282],[13.89597,38.00413],[13.94582,38.0282],[13.96714,38.03196],[13.98041,38.02902],[14.00608,38.03244],[14.03591,38.04149],[14.03169,38.04005],[14.03268,38.03643],[14.06512,38.0185],[14.08363,38.01927],[14.10709,38.01453],[14.12605,38.0168],[14.14487,38.02493],[14.14647,38.02991],[14.16953,38.01821],[14.18028,38.02046],[14.22794,38.01023],[14.25258,38.0087],[14.27023,38.01268],[14.28846,38.00701],[14.3121,38.0083],[14.34159,38.0192],[14.35701,38.01507],[14.37283,38.01584],[14.39767,38.02416],[14.42695,38.04056],[14.44054,38.0402],[14.44655,38.0343],[14.47099,38.03282],[14.52113,38.04143],[14.53318,38.04498],[14.55642,38.06012],[14.58566,38.05905],[14.61205,38.07059],[14.62746,38.06972],[14.63643,38.07327],[14.67787,38.09902],[14.74784,38.16539],[14.76162,38.15619],[14.7875,38.15141],[14.85703,38.16909],[14.87293,38.1678],[14.88846,38.17171],[14.91627,38.19228],[14.93976,38.17932],[14.96976,38.15244],[15.008,38.14906],[15.04482,38.1519],[15.05447,38.14315],[15.05617,38.13151],[15.07767,38.12144],[15.09603,38.12089],[15.17377,38.15337],[15.21215,38.18642],[15.22534,38.20475],[15.24097,38.24249],[15.23534,38.25257],[15.23661,38.26472],[15.22699,38.27035],[15.2312,38.27154],[15.24522,38.26213],[15.25294,38.24675],[15.24129,38.21689],[15.2592,38.20833],[15.29283,38.20638],[15.35356,38.21777],[15.42613,38.24133],[15.44966,38.2514],[15.51945,38.29726],[15.54141,38.30144],[15.55684,38.29755],[15.5754,38.28548],[15.60933,38.27441],[15.64159,38.27244],[15.65294,38.26725],[15.61082,38.25658],[15.58161,38.2447],[15.56753,38.22445],[15.55759,38.19038],[15.56133,38.18813],[15.56563,38.19275],[15.5615,38.19611],[15.56324,38.199],[15.57086,38.19868],[15.57604,38.19411],[15.55274,38.17164],[15.53008,38.14109],[15.4936,38.07461],[15.48137,38.06327],[15.47721,38.05459],[15.4425,38.02546],[15.43897,38.01694],[15.34935,37.9234],[15.34527,37.91599],[15.34853,37.91296],[15.34596,37.91017],[15.33604,37.90532],[15.30596,37.87787],[15.29703,37.86393],[15.29692,37.8595],[15.30057,37.85782],[15.29775,37.85073],[15.28616,37.84764],[15.27309,37.83581],[15.26896,37.82974],[15.27187,37.82492],[15.26554,37.81511],[15.24289,37.79382],[15.21382,37.7565],[15.20491,37.73634],[15.21735,37.71662],[15.21835,37.70837],[15.19918,37.67668],[15.19609,37.66302],[15.19916,37.65418],[15.17431,37.63211],[15.17245,37.60849],[15.17714,37.57626],[15.16634,37.57195],[15.15903,37.55989],[15.14855,37.55629],[15.14299,37.54356],[15.11529,37.53062],[15.11723,37.52347],[15.10656,37.51456],[15.0983,37.50156],[15.1,37.48389],[15.0988,37.50037],[15.09027,37.49966],[15.09135,37.49092],[15.08538,37.47682],[15.09155,37.4059],[15.09056,37.36224],[15.09941,37.318],[15.10534,37.31013],[15.13928,37.30681],[15.16223,37.289],[15.17133,37.29331],[15.17831,37.29105],[15.18555,37.28696],[15.18665,37.27941],[15.19478,37.28255],[15.19773,37.29183],[15.20661,37.29335],[15.22346,37.27102],[15.24099,37.26062],[15.2463,37.24604],[15.25753,37.24351],[15.2523,37.24002],[15.25389,37.23373],[15.24699,37.23206],[15.23466,37.24155],[15.22555,37.24078],[15.22355,37.22357],[15.22842,37.22102],[15.2245,37.21622],[15.21622,37.22359],[15.21757,37.23836],[15.21449,37.24713],[15.20588,37.24479],[15.19751,37.23537],[15.18484,37.23688],[15.19505,37.22582],[15.18871,37.2171],[15.18321,37.21578],[15.18648,37.1915],[15.20132,37.17824],[15.2007,37.16145],[15.20603,37.15331],[15.22105,37.15017],[15.22687,37.15292],[15.22685,37.15887],[15.23361,37.15913],[15.24475,37.14587],[15.22924,37.15261],[15.22418,37.15048],[15.22012,37.14337],[15.22074,37.1294],[15.23695,37.11544],[15.2589,37.10975],[15.26884,37.11587],[15.25912,37.10967],[15.26269,37.1061],[15.28191,37.11014],[15.29575,37.10674],[15.30101,37.09243],[15.3014,37.0802],[15.296,37.07758],[15.29246,37.06943],[15.29864,37.05942],[15.2963,37.05257],[15.28936,37.06329],[15.27957,37.0656],[15.27452,37.06234],[15.27052,37.05409],[15.27564,37.03938],[15.28156,37.03354],[15.28825,37.03258],[15.30082,37.04259],[15.31242,37.03864],[15.33674,37.00757],[15.33547,37.00174],[15.31499,37.00371],[15.30172,37.01531],[15.28356,37.00602],[15.27512,37.00673],[15.26487,36.99762],[15.26636,36.98587],[15.25933,36.97913],[15.26262,36.9751],[15.23567,36.97242],[15.21989,36.96236],[15.20853,36.96353],[15.20328,36.95501],[15.18714,36.94629],[15.17848,36.93757],[15.17215,36.9252],[15.15343,36.91446],[15.13711,36.88014],[15.13684,36.8668],[15.12681,36.86575],[15.11078,36.84832],[15.10509,36.83417],[15.10985,36.81693],[15.1061,36.80645],[15.10149,36.80253],[15.0971,36.80344],[15.09417,36.79933],[15.09869,36.79084],[15.09435,36.77796],[15.10119,36.76984],[15.10307,36.75786],[15.11107,36.74697],[15.1195,36.74476],[15.11653,36.73943],[15.11845,36.73235],[15.1215,36.73148],[15.1236,36.7016],[15.14025,36.68504],[15.13196,36.66681],[15.12718,36.66893],[15.12663,36.67251],[15.11608,36.67477],[15.10342,36.66204],[15.07851,36.64651],[15.07853,36.65024],[15.07087,36.65845],[15.0566,36.66182],[15.05112,36.67899],[15.04388,36.68772],[15.01796,36.70202],[14.99614,36.70207],[14.97266,36.69258],[14.95662,36.69409],[14.91027,36.72431],[14.87685,36.7311],[14.8548,36.72883],[14.83451,36.7221],[14.82699,36.71495],[14.83172,36.70913],[14.84111,36.70948],[14.83984,36.70786],[14.83129,36.70853],[14.81667,36.7169],[14.79816,36.70718],[14.78105,36.70368],[14.77213,36.71044],[14.75725,36.71045],[14.75571,36.71545],[14.74628,36.72013],[14.71627,36.72053],[14.70457,36.71697],[14.68984,36.72124],[14.67072,36.74252],[14.64915,36.75127],[14.63912,36.76106],[14.60144,36.76978],[14.58829,36.77699],[14.55514,36.78251],[14.54372,36.78214],[14.54479,36.77933],[14.53134,36.78048],[14.51416,36.78786],[14.49351,36.78655],[14.46654,36.81514],[14.46004,36.81468],[14.45638,36.83974],[14.43628,36.8842],[14.42824,36.89122],[14.4178,36.90986],[14.3765,36.96356],[14.33992,37.00008],[14.29807,37.03573],[14.24326,37.0656],[14.2298,37.06765],[14.15681,37.09508],[14.07891,37.10965],[14.05681,37.1101],[14.03631,37.10609],[13.9788,37.10909],[13.93546,37.09636],[13.92064,37.09886],[13.90693,37.09593],[13.87861,37.10221],[13.85926,37.11222],[13.85565,37.12184],[13.84471,37.133],[13.82468,37.14425],[13.75139,37.14926],[13.72616,37.17025],[13.7081,37.17303],[13.6837,37.18762],[13.66344,37.19338],[13.65597,37.21157],[13.64183,37.22721],[13.61413,37.24193],[13.55552,37.28544],[13.54202,37.28634],[13.53761,37.28225],[13.5102,37.2918],[13.48236,37.28819],[13.46491,37.29522],[13.44849,37.29596],[13.42634,37.30681],[13.4248,37.31198],[13.40185,37.33305],[13.3895,37.33519],[13.378,37.34499],[13.3512,37.35892],[13.32173,37.36373],[13.31211,37.37607],[13.29781,37.38716],[13.28662,37.39128],[13.27162,37.39169],[13.25385,37.42455],[13.23945,37.43332],[13.21722,37.45923],[13.20915,37.46414],[13.19619,37.46504],[13.18774,37.47904],[13.16891,37.49199],[13.14849,37.49727],[13.13062,37.49248],[13.07809,37.50574],[13.0499,37.50308],[13.03856,37.49574],[13.02004,37.49558],[13.01244,37.5],[13.01522,37.50558],[13.01339,37.51048],[12.9929,37.53647],[12.96416,37.56161],[12.94302,37.57235],[12.91772,37.5771],[12.90694,37.575],[12.90525,37.5738],[12.91044,37.57259],[12.90667,37.57235],[12.89653,37.57711],[12.85824,37.58264],[12.78099,37.58084],[12.68375,37.55998],[12.67284,37.55995],[12.6557,37.57551],[12.649,37.57699],[12.6256,37.60678],[12.61349,37.63567],[12.60642,37.6413],[12.58715,37.65413],[12.5793,37.6511],[12.55953,37.6628],[12.5336,37.65869],[12.51771,37.6608],[12.51723,37.66575],[12.50129,37.67464],[12.49361,37.68735],[12.47175,37.70335],[12.47518,37.70983],[12.47031,37.7208],[12.47247,37.73777],[12.47007,37.74704],[12.45997,37.75854],[12.45085,37.77959],[12.42546,37.80312],[12.44134,37.81338],[12.45742,37.81369],[12.46168,37.81729],[12.46804,37.82785],[12.46693,37.84039],[12.48586,37.87368],[12.4824,37.88164],[12.46675,37.89178],[12.45917,37.90837],[12.47942,37.93185],[12.49853,37.96608],[12.49369,37.97856],[12.49434,37.98494],[12.50661,37.99407],[12.50928,38.00446],[12.51997,38.01056],[12.51885,38.01362],[12.49696,38.01391],[12.49158,38.01696],[12.50887,38.01706],[12.51849,38.02126],[12.55473,38.05171],[12.55994,38.06442],[12.56938,38.06885],[12.57751,38.07066],[12.60421,38.06476],[12.6457,38.07816],[12.64776,38.08502],[12.66287,38.0945],[12.65731,38.10209],[12.66036,38.11179],[12.67229,38.11464],[12.68904,38.10557],[12.70046,38.10566],[12.71119,38.10974],[12.73757,38.1396],[12.71564,38.17552],[12.7193,38.18201],[12.73225,38.18963],[12.73463,38.18843],[12.73169,38.18026],[12.73858,38.1759],[12.76815,38.17956],[12.77169,38.16932],[12.76719,38.1626],[12.76979,38.15133],[12.77946,38.15093],[12.79093,38.13514],[12.79019,38.11204],[12.81096,38.0813],[12.81724,38.07957],[12.82271,38.07052],[12.83868,38.05842],[12.8606,38.0507],[12.86864,38.05129],[12.87138,38.03661],[12.87889,38.02911],[12.89298,38.02428],[12.90787,38.02511]]],[[[12.30224,37.91592],[12.30258,37.91384],[12.29997,37.91548],[12.30224,37.91592]]],[[[12.30843,37.95236],[12.32393,37.92925],[12.32647,37.93263],[12.34438,37.93662],[12.35605,37.92533],[12.36918,37.92238],[12.37058,37.91847],[12.36618,37.9065],[12.35071,37.90763],[12.33727,37.9198],[12.31626,37.92105],[12.28797,37.91569],[12.28161,37.91908],[12.27445,37.9361],[12.27805,37.94498],[12.28845,37.94185],[12.30809,37.95599],[12.30843,37.95236]]],[[[12.06389,37.99005],[12.06491,37.97735],[12.08192,37.95459],[12.09171,37.94735],[12.0835,37.94506],[12.05629,37.95201],[12.04442,37.95853],[12.04533,37.96511],[12.03364,37.98868],[12.02911,37.98751],[12.02794,37.99156],[12.06045,37.99011],[12.06305,37.99313],[12.06389,37.99005]]],[[[12.33352,38.02066],[12.34588,37.99868],[12.35293,37.99367],[12.35124,37.9886],[12.33332,37.98597],[12.32269,37.99515],[12.31989,38.00103],[12.32207,38.00734],[12.33102,38.01463],[12.33352,38.02066]]],[[[12.47095,37.87048],[12.47131,37.86568],[12.46513,37.86406],[12.46457,37.86931],[12.47095,37.87048]]],[[[12.44998,37.89621],[12.44548,37.89196],[12.45132,37.8743],[12.44846,37.8668],[12.45181,37.85291],[12.4465,37.84405],[12.43669,37.88294],[12.42882,37.89234],[12.43188,37.89606],[12.44729,37.89888],[12.45528,37.90498],[12.45502,37.89842],[12.44998,37.89621]]],[[[11.95455,36.83941],[11.96871,36.83654],[11.98023,36.82644],[12.00134,36.81966],[12.00616,36.82463],[12.01335,36.82517],[12.02737,36.81149],[12.04878,36.79977],[12.05582,36.77528],[12.05454,36.7615],[12.04903,36.75022],[12.02523,36.73493],[11.99293,36.73739],[11.98119,36.74528],[11.96998,36.76581],[11.95686,36.76812],[11.95185,36.78199],[11.92799,36.80073],[11.92618,36.80674],[11.92705,36.81982],[11.93508,36.83185],[11.95455,36.83941]]],[[[13.23534,38.21264],[13.23768,38.20821],[13.23418,38.20905],[13.23534,38.21264]]],[[[13.18028,38.7206],[13.19699,38.71399],[13.20041,38.70954],[13.18597,38.69623],[13.17354,38.6919],[13.15279,38.69351],[13.15936,38.71198],[13.18028,38.7206]]],[[[14.84675,38.53794],[14.8311,38.54698],[14.8072,38.55303],[14.79647,38.56099],[14.79862,38.57038],[14.80673,38.58284],[14.84568,38.57944],[14.8668,38.58312],[14.87127,38.57748],[14.87365,38.56117],[14.86839,38.55206],[14.87144,38.53696],[14.85646,38.53419],[14.84675,38.53794]]],[[[14.96373,38.41211],[14.98523,38.40537],[14.99714,38.39625],[15.00607,38.37567],[15.0028,38.37086],[14.98335,38.36682],[14.97608,38.36917],[14.96113,38.38148],[14.94944,38.38464],[14.93933,38.40198],[14.93954,38.41133],[14.95394,38.41802],[14.95352,38.4281],[14.95955,38.43228],[14.96899,38.42544],[14.96249,38.41984],[14.96373,38.41211]]],[[[14.96247,38.52124],[14.96471,38.50604],[14.96148,38.49861],[14.96261,38.49092],[14.96813,38.48593],[14.98068,38.48315],[14.97829,38.47873],[14.96267,38.47886],[14.9553,38.47442],[14.95687,38.45965],[14.96265,38.45229],[14.95827,38.44192],[14.95321,38.43922],[14.94313,38.4435],[14.94197,38.45038],[14.93356,38.46061],[14.91218,38.4654],[14.89947,38.47912],[14.89767,38.48638],[14.90224,38.49484],[14.90496,38.51188],[14.9125,38.51843],[14.92619,38.523],[14.93853,38.51965],[14.96049,38.52339],[14.96247,38.52124]]],[[[14.35179,38.53064],[14.34148,38.53471],[14.34029,38.54825],[14.34805,38.55376],[14.36298,38.55404],[14.36649,38.54962],[14.36355,38.53784],[14.35935,38.5317],[14.35179,38.53064]]],[[[14.58709,38.55864],[14.59397,38.5576],[14.58569,38.55323],[14.56891,38.55876],[14.55577,38.55776],[14.54259,38.57083],[14.53955,38.5785],[14.54541,38.58525],[14.57569,38.58127],[14.58138,38.57262],[14.58038,38.56234],[14.58709,38.55864]]],[[[15.05852,38.62505],[15.05457,38.62919],[15.05905,38.6407],[15.06885,38.64729],[15.07687,38.64398],[15.0774,38.63567],[15.07365,38.62937],[15.05852,38.62505]]],[[[15.11811,38.66095],[15.1094,38.66344],[15.11468,38.66623],[15.11811,38.66095]]],[[[15.21509,38.77149],[15.19535,38.78017],[15.18854,38.78781],[15.18913,38.79555],[15.19908,38.79812],[15.21628,38.81172],[15.24227,38.80497],[15.2425,38.80025],[15.23082,38.78862],[15.22688,38.77723],[15.21509,38.77149]]],[[[12.53139,35.52913],[12.59316,35.52077],[12.60466,35.52596],[12.62792,35.52041],[12.63295,35.5175],[12.62531,35.51025],[12.63259,35.50137],[12.63269,35.49369],[12.60793,35.49525],[12.60426,35.50283],[12.59926,35.49554],[12.56879,35.51144],[12.52996,35.51585],[12.51775,35.52019],[12.53139,35.52913]]],[[[12.87727,35.87482],[12.88332,35.85992],[12.88094,35.85463],[12.85852,35.85536],[12.84849,35.86832],[12.86071,35.87579],[12.87727,35.87482]]],[[[15.14426,36.68228],[15.14629,36.68846],[15.15418,36.68893],[15.14426,36.68228]]]]}},{"type":"Feature","properties":{"terr":"Sardegna","key":"Sardegna"},"geometry":{"type":"MultiPolygon","coordinates":[[[[8.14076,40.60542],[8.1446,40.60454],[8.13781,40.6026],[8.14076,40.60542]]],[[[8.36788,40.49643],[8.36218,40.49507],[8.33921,40.50917],[8.31284,40.55988],[8.31777,40.57146],[8.30631,40.58607],[8.29504,40.59298],[8.28678,40.59518],[8.25846,40.58426],[8.25083,40.58442],[8.24567,40.58104],[8.24382,40.56987],[8.19815,40.57119],[8.20049,40.58004],[8.2175,40.59476],[8.21951,40.60101],[8.20975,40.61476],[8.19476,40.61842],[8.18912,40.61578],[8.18149,40.59784],[8.16311,40.58144],[8.1644,40.56032],[8.158,40.56731],[8.1593,40.57326],[8.15088,40.57943],[8.14829,40.60454],[8.14342,40.61554],[8.14486,40.62375],[8.18673,40.63919],[8.18938,40.65727],[8.19882,40.67329],[8.19644,40.67796],[8.20411,40.67959],[8.20503,40.68272],[8.20314,40.68846],[8.17475,40.69471],[8.17541,40.70147],[8.16949,40.70874],[8.15504,40.71615],[8.14834,40.72492],[8.13383,40.7314],[8.13519,40.73767],[8.15169,40.74886],[8.1659,40.76574],[8.16752,40.78022],[8.16088,40.79368],[8.17576,40.80097],[8.19171,40.82154],[8.19534,40.83504],[8.21826,40.8685],[8.2194,40.88173],[8.2238,40.88638],[8.21932,40.90009],[8.19233,40.91284],[8.18872,40.91802],[8.19078,40.92441],[8.17581,40.93495],[8.2014,40.97084],[8.20549,40.97056],[8.22648,40.95314],[8.23838,40.95291],[8.22953,40.93794],[8.23599,40.91704],[8.2327,40.91084],[8.25111,40.88941],[8.30211,40.85071],[8.31474,40.84449],[8.34334,40.84072],[8.35015,40.85035],[8.36251,40.85292],[8.38472,40.85117],[8.36235,40.85273],[8.35132,40.85031],[8.34791,40.83978],[8.41366,40.839],[8.44931,40.82126],[8.49596,40.82059],[8.54639,40.82772],[8.58952,40.84201],[8.62446,40.86383],[8.63237,40.88133],[8.65766,40.89477],[8.68453,40.90359],[8.69892,40.91455],[8.72704,40.91279],[8.74286,40.91854],[8.76845,40.91589],[8.7899,40.92217],[8.83655,40.95722],[8.873,40.99546],[8.87703,41.00431],[8.87988,41.02866],[8.89258,41.02793],[8.90607,41.03652],[8.91594,41.0358],[8.92901,41.04366],[8.97607,41.08394],[8.991,41.1039],[8.9993,41.10454],[8.99683,41.10692],[9.01325,41.12542],[9.04624,41.13792],[9.05084,41.13742],[9.05825,41.12803],[9.08622,41.12799],[9.11018,41.13493],[9.12287,41.14697],[9.11888,41.15154],[9.12097,41.15533],[9.12458,41.15636],[9.12921,41.15261],[9.15249,41.15542],[9.17111,41.17396],[9.17106,41.17704],[9.15822,41.18356],[9.15411,41.19721],[9.15575,41.20247],[9.16055,41.20468],[9.16726,41.22941],[9.15997,41.23583],[9.14817,41.23077],[9.14131,41.23237],[9.13806,41.23841],[9.14424,41.24695],[9.16071,41.24218],[9.15825,41.23939],[9.16274,41.23561],[9.18114,41.2481],[9.1932,41.24766],[9.19507,41.24247],[9.22524,41.25924],[9.23507,41.25915],[9.23701,41.24605],[9.25973,41.24206],[9.28053,41.22784],[9.28127,41.21644],[9.26965,41.19668],[9.27672,41.19317],[9.27993,41.19382],[9.28066,41.20616],[9.28667,41.21922],[9.30091,41.20207],[9.28887,41.19766],[9.28946,41.19336],[9.30188,41.19063],[9.31553,41.19203],[9.31842,41.19457],[9.31727,41.20298],[9.32034,41.20307],[9.32258,41.19847],[9.31896,41.19387],[9.33187,41.18532],[9.3413,41.19213],[9.33032,41.19499],[9.33851,41.20097],[9.3382,41.20469],[9.34889,41.20745],[9.35417,41.20264],[9.36331,41.20758],[9.3653,41.19325],[9.37024,41.18324],[9.38086,41.1877],[9.38544,41.18067],[9.40634,41.17642],[9.41919,41.179],[9.42328,41.17681],[9.42176,41.16621],[9.40942,41.16266],[9.40513,41.15793],[9.42972,41.15476],[9.43216,41.15153],[9.43285,41.14745],[9.42895,41.14483],[9.44217,41.13099],[9.44013,41.12348],[9.44248,41.10181],[9.44974,41.10269],[9.45509,41.11389],[9.47171,41.12571],[9.47254,41.1341],[9.46377,41.13678],[9.46693,41.1435],[9.48109,41.14048],[9.48568,41.14643],[9.51016,41.14073],[9.51787,41.14442],[9.51433,41.15499],[9.51949,41.1569],[9.52615,41.15684],[9.53642,41.13791],[9.53017,41.13816],[9.52607,41.13634],[9.52662,41.13374],[9.53954,41.13613],[9.54579,41.13369],[9.53888,41.12269],[9.54065,41.11424],[9.54718,41.11257],[9.55376,41.11912],[9.56088,41.11982],[9.56689,41.11587],[9.57063,41.10052],[9.56071,41.0844],[9.5486,41.07993],[9.54459,41.08166],[9.54493,41.088],[9.54089,41.09002],[9.52951,41.07336],[9.5325,41.06178],[9.52293,41.05208],[9.52647,41.04252],[9.51387,41.01767],[9.50776,41.01554],[9.50592,41.00943],[9.51332,41.00788],[9.52499,41.01111],[9.52991,41.01888],[9.52732,41.02232],[9.5284,41.03012],[9.54,41.02979],[9.56122,41.03771],[9.56288,41.02523],[9.5509,41.00694],[9.55548,41.00377],[9.5713,41.00461],[9.57399,41.00826],[9.57333,41.00422],[9.57684,41.00286],[9.5915,41.01434],[9.59508,41.02273],[9.60823,41.01819],[9.62146,41.00613],[9.63091,41.00213],[9.64253,41.00087],[9.65599,41.00451],[9.66488,40.99545],[9.65144,40.98415],[9.63451,40.98854],[9.62467,40.99484],[9.62052,41.00206],[9.61097,41.00322],[9.58534,40.98802],[9.58254,40.983],[9.58288,40.97596],[9.59388,40.96848],[9.56815,40.94244],[9.56822,40.93568],[9.57526,40.93395],[9.57483,40.92799],[9.56289,40.92399],[9.53913,40.92587],[9.53457,40.93259],[9.52386,40.93352],[9.50237,40.92747],[9.50381,40.91269],[9.52944,40.91395],[9.54635,40.91939],[9.56336,40.91906],[9.57594,40.90405],[9.58866,40.89961],[9.60591,40.91043],[9.60739,40.91647],[9.6136,40.9198],[9.63024,40.91782],[9.64429,40.92001],[9.6452,40.91764],[9.62462,40.89626],[9.61536,40.89478],[9.61595,40.88959],[9.63533,40.88459],[9.64066,40.87426],[9.64804,40.87699],[9.64578,40.87999],[9.65074,40.87939],[9.65663,40.87502],[9.65245,40.86085],[9.66518,40.85329],[9.67774,40.86166],[9.68476,40.85959],[9.69352,40.84637],[9.71618,40.84237],[9.72791,40.84448],[9.72422,40.83812],[9.7139,40.83306],[9.69059,40.83712],[9.6863,40.83524],[9.68063,40.82309],[9.68916,40.8178],[9.69192,40.8113],[9.68825,40.80626],[9.68139,40.80904],[9.67369,40.80446],[9.67028,40.79565],[9.67139,40.78467],[9.68669,40.7665],[9.70359,40.75562],[9.71496,40.75313],[9.71795,40.7483],[9.71351,40.74627],[9.71154,40.74028],[9.71497,40.70988],[9.72207,40.70037],[9.74218,40.69137],[9.74969,40.67993],[9.75174,40.67391],[9.74983,40.65558],[9.74354,40.64971],[9.7415,40.63653],[9.74314,40.62562],[9.75322,40.61524],[9.7507,40.61226],[9.75176,40.60087],[9.76281,40.58773],[9.78836,40.57279],[9.79395,40.55715],[9.79165,40.55049],[9.79618,40.54432],[9.80936,40.53691],[9.81496,40.53729],[9.82842,40.52838],[9.81995,40.49618],[9.79259,40.44306],[9.78329,40.43874],[9.77678,40.42864],[9.77307,40.40724],[9.76387,40.39072],[9.75473,40.38128],[9.74174,40.38139],[9.7305,40.37548],[9.68472,40.33939],[9.63163,40.27653],[9.62392,40.25278],[9.62421,40.23538],[9.62868,40.22453],[9.62571,40.20793],[9.63412,40.17979],[9.64359,40.17376],[9.66141,40.13908],[9.68358,40.1168],[9.68501,40.11165],[9.72892,40.09083],[9.73388,40.08611],[9.73568,40.07749],[9.72752,40.0705],[9.72053,40.049],[9.70549,40.03357],[9.69983,40.0175],[9.69998,40.00073],[9.68664,39.98417],[9.68685,39.94842],[9.69974,39.93591],[9.70572,39.93672],[9.70791,39.9409],[9.7128,39.93895],[9.71583,39.92838],[9.71319,39.9218],[9.70569,39.92465],[9.69338,39.91928],[9.68199,39.90028],[9.68258,39.87001],[9.69673,39.85343],[9.68288,39.83679],[9.67422,39.81037],[9.66843,39.77675],[9.66826,39.76709],[9.67327,39.75502],[9.67141,39.75374],[9.67469,39.75155],[9.67359,39.72061],[9.67595,39.71089],[9.66866,39.70113],[9.65998,39.69743],[9.6642,39.68264],[9.65121,39.66406],[9.64719,39.6517],[9.65776,39.59852],[9.65551,39.57048],[9.64976,39.56088],[9.65136,39.54925],[9.64314,39.54613],[9.63964,39.54132],[9.63145,39.50274],[9.63259,39.49679],[9.64472,39.49031],[9.64126,39.4826],[9.64595,39.46139],[9.63882,39.439],[9.63117,39.43348],[9.60789,39.3882],[9.59811,39.35265],[9.59899,39.33095],[9.60489,39.31798],[9.61281,39.31157],[9.61931,39.31158],[9.62845,39.30634],[9.63324,39.29578],[9.62137,39.29849],[9.60694,39.29423],[9.58181,39.26459],[9.57018,39.23929],[9.56274,39.19648],[9.56444,39.18897],[9.57786,39.1844],[9.5789,39.17559],[9.57001,39.17022],[9.56624,39.15576],[9.56841,39.15327],[9.56039,39.13723],[9.54896,39.13237],[9.53822,39.13272],[9.52095,39.11764],[9.5183,39.10514],[9.52379,39.09467],[9.50314,39.10795],[9.50506,39.11974],[9.50733,39.11676],[9.50964,39.12146],[9.5029,39.13116],[9.48441,39.13567],[9.45251,39.12991],[9.44671,39.12563],[9.44229,39.12694],[9.43765,39.12201],[9.43391,39.1306],[9.40789,39.14387],[9.4035,39.1446],[9.4009,39.14092],[9.39227,39.14459],[9.39464,39.15505],[9.37106,39.17378],[9.35001,39.17839],[9.34154,39.18621],[9.33872,39.1936],[9.32093,39.20449],[9.30438,39.20482],[9.29749,39.21325],[9.24738,39.21644],[9.23036,39.22795],[9.20985,39.22682],[9.18182,39.21666],[9.16478,39.20436],[9.15986,39.19367],[9.16892,39.18816],[9.16443,39.18208],[9.15867,39.18132],[9.14601,39.18395],[9.11546,39.21168],[9.09592,39.21411],[9.06123,39.19341],[9.03021,39.16354],[9.0182,39.1474],[9.00892,39.12128],[9.01616,39.10565],[9.01428,39.09854],[9.01652,39.08666],[9.04579,39.05614],[9.04087,39.04179],[9.02437,39.02017],[9.02419,39.00376],[9.01183,38.98715],[8.996,38.98526],[8.99012,38.97491],[8.92088,38.92511],[8.90315,38.9051],[8.87989,38.89538],[8.8546,38.87855],[8.84641,38.87682],[8.83886,38.88055],[8.83267,38.87734],[8.82186,38.89325],[8.80598,38.89966],[8.79892,38.89472],[8.78355,38.8984],[8.78047,38.91306],[8.76202,38.91698],[8.72261,38.93773],[8.71464,38.92501],[8.69339,38.91863],[8.68171,38.90936],[8.67156,38.90817],[8.66412,38.91251],[8.66384,38.90773],[8.67026,38.89716],[8.66455,38.894],[8.65611,38.89829],[8.64967,38.89489],[8.64825,38.88688],[8.65327,38.8831],[8.65662,38.87065],[8.63993,38.86495],[8.63659,38.86793],[8.64576,38.8761],[8.64067,38.88003],[8.648,38.89229],[8.64639,38.89422],[8.632,38.89545],[8.62142,38.89032],[8.60666,38.89284],[8.60697,38.9053],[8.61834,38.9159],[8.62359,38.93756],[8.61569,38.9541],[8.6073,38.96165],[8.59783,38.96247],[8.58709,38.95542],[8.5854,38.95818],[8.58881,38.96447],[8.56501,38.99976],[8.56671,39.01184],[8.57389,39.0157],[8.57639,39.02185],[8.57141,39.03798],[8.56315,39.04622],[8.54854,39.04444],[8.52717,39.05915],[8.51164,39.06232],[8.49867,39.06339],[8.46611,39.05701],[8.46846,39.04918],[8.45103,39.01829],[8.45142,38.98945],[8.44054,38.97822],[8.44476,38.96992],[8.43029,38.96005],[8.41705,38.96017],[8.41409,38.95526],[8.40321,38.96231],[8.4037,38.97398],[8.39697,38.97593],[8.39433,38.98938],[8.3891,38.99191],[8.38268,39.00291],[8.38384,39.0061],[8.37107,39.01873],[8.37409,39.02296],[8.37045,39.02174],[8.36042,39.03768],[8.35722,39.0637],[8.34978,39.0764],[8.34973,39.08303],[8.35361,39.08093],[8.35855,39.08662],[8.35075,39.09751],[8.3603,39.10487],[8.36033,39.10995],[8.37126,39.11353],[8.37373,39.1139],[8.38037,39.09964],[8.40933,39.10183],[8.42574,39.10892],[8.43152,39.09592],[8.45649,39.08374],[8.45909,39.06577],[8.46458,39.058],[8.47785,39.06077],[8.4776,39.06945],[8.48846,39.08474],[8.48596,39.0848],[8.48772,39.08885],[8.47916,39.09341],[8.46683,39.11861],[8.46092,39.12125],[8.44268,39.11652],[8.43737,39.12015],[8.43353,39.12985],[8.43858,39.14113],[8.43712,39.15596],[8.41291,39.17398],[8.40757,39.16322],[8.41652,39.1548],[8.41259,39.1512],[8.40679,39.1587],[8.40142,39.17912],[8.39944,39.19004],[8.40145,39.19374],[8.39633,39.1993],[8.38948,39.1984],[8.38035,39.20312],[8.36826,39.21552],[8.36665,39.22817],[8.40093,39.25269],[8.41096,39.2644],[8.42531,39.26951],[8.43699,39.292],[8.43168,39.31173],[8.41785,39.3237],[8.42037,39.33259],[8.41582,39.33615],[8.39669,39.33768],[8.38796,39.35241],[8.38554,39.36555],[8.37634,39.36862],[8.37314,39.3738],[8.37589,39.37693],[8.37934,39.37395],[8.38602,39.39363],[8.40243,39.40472],[8.41272,39.4269],[8.4109,39.44118],[8.39266,39.4468],[8.38457,39.455],[8.38562,39.47118],[8.39013,39.47833],[8.40884,39.49174],[8.45112,39.54565],[8.45492,39.56356],[8.46458,39.57749],[8.4635,39.58765],[8.47057,39.59894],[8.46555,39.61619],[8.45395,39.62046],[8.44956,39.63422],[8.45388,39.65984],[8.45913,39.66813],[8.44437,39.67834],[8.44479,39.68527],[8.44832,39.68594],[8.45211,39.69313],[8.45535,39.70896],[8.44648,39.71807],[8.44894,39.72065],[8.44916,39.74009],[8.44406,39.75816],[8.4513,39.76959],[8.45985,39.76844],[8.46887,39.75803],[8.47225,39.74861],[8.49839,39.71834],[8.49249,39.7162],[8.50222,39.71303],[8.50805,39.72439],[8.50397,39.72872],[8.52108,39.74601],[8.51311,39.75337],[8.53093,39.76974],[8.54537,39.79519],[8.55459,39.8373],[8.55391,39.85757],[8.57046,39.86385],[8.54424,39.86601],[8.53975,39.86916],[8.54561,39.87598],[8.54055,39.88359],[8.54454,39.88465],[8.53173,39.89742],[8.5097,39.90774],[8.49104,39.90541],[8.49412,39.90862],[8.49186,39.90962],[8.46646,39.90362],[8.46827,39.8997],[8.44193,39.88002],[8.44039,39.8648],[8.43557,39.85802],[8.43175,39.8622],[8.43853,39.86858],[8.43471,39.8841],[8.42043,39.89589],[8.41011,39.90109],[8.40214,39.89851],[8.39881,39.90374],[8.40136,39.95699],[8.39765,39.97032],[8.3914,39.97554],[8.41111,39.99935],[8.41047,40.01021],[8.41408,40.017],[8.40188,40.03253],[8.37826,40.02893],[8.37626,40.03577],[8.38647,40.04418],[8.39657,40.04398],[8.39912,40.05127],[8.40345,40.05113],[8.40697,40.04351],[8.41191,40.04115],[8.42396,40.04344],[8.43305,40.05012],[8.44357,40.04772],[8.4537,40.05081],[8.4892,40.07963],[8.49293,40.08665],[8.488,40.09429],[8.4849,40.11778],[8.47168,40.13043],[8.45952,40.15168],[8.46144,40.17182],[8.45576,40.17668],[8.46766,40.19949],[8.4621,40.21404],[8.47914,40.2679],[8.48384,40.27367],[8.4829,40.28553],[8.46449,40.30016],[8.46427,40.30582],[8.46788,40.30646],[8.45907,40.31936],[8.44298,40.31881],[8.42754,40.33556],[8.39028,40.33759],[8.3843,40.34361],[8.37913,40.36044],[8.38917,40.36593],[8.40153,40.4091],[8.3982,40.42998],[8.38413,40.45794],[8.37407,40.49058],[8.36788,40.49643]]],[[[9.57573,41.06103],[9.56918,41.06414],[9.57519,41.06962],[9.57916,41.0658],[9.57573,41.06103]]],[[[9.61002,41.07972],[9.60606,41.07097],[9.59676,41.07603],[9.60683,41.08192],[9.60963,41.08244],[9.61002,41.07972]]],[[[9.56658,41.12477],[9.56352,41.12551],[9.56858,41.1287],[9.56658,41.12477]]],[[[9.52305,41.16188],[9.51671,41.16666],[9.52799,41.16349],[9.52305,41.16188]]],[[[9.46154,41.17272],[9.45898,41.17284],[9.46092,41.17603],[9.46154,41.17272]]],[[[9.41004,41.18643],[9.39685,41.19037],[9.39808,41.19772],[9.41352,41.20728],[9.41955,41.20752],[9.42248,41.19353],[9.41877,41.18854],[9.41004,41.18643]]],[[[9.41722,41.21006],[9.41515,41.21345],[9.41773,41.2151],[9.41722,41.21006]]],[[[9.47128,41.24559],[9.47381,41.23944],[9.48167,41.23612],[9.48236,41.22459],[9.4887,41.22025],[9.48034,41.21086],[9.47883,41.19952],[9.46477,41.18947],[9.46379,41.18439],[9.47972,41.18719],[9.48167,41.18278],[9.46908,41.18031],[9.45535,41.18618],[9.45315,41.19236],[9.44746,41.19088],[9.44179,41.18149],[9.4366,41.18089],[9.43358,41.19],[9.4435,41.19048],[9.4407,41.19549],[9.44354,41.20293],[9.45646,41.20021],[9.4481,41.21249],[9.44756,41.21545],[9.45179,41.21788],[9.44886,41.22427],[9.45537,41.22381],[9.4586,41.22822],[9.45946,41.2426],[9.47128,41.24559]]],[[[9.32524,41.2491],[9.32234,41.24815],[9.32115,41.2509],[9.32444,41.25245],[9.32524,41.2491]]],[[[9.3438,41.25097],[9.35018,41.25182],[9.36063,41.24249],[9.35814,41.23639],[9.34567,41.22893],[9.33286,41.23563],[9.33321,41.24806],[9.33968,41.25351],[9.3438,41.25097]]],[[[9.43132,41.25921],[9.42685,41.25671],[9.43009,41.24806],[9.43574,41.24901],[9.43836,41.23536],[9.44279,41.23715],[9.44771,41.23297],[9.44001,41.22318],[9.43806,41.21417],[9.4208,41.21354],[9.41659,41.21687],[9.40136,41.21022],[9.38133,41.21033],[9.37383,41.22738],[9.37805,41.23466],[9.39007,41.23657],[9.40054,41.24291],[9.40473,41.2551],[9.41333,41.25073],[9.41602,41.25681],[9.41256,41.25909],[9.41436,41.26805],[9.42202,41.26802],[9.43132,41.25921]]],[[[9.35511,41.27664],[9.34898,41.27589],[9.33515,41.28351],[9.34735,41.28922],[9.35584,41.28872],[9.35813,41.28657],[9.35511,41.27664]]],[[[9.40136,41.29269],[9.39631,41.29456],[9.39925,41.29868],[9.40136,41.29269]]],[[[9.38075,41.3076],[9.38468,41.29833],[9.36501,41.28756],[9.36106,41.29704],[9.38075,41.3076]]],[[[9.34337,41.30713],[9.35327,41.30348],[9.35921,41.29422],[9.35434,41.29303],[9.34789,41.29656],[9.34788,41.29947],[9.33333,41.30139],[9.33822,41.30881],[9.34337,41.30713]]],[[[9.37671,41.30796],[9.37014,41.30956],[9.37925,41.31174],[9.38035,41.3084],[9.37671,41.30796]]],[[[9.73097,40.87543],[9.73635,40.87618],[9.74216,40.87069],[9.73645,40.85949],[9.71008,40.8693],[9.71581,40.87632],[9.73097,40.87543]]],[[[9.73413,40.92262],[9.73981,40.91978],[9.74163,40.91108],[9.72081,40.905],[9.69278,40.88785],[9.68625,40.8916],[9.67309,40.88905],[9.67354,40.89177],[9.72005,40.9149],[9.73739,40.92768],[9.73413,40.92262]]],[[[8.21502,40.98283],[8.22648,40.9762],[8.2245,40.97011],[8.21529,40.96823],[8.21156,40.97885],[8.21502,40.98283]]],[[[8.3254,41.10553],[8.33075,41.09965],[8.34473,41.09737],[8.35042,41.08839],[8.33634,41.08045],[8.33485,41.07379],[8.3406,41.07128],[8.33235,41.04996],[8.32195,41.05585],[8.28337,41.06444],[8.27267,41.05437],[8.25732,41.05126],[8.26723,41.04611],[8.23458,41.02414],[8.2489,41.02696],[8.249,41.01772],[8.26359,41.00267],[8.25583,40.98497],[8.23258,40.98936],[8.21029,40.98776],[8.21296,41.0076],[8.22191,41.01104],[8.22928,41.0232],[8.21804,41.02825],[8.22032,41.0409],[8.24876,41.04905],[8.26666,41.07322],[8.28529,41.07674],[8.28185,41.08785],[8.27255,41.09625],[8.27519,41.10428],[8.30082,41.10494],[8.311,41.10854],[8.31178,41.11746],[8.31833,41.12077],[8.3289,41.11087],[8.3254,41.10553]]],[[[9.18512,41.24931],[9.18255,41.24997],[9.18369,41.25225],[9.18512,41.24931]]],[[[9.23875,41.25287],[9.23649,41.25303],[9.23786,41.25499],[9.23875,41.25287]]],[[[8.86358,41.01248],[8.86117,41.01574],[8.86402,41.01564],[8.86358,41.01248]]],[[[9.64454,40.97812],[9.63989,40.98279],[9.64497,40.98201],[9.64454,40.97812]]],[[[8.3125,39.99526],[8.31048,39.9888],[8.30132,39.9865],[8.30101,39.99091],[8.3125,39.99526]]],[[[8.30821,39.18018],[8.30865,39.16598],[8.30594,39.16026],[8.31012,39.14943],[8.3076,39.13014],[8.31018,39.11293],[8.30485,39.10179],[8.29017,39.09551],[8.2548,39.10386],[8.24791,39.10848],[8.25284,39.11527],[8.25032,39.1334],[8.23428,39.14333],[8.22438,39.14083],[8.2196,39.14758],[8.23052,39.16436],[8.24944,39.17041],[8.25638,39.16891],[8.27168,39.1798],[8.29648,39.17895],[8.3091,39.18792],[8.30821,39.18018]]],[[[8.32412,39.18931],[8.3189,39.18931],[8.31712,39.19223],[8.31995,39.19538],[8.32493,39.19175],[8.32412,39.18931]]],[[[8.41001,38.86321],[8.41239,38.86127],[8.40851,38.85919],[8.41001,38.86321]]],[[[8.71686,38.9127],[8.71424,38.91404],[8.71829,38.91627],[8.71686,38.9127]]],[[[9.53514,39.08814],[9.53502,39.08225],[9.52675,39.08466],[9.52931,39.09013],[9.53514,39.08814]]],[[[9.60644,39.14471],[9.60788,39.1378],[9.60494,39.13346],[9.60361,39.13963],[9.60644,39.14471]]]]}},{"type":"Feature","properties":{"terr":"P.A. Bolzano","key":"P.A. Bolzano"},"geometry":{"type":"Polygon","coordinates":[[[11.4769,46.36393],[11.47956,46.35613],[11.46207,46.34995],[11.45447,46.33473],[11.4205,46.32542],[11.40425,46.32497],[11.39578,46.30997],[11.38534,46.30266],[11.35953,46.2996],[11.35893,46.29612],[11.38128,46.29116],[11.38678,46.2801],[11.39468,46.27377],[11.39762,46.26483],[11.38782,46.26136],[11.35878,46.26567],[11.3562,46.27641],[11.34193,46.28185],[11.33632,46.28963],[11.34034,46.29788],[11.33807,46.29871],[11.32323,46.29262],[11.31088,46.28128],[11.31585,46.27327],[11.30562,46.25877],[11.29081,46.26155],[11.23947,46.22838],[11.20643,46.21977],[11.18365,46.2258],[11.17464,46.23267],[11.18251,46.24987],[11.20238,46.2556],[11.19828,46.25893],[11.19095,46.25747],[11.16714,46.26215],[11.14997,46.2798],[11.13881,46.28333],[11.14367,46.28839],[11.16288,46.29117],[11.17862,46.30707],[11.20355,46.34184],[11.19156,46.35979],[11.19376,46.36503],[11.20564,46.36717],[11.20173,46.37454],[11.21238,46.3935],[11.21523,46.40681],[11.20721,46.41664],[11.21176,46.42092],[11.20503,46.42682],[11.21649,46.43766],[11.21776,46.44188],[11.21237,46.45536],[11.21818,46.45624],[11.2204,46.46024],[11.21786,46.47286],[11.21224,46.47739],[11.2083,46.49584],[11.18708,46.50873],[11.17861,46.49877],[11.16015,46.48873],[11.12968,46.48163],[11.12246,46.49066],[11.11133,46.49751],[11.10391,46.49636],[11.08945,46.50185],[11.08243,46.53137],[11.05376,46.51641],[11.0346,46.51378],[11.04901,46.50704],[11.06196,46.48624],[11.06708,46.46738],[11.07469,46.45482],[11.07627,46.44592],[11.07282,46.44149],[11.05398,46.44972],[11.04208,46.44666],[11.0292,46.46203],[11.01119,46.47019],[11.00586,46.4768],[10.98851,46.48355],[10.97575,46.48403],[10.96378,46.48207],[10.95656,46.47044],[10.93718,46.46708],[10.93092,46.45862],[10.93221,46.45356],[10.91304,46.444],[10.89222,46.44465],[10.88363,46.45116],[10.86132,46.43613],[10.80038,46.44297],[10.76498,46.48596],[10.74473,46.48485],[10.719,46.46622],[10.71664,46.46162],[10.69594,46.45831],[10.68464,46.45147],[10.66794,46.45228],[10.63882,46.44608],[10.62184,46.44796],[10.60049,46.46866],[10.57708,46.47337],[10.56003,46.48275],[10.55196,46.49146],[10.49329,46.49811],[10.48453,46.4936],[10.47612,46.49553],[10.45794,46.51059],[10.45318,46.53205],[10.46161,46.5411],[10.47257,46.54356],[10.47746,46.55772],[10.47498,46.5666],[10.48558,46.58554],[10.48431,46.60471],[10.49229,46.61512],[10.48721,46.61561],[10.46248,46.63332],[10.44595,46.6411],[10.40913,46.63496],[10.39998,46.63846],[10.40167,46.64161],[10.39414,46.65475],[10.39225,46.67127],[10.38611,46.68018],[10.38742,46.68728],[10.40323,46.70534],[10.41505,46.70835],[10.41827,46.71781],[10.40051,46.73296],[10.43478,46.75219],[10.442,46.75267],[10.44191,46.77122],[10.42467,46.78879],[10.42986,46.79662],[10.44842,46.80155],[10.45796,46.81615],[10.45763,46.82885],[10.46856,46.84708],[10.46958,46.85484],[10.47894,46.85888],[10.49894,46.84751],[10.52705,46.84667],[10.55263,46.84978],[10.55631,46.84687],[10.55072,46.83917],[10.57051,46.84245],[10.59643,46.8573],[10.62374,46.86403],[10.64389,46.86543],[10.66793,46.87589],[10.67145,46.8707],[10.68826,46.86762],[10.69694,46.86268],[10.69378,46.85236],[10.71031,46.84679],[10.72332,46.83739],[10.75463,46.83259],[10.76336,46.82327],[10.74581,46.80438],[10.72606,46.79774],[10.73049,46.78791],[10.7569,46.78525],[10.78878,46.7947],[10.81412,46.77541],[10.82706,46.77428],[10.83207,46.78047],[10.8407,46.78169],[10.85196,46.77439],[10.86716,46.77237],[10.86896,46.76574],[10.8832,46.76311],[10.9232,46.77492],[10.95259,46.77477],[10.99343,46.76709],[11.01363,46.77207],[11.02214,46.76517],[11.0398,46.80508],[11.08345,46.82222],[11.07575,46.8359],[11.07142,46.85286],[11.08956,46.87893],[11.10155,46.88986],[11.09498,46.90748],[11.0959,46.91223],[11.10897,46.91623],[11.10988,46.92684],[11.11501,46.93101],[11.13955,46.92763],[11.16519,46.94071],[11.16834,46.94466],[11.16273,46.95016],[11.16453,46.96557],[11.17613,46.96253],[11.1878,46.96981],[11.19518,46.97011],[11.20292,46.96811],[11.20687,46.9626],[11.22013,46.96903],[11.24139,46.96962],[11.26277,46.98034],[11.31027,46.98568],[11.31931,46.99243],[11.33522,46.98659],[11.35829,46.99036],[11.37559,46.97974],[11.38077,46.97304],[11.40091,46.96524],[11.42402,46.96912],[11.44209,46.9765],[11.4529,46.99211],[11.46985,46.99518],[11.47038,47.00283],[11.47932,47.01091],[11.49874,47.00956],[11.5126,47.00467],[11.53272,46.9914],[11.53808,46.98411],[11.57709,46.99557],[11.58105,46.99738],[11.58079,47.00149],[11.58885,47.00465],[11.62721,47.01258],[11.63581,47.0027],[11.6641,46.99263],[11.71123,46.99302],[11.72796,46.97233],[11.74717,46.9689],[11.76678,46.97758],[11.78178,46.99206],[11.81473,46.9897],[11.83621,46.9929],[11.86055,47.00842],[11.89362,47.0185],[11.91533,47.03255],[11.93208,47.03761],[11.94266,47.036],[11.9684,47.04061],[11.97888,47.04983],[12.02115,47.04698],[12.03063,47.05014],[12.03532,47.05792],[12.04304,47.06126],[12.07005,47.05993],[12.09367,47.07665],[12.10328,47.07799],[12.12155,47.0746],[12.13652,47.08052],[12.16101,47.08159],[12.18668,47.09178],[12.22589,47.08259],[12.24019,47.06794],[12.21674,47.0585],[12.21632,47.04509],[12.20479,47.02789],[12.16992,47.02198],[12.14693,47.02424],[12.12715,47.01354],[12.12099,47.00665],[12.1367,46.983],[12.13589,46.9696],[12.13151,46.96295],[12.13807,46.95668],[12.15821,46.95066],[12.16821,46.93789],[12.16741,46.93284],[12.14413,46.91401],[12.16137,46.90701],[12.17074,46.90922],[12.19016,46.90623],[12.19932,46.8963],[12.20009,46.88839],[12.21623,46.87387],[12.22195,46.8799],[12.232,46.8805],[12.2362,46.88852],[12.24219,46.89108],[12.27402,46.8844],[12.2781,46.87862],[12.27556,46.87286],[12.29199,46.86511],[12.28922,46.85684],[12.29611,46.84347],[12.30692,46.84094],[12.30618,46.83394],[12.28243,46.81499],[12.29256,46.8025],[12.28055,46.79138],[12.28384,46.7829],[12.30959,46.78477],[12.35741,46.77466],[12.36912,46.74041],[12.37792,46.72193],[12.38369,46.71656],[12.4429,46.68813],[12.47356,46.68688],[12.47748,46.68289],[12.47518,46.67888],[12.43424,46.66828],[12.40575,46.6432],[12.37977,46.64291],[12.3784,46.63669],[12.38993,46.62739],[12.38516,46.62278],[12.3601,46.61948],[12.34674,46.62417],[12.3397,46.63138],[12.31602,46.62994],[12.31379,46.62333],[12.3055,46.61917],[12.28384,46.61793],[12.27007,46.62103],[12.26122,46.62912],[12.24465,46.6241],[12.24184,46.61632],[12.21242,46.60896],[12.20379,46.59928],[12.19224,46.59456],[12.19426,46.61933],[12.1822,46.62102],[12.17133,46.6341],[12.16109,46.63682],[12.14513,46.63407],[12.111,46.65298],[12.10746,46.65818],[12.08206,46.66747],[12.07551,46.67443],[12.06827,46.67507],[12.06655,46.65273],[12.07422,46.64262],[12.06923,46.64007],[12.06406,46.62169],[12.05302,46.61801],[12.04545,46.60795],[12.04962,46.59948],[12.04669,46.58472],[12.03418,46.57679],[11.99842,46.53286],[11.98756,46.5453],[11.96615,46.54468],[11.94953,46.53923],[11.94549,46.52942],[11.93389,46.5279],[11.91188,46.53296],[11.88497,46.52273],[11.85135,46.51784],[11.82831,46.50891],[11.82472,46.51385],[11.82549,46.52179],[11.81118,46.53276],[11.79362,46.52131],[11.79043,46.51401],[11.77464,46.50919],[11.74359,46.50495],[11.71972,46.51024],[11.71583,46.51385],[11.69509,46.50366],[11.66686,46.49752],[11.63667,46.50058],[11.63281,46.49929],[11.63394,46.49654],[11.64195,46.49264],[11.64363,46.48761],[11.65026,46.48307],[11.64458,46.47282],[11.64273,46.47594],[11.62476,46.47109],[11.6283,46.46377],[11.62212,46.45655],[11.61777,46.4441],[11.61936,46.42522],[11.60265,46.40049],[11.60172,46.38979],[11.59258,46.38364],[11.56367,46.38085],[11.5567,46.35857],[11.55725,46.35095],[11.54557,46.34558],[11.52599,46.35594],[11.4769,46.36393]]]}},{"type":"Feature","properties":{"terr":"P.A. Trento","key":"P.A. Trento"},"geometry":{"type":"Polygon","coordinates":[[[11.1459,45.71695],[11.13866,45.70932],[11.13585,45.69958],[11.13851,45.69685],[11.12256,45.68909],[11.1214,45.69554],[11.0924,45.69515],[11.07384,45.70306],[11.05641,45.71847],[11.04138,45.70632],[11.01647,45.70573],[11.01738,45.71892],[11.01147,45.71895],[11.0119,45.71489],[11.00756,45.71042],[10.99898,45.70761],[10.99763,45.69703],[10.98634,45.68881],[10.96832,45.68012],[10.97494,45.69597],[10.9722,45.70182],[10.962,45.68568],[10.95133,45.6845],[10.9445,45.67407],[10.93746,45.67342],[10.912,45.68831],[10.91878,45.70055],[10.88958,45.71507],[10.84383,45.71859],[10.84993,45.73578],[10.85569,45.74239],[10.86263,45.74366],[10.86694,45.76424],[10.88498,45.77465],[10.88382,45.77934],[10.8728,45.78856],[10.87669,45.80323],[10.88759,45.81165],[10.8834,45.81697],[10.82579,45.8377],[10.80358,45.83441],[10.79689,45.83629],[10.79168,45.8331],[10.7771,45.84309],[10.77263,45.84291],[10.76306,45.83996],[10.75635,45.83003],[10.74522,45.84044],[10.73555,45.84272],[10.72639,45.84237],[10.71101,45.83606],[10.69951,45.84166],[10.67572,45.83046],[10.65464,45.83263],[10.65475,45.82127],[10.65104,45.81249],[10.64141,45.80189],[10.63515,45.80667],[10.60098,45.803],[10.58218,45.7942],[10.58045,45.78889],[10.56347,45.78411],[10.53275,45.78806],[10.53088,45.79586],[10.53511,45.8017],[10.53319,45.80508],[10.52601,45.8057],[10.52971,45.80957],[10.53707,45.81056],[10.54363,45.81765],[10.52888,45.82655],[10.50857,45.82359],[10.50283,45.82973],[10.50591,45.84328],[10.50153,45.85855],[10.50231,45.87126],[10.49004,45.88461],[10.49508,45.89982],[10.50195,45.90035],[10.50769,45.90534],[10.50857,45.92357],[10.49124,45.93323],[10.49144,45.94195],[10.48471,45.94511],[10.48303,45.95193],[10.48987,45.96229],[10.48849,45.96935],[10.46752,45.97164],[10.45341,45.97655],[10.45213,45.97969],[10.45323,45.99093],[10.45719,45.99568],[10.45757,46.00951],[10.47082,46.02108],[10.48204,46.02124],[10.48471,46.02462],[10.48351,46.04377],[10.48137,46.04991],[10.47734,46.05132],[10.49092,46.06681],[10.51718,46.08008],[10.5414,46.10302],[10.5495,46.11739],[10.54927,46.14643],[10.55432,46.14878],[10.55729,46.1596],[10.56539,46.16684],[10.55455,46.18027],[10.5414,46.18862],[10.54972,46.20553],[10.57041,46.22321],[10.56822,46.23372],[10.58075,46.23963],[10.58573,46.24534],[10.57567,46.27568],[10.55972,46.28305],[10.57957,46.29883],[10.56451,46.31362],[10.56562,46.32634],[10.52838,46.34122],[10.51571,46.34322],[10.51947,46.35574],[10.54102,46.35523],[10.54664,46.36643],[10.56704,46.37793],[10.60747,46.37938],[10.63046,46.40255],[10.62107,46.41375],[10.61624,46.42878],[10.61972,46.43503],[10.61662,46.44364],[10.62179,46.44794],[10.63882,46.44608],[10.66794,46.45228],[10.68464,46.45147],[10.69594,46.45831],[10.71664,46.46162],[10.719,46.46622],[10.74523,46.48501],[10.76498,46.48596],[10.80063,46.44291],[10.86132,46.43613],[10.88363,46.45116],[10.89222,46.44465],[10.91247,46.44384],[10.93221,46.45356],[10.93092,46.45862],[10.93718,46.46708],[10.95656,46.47044],[10.96378,46.48207],[10.97575,46.48403],[10.98851,46.48355],[11.00586,46.4768],[11.01119,46.47019],[11.0292,46.46203],[11.04208,46.44666],[11.05398,46.44972],[11.07282,46.44149],[11.07627,46.44592],[11.07469,46.45482],[11.06708,46.46738],[11.06196,46.48624],[11.04901,46.50704],[11.0346,46.51378],[11.05376,46.51641],[11.08243,46.53137],[11.08945,46.50185],[11.10391,46.49636],[11.11133,46.49751],[11.12246,46.49066],[11.12968,46.48163],[11.16015,46.48873],[11.17861,46.49877],[11.18708,46.50873],[11.21026,46.49379],[11.21224,46.47739],[11.21786,46.47286],[11.2204,46.46024],[11.21818,46.45624],[11.21237,46.45536],[11.21776,46.44188],[11.21649,46.43766],[11.20503,46.4267],[11.21176,46.42092],[11.20721,46.41664],[11.21508,46.40444],[11.20173,46.37454],[11.20564,46.36717],[11.19376,46.36503],[11.19156,46.35979],[11.20355,46.34184],[11.17862,46.30707],[11.16288,46.29117],[11.14367,46.28839],[11.13881,46.28333],[11.14997,46.2798],[11.16714,46.26215],[11.19095,46.25747],[11.19828,46.25893],[11.20238,46.2556],[11.18359,46.25129],[11.17464,46.23267],[11.18365,46.2258],[11.20643,46.21977],[11.24895,46.23282],[11.29081,46.26155],[11.30562,46.25877],[11.31585,46.27327],[11.31088,46.28128],[11.32323,46.29262],[11.33097,46.29386],[11.33378,46.29772],[11.34034,46.29788],[11.33632,46.28963],[11.34193,46.28185],[11.3562,46.27641],[11.35878,46.26567],[11.38782,46.26136],[11.39762,46.26483],[11.39468,46.27377],[11.38678,46.2801],[11.38128,46.29116],[11.35893,46.29612],[11.35953,46.2996],[11.38534,46.30266],[11.39578,46.30997],[11.40425,46.32497],[11.4205,46.32542],[11.45447,46.33473],[11.46207,46.34995],[11.47956,46.35613],[11.4769,46.36393],[11.52599,46.35594],[11.54557,46.34558],[11.55725,46.35095],[11.5567,46.35857],[11.56367,46.38085],[11.59258,46.38364],[11.60172,46.38979],[11.60265,46.40049],[11.61936,46.42522],[11.61777,46.4441],[11.62212,46.45655],[11.6283,46.46377],[11.62476,46.47109],[11.64273,46.47594],[11.64458,46.47282],[11.65026,46.48307],[11.63281,46.49929],[11.66686,46.49752],[11.69509,46.50366],[11.71583,46.51385],[11.71972,46.51024],[11.74359,46.50495],[11.76291,46.50755],[11.79043,46.51401],[11.79362,46.52131],[11.80819,46.53188],[11.81157,46.53264],[11.82122,46.52541],[11.82549,46.52179],[11.82472,46.51385],[11.82831,46.50891],[11.81545,46.50032],[11.81039,46.48487],[11.81316,46.47814],[11.87716,46.47178],[11.88683,46.46457],[11.88911,46.44274],[11.87088,46.43321],[11.8503,46.43419],[11.83822,46.41523],[11.84369,46.40992],[11.83204,46.38719],[11.83539,46.36622],[11.82017,46.37662],[11.81593,46.37461],[11.81418,46.36775],[11.80172,46.36491],[11.79217,46.36782],[11.77438,46.35824],[11.7795,46.35164],[11.80234,46.34287],[11.80281,46.33322],[11.83185,46.32515],[11.83137,46.31338],[11.84145,46.30634],[11.83353,46.29912],[11.82626,46.28497],[11.83802,46.27035],[11.8629,46.27133],[11.88492,46.27889],[11.88836,46.27251],[11.88494,46.26073],[11.89431,46.25105],[11.90031,46.2537],[11.92162,46.24783],[11.9291,46.24883],[11.91813,46.23838],[11.90957,46.22443],[11.92424,46.21717],[11.92777,46.20905],[11.93936,46.19882],[11.9626,46.19966],[11.96227,46.18786],[11.94947,46.18163],[11.9509,46.17027],[11.92863,46.1758],[11.92833,46.16657],[11.92186,46.16229],[11.91832,46.15527],[11.92177,46.14934],[11.90124,46.13663],[11.90474,46.133],[11.88757,46.1187],[11.81968,46.10796],[11.81367,46.10227],[11.7801,46.1027],[11.77322,46.10669],[11.75869,46.0956],[11.75077,46.10514],[11.71802,46.10333],[11.70346,46.09049],[11.69185,46.09502],[11.68529,46.09357],[11.682,46.08693],[11.6865,46.066],[11.70389,46.05513],[11.70644,46.04599],[11.67883,46.04605],[11.66675,46.03795],[11.67304,46.02949],[11.68187,46.02842],[11.66665,46.0171],[11.69,45.98881],[11.68428,45.98408],[11.68232,45.97589],[11.6858,45.96929],[11.67323,45.96435],[11.62761,45.96064],[11.63068,45.96938],[11.62092,45.97156],[11.60909,45.96942],[11.59787,45.97207],[11.58759,45.969],[11.57723,46.00652],[11.567,46.00574],[11.55241,46.01177],[11.53891,46.0133],[11.51721,46.00918],[11.5107,46.012],[11.4912,46.00855],[11.48348,46.00067],[11.46805,45.99756],[11.44678,45.98089],[11.40015,45.9801],[11.37374,45.9835],[11.3724,45.97317],[11.37809,45.95637],[11.38331,45.95103],[11.38075,45.94267],[11.3583,45.94366],[11.36067,45.93477],[11.35806,45.92529],[11.34503,45.92094],[11.35069,45.91397],[11.34932,45.90953],[11.32417,45.91752],[11.31581,45.92345],[11.31302,45.92982],[11.30182,45.92469],[11.30289,45.91802],[11.2753,45.91969],[11.26994,45.91661],[11.25832,45.92068],[11.26124,45.91825],[11.26044,45.90921],[11.25697,45.90291],[11.24889,45.89918],[11.25463,45.89124],[11.25508,45.88401],[11.24644,45.88644],[11.23485,45.87966],[11.24065,45.87555],[11.24436,45.87695],[11.23932,45.85598],[11.22186,45.84896],[11.21845,45.84396],[11.21907,45.83272],[11.20313,45.82709],[11.18882,45.81357],[11.19351,45.79385],[11.20279,45.78337],[11.19007,45.78162],[11.17838,45.78811],[11.17355,45.78667],[11.18059,45.7658],[11.17506,45.74909],[11.17843,45.73807],[11.15319,45.71832],[11.1459,45.71695]]]}}]}